Engine_Size_L,Horsepower,Weight_kg,Mileage_km_per_year,Fuel_Tank_Capacity,Age_of_Car,Service_Visits_Per_Year,Fuel_Type,Transmission,Car_Brand,Road_Type,Owner_Type,Fuel_Efficiency_kmpl
2.5,120,1129,19670,62.02,12,1,Diesel,Manual,Toyota,Mixed,Third,38.31
4.8,140,1647,10966,53.42,14,3,Diesel,Automatic,Ford,City,First,25.12
3.93,117,2026,9670,72.9,10,5,Petrol,Manual,Hyundai,Highway,First,17.16
3.39,88,2111,10203,47.12,0,1,Electric,Manual,Honda,Mixed,Second,30.82
1.62,331,844,26518,43.33,6,5,Diesel,Automatic,Honda,Mixed,Third,40.06
1.62,153,1628,23274,79.24,7,3,Petrol,Manual,Ford,Mixed,Third,25.2
1.23,224,997,24589,75.56,11,4,Diesel,Manual,Honda,Mixed,Third,42.2
4.46,122,2039,13669,31.45,8,5,Petrol,Manual,Honda,Highway,Third,16.04
3.4,176,2304,19968,68.54,12,4,Petrol,Automatic,Ford,Mixed,Second,14.43
3.83,373,2132,7366,35.52,2,3,Diesel,Manual,Toyota,City,First,26.82
1.08,204,1695,28943,31.37,14,3,Petrol,Automatic,Ford,Mixed,Third,24.05
4.88,138,2258,23910,43.68,8,5,Diesel,Automatic,Hyundai,Mixed,Third,26.37
4.33,80,1131,29191,43.47,9,5,Petrol,Manual,BMW,Highway,Second,21.23
1.85,212,1495,5366,70.97,4,3,Electric,Manual,Toyota,City,Third,33.82
1.73,261,826,20647,65.53,9,5,Electric,Manual,Ford,City,Third,36.26
1.73,138,1989,27905,79.08,5,5,Diesel,Automatic,Toyota,Highway,First,40.28
2.22,92,1117,14907,65.58,0,5,Diesel,Automatic,BMW,Highway,Third,42.19
3.1,250,2097,11606,50.91,8,5,Diesel,Manual,Honda,City,Third,30.0
2.73,362,2206,5012,64.95,8,1,Diesel,Manual,Honda,City,First,28.97
2.16,78,1164,24623,79.97,5,3,Electric,Automatic,BMW,Mixed,Third,37.27
3.45,340,1926,7317,65.51,7,3,Diesel,Automatic,Honda,Highway,First,30.55
1.56,162,1759,25426,68.08,3,2,Petrol,Automatic,Toyota,City,Second,23.02
2.17,86,2326,20429,76.92,4,4,Petrol,Manual,Honda,City,First,20.58
2.47,223,1172,12485,35.68,4,2,Diesel,Manual,BMW,Highway,First,39.9
2.82,397,2439,21759,65.24,6,5,Petrol,Automatic,BMW,Highway,Third,16.41
4.14,218,1044,5256,72.54,6,5,Diesel,Automatic,BMW,City,Third,29.43
1.8,336,1992,21833,77.72,6,1,Petrol,Manual,Hyundai,Highway,Third,23.19
3.06,397,2451,20903,40.55,4,1,Petrol,Automatic,Toyota,City,Third,12.36
3.37,175,2476,8212,55.2,3,1,Diesel,Manual,BMW,City,First,29.35
1.19,104,2241,11175,64.03,7,1,Diesel,Automatic,Toyota,Mixed,Second,37.81
3.43,188,2179,27327,42.37,0,1,Electric,Automatic,Hyundai,Mixed,Third,29.44
1.68,83,1277,29410,60.02,0,1,Diesel,Automatic,Toyota,Highway,First,44.65
1.26,83,924,18571,42.88,5,1,Electric,Automatic,Ford,Highway,Second,42.44
4.8,335,1336,21087,46.67,1,1,Diesel,Manual,Hyundai,City,Second,28.24
4.86,209,1505,12446,52.08,11,1,Petrol,Automatic,Hyundai,Mixed,Second,11.75
4.23,363,2435,22692,56.46,2,3,Electric,Automatic,Honda,Highway,First,25.12
2.22,188,2225,19877,52.47,3,1,Petrol,Manual,BMW,City,Third,19.68
1.39,307,2340,29723,54.66,13,4,Diesel,Manual,Hyundai,Mixed,First,36.0
3.74,103,1330,17943,44.93,1,1,Diesel,Manual,Toyota,City,Third,34.2
2.76,238,1585,15306,37.95,9,5,Diesel,Automatic,Ford,Mixed,Second,33.46
1.49,79,1053,9016,32.37,6,5,Diesel,Manual,Toyota,City,Second,41.05
2.98,191,920,25324,39.8,14,1,Electric,Automatic,Toyota,Mixed,First,32.56
1.14,214,1855,28097,59.1,9,1,Electric,Manual,Ford,City,Second,35.73
4.64,292,1460,25455,69.31,0,5,Diesel,Automatic,Honda,City,First,28.18
2.04,326,1860,29491,38.46,2,4,Petrol,Manual,BMW,Highway,Third,24.36
3.65,337,2165,10912,35.43,1,2,Electric,Manual,Hyundai,Mixed,Second,26.66
2.25,73,1836,5442,67.46,12,3,Petrol,Manual,BMW,Mixed,Third,21.06
3.08,175,2006,7944,45.26,8,5,Diesel,Automatic,Honda,Highway,Second,33.3
3.19,154,2480,8936,77.57,7,1,Electric,Automatic,Ford,Highway,Third,28.8
1.74,283,2088,5398,65.72,2,3,Electric,Manual,BMW,City,Second,31.61
4.88,190,887,20696,46.34,4,1,Electric,Automatic,Toyota,Mixed,Third,28.02
4.1,201,2285,7995,44.48,2,2,Petrol,Automatic,Hyundai,City,Second,11.34
4.76,266,845,11329,56.18,13,2,Diesel,Automatic,Hyundai,City,First,26.76
4.58,88,2215,7216,33.96,10,5,Diesel,Automatic,Honda,City,Third,24.9
3.39,199,1942,23091,35.88,12,3,Electric,Automatic,Honda,Highway,Third,29.74
4.69,81,1732,16523,38.79,11,3,Electric,Manual,Ford,Mixed,First,26.56
1.35,150,2354,27150,68.74,10,2,Diesel,Automatic,Honda,Highway,First,39.1
1.78,399,2270,27061,55.69,11,1,Petrol,Manual,BMW,Highway,First,21.04
1.18,331,1544,7568,30.53,10,5,Electric,Manual,Hyundai,Mixed,Second,34.96
2.3,194,2429,29022,63.68,5,4,Petrol,Manual,Ford,Mixed,First,20.52
2.55,376,1766,5160,51.18,4,2,Petrol,Automatic,Honda,Highway,Second,18.94
2.09,336,1562,20648,55.54,10,2,Diesel,Automatic,Toyota,Highway,Second,36.73
4.31,209,1561,13067,40.71,1,5,Diesel,Manual,Hyundai,Highway,First,33.39
2.43,398,1593,8904,57.59,13,1,Petrol,Manual,Ford,Mixed,First,17.54
2.12,71,1543,8573,78.96,9,3,Petrol,Manual,Hyundai,Mixed,Second,23.34
3.17,77,1869,6825,33.67,7,2,Diesel,Manual,BMW,City,Third,32.48
1.56,319,2331,18786,44.2,5,5,Electric,Automatic,Honda,Mixed,Third,31.71
4.21,208,1357,14815,42.15,13,5,Petrol,Manual,Honda,Highway,First,17.4
1.3,193,1325,26966,42.43,14,5,Electric,Manual,Honda,Mixed,Third,37.83
4.95,378,1396,18794,48.94,2,3,Petrol,Automatic,Toyota,Mixed,Second,11.95
4.09,297,1639,6176,70.91,12,2,Diesel,Manual,BMW,Mixed,Third,28.23
1.79,79,802,26302,75.64,14,5,Electric,Automatic,Toyota,Highway,Second,40.23
1.02,281,1851,26264,40.11,12,3,Diesel,Manual,BMW,City,First,37.62
4.26,181,2204,24604,57.15,0,1,Petrol,Automatic,BMW,City,First,13.04
3.83,77,956,12820,61.84,4,4,Diesel,Automatic,BMW,Highway,Third,36.87
3.92,361,1654,21514,56.09,11,2,Electric,Automatic,Honda,Highway,First,27.14
4.09,322,1310,28043,51.7,10,3,Diesel,Manual,Honda,City,First,29.69
1.3,83,2156,24946,39.6,1,4,Electric,Automatic,Honda,Highway,Second,39.24
2.43,309,1486,6499,54.41,12,4,Diesel,Manual,Toyota,Mixed,Second,33.95
1.46,311,1937,28814,50.06,1,3,Diesel,Automatic,Ford,Mixed,Second,38.07
4.45,218,2212,29089,69.78,8,3,Electric,Automatic,BMW,City,Second,22.85
3.49,305,2310,12626,68.18,10,3,Electric,Automatic,Toyota,Mixed,First,24.35
2.32,375,2073,28063,36.7,12,5,Electric,Manual,Honda,City,Second,28.69
1.25,236,1370,21137,34.43,14,1,Petrol,Automatic,Honda,Highway,Second,25.64
2.24,89,1514,24172,75.41,9,5,Diesel,Automatic,Ford,City,Second,36.39
2.3,285,2138,26260,56.78,6,4,Electric,Automatic,Honda,City,Third,29.34
3.92,204,1038,8708,72.89,5,4,Petrol,Automatic,BMW,Mixed,Second,17.28
3.55,198,2057,6769,32.91,14,4,Petrol,Manual,Hyundai,City,First,12.86
4.55,363,1102,14510,56.33,12,3,Electric,Manual,Honda,City,First,23.99
2.89,315,1406,19226,56.97,0,2,Electric,Automatic,Ford,City,Second,30.17
1.48,258,1790,20634,73.04,14,5,Electric,Automatic,Hyundai,Highway,Third,35.11
3.85,113,2476,11731,34.88,13,2,Petrol,Automatic,BMW,Mixed,Third,12.32
4.04,155,1133,15965,42.02,9,1,Petrol,Automatic,BMW,Mixed,Third,17.0
3.25,113,912,24428,50.33,1,1,Diesel,Manual,BMW,City,Third,37.65
4.08,399,2444,5375,73.29,10,5,Petrol,Automatic,Ford,City,Second,8.0
2.98,214,1161,20517,76.94,6,4,Electric,Automatic,Hyundai,Highway,Second,34.48
3.09,120,1600,27731,79.64,14,1,Diesel,Manual,BMW,Mixed,First,35.07
2.71,311,896,24420,77.96,2,2,Diesel,Automatic,Honda,Mixed,First,37.18
1.1,363,815,11218,30.3,1,2,Diesel,Automatic,Hyundai,City,Third,39.61
1.43,120,1355,22124,32.39,5,3,Diesel,Manual,BMW,Highway,Third,44.46
1.13,335,1175,13495,37.38,7,4,Electric,Automatic,Hyundai,Highway,First,38.16
3.55,189,1541,6085,47.44,14,3,Diesel,Manual,Honda,City,First,29.72
2.26,269,1189,18073,71.5,7,5,Electric,Automatic,Toyota,City,Third,32.16
3.03,317,1419,16371,74.63,10,1,Petrol,Manual,BMW,City,First,16.82
4.63,139,2040,22594,39.34,1,3,Electric,Manual,Honda,City,Third,25.78
2.0,126,2222,16226,60.98,5,3,Diesel,Automatic,Ford,City,Second,34.31
2.64,108,2083,29804,75.87,11,5,Petrol,Automatic,BMW,Highway,Third,21.47
4.02,358,1623,24503,53.19,4,2,Petrol,Automatic,Toyota,Highway,Second,16.49
1.92,87,1119,15046,35.18,6,2,Petrol,Automatic,Honda,City,Second,23.64
1.31,289,995,21651,52.89,3,5,Diesel,Manual,Honda,City,Second,40.87
2.16,382,2301,24158,48.79,11,2,Electric,Automatic,Hyundai,Mixed,First,28.47
1.64,313,1217,16041,58.88,12,5,Electric,Automatic,BMW,Highway,First,35.95
4.72,373,2298,9349,51.93,1,2,Diesel,Automatic,Toyota,Highway,Third,26.0
4.23,367,1406,9965,30.87,9,5,Diesel,Manual,Ford,City,Second,27.09
3.53,352,1367,18492,79.7,2,2,Petrol,Manual,Hyundai,Highway,Third,20.1
4.49,143,1343,18336,57.18,8,3,Electric,Manual,BMW,Highway,Second,30.51
4.21,179,1030,29509,53.68,9,3,Diesel,Manual,Toyota,Highway,Second,35.82
1.75,249,1683,24843,77.73,7,2,Diesel,Manual,Hyundai,Mixed,Third,38.56
4.57,101,1320,22373,37.79,12,5,Electric,Automatic,Toyota,Highway,Third,29.27
3.16,303,1502,17684,39.46,8,3,Petrol,Automatic,Toyota,City,Third,15.54
4.23,351,2023,22321,70.4,4,1,Petrol,Automatic,Hyundai,Highway,Third,14.3
4.58,94,1645,11654,43.04,12,2,Petrol,Manual,Hyundai,Highway,First,16.51
2.27,348,1472,28373,69.96,4,1,Electric,Automatic,BMW,Mixed,Second,33.08
1.44,295,2422,12342,43.58,6,1,Diesel,Manual,Hyundai,Highway,Second,37.56
1.91,126,820,27407,31.66,6,4,Diesel,Manual,BMW,Mixed,First,42.94
2.71,249,2134,7358,55.85,0,1,Diesel,Manual,Toyota,Mixed,Second,33.76
4.27,301,1387,24729,39.83,11,1,Diesel,Manual,Hyundai,Mixed,First,30.14
4.44,356,1697,11360,67.89,14,4,Electric,Manual,BMW,Highway,Second,25.22
1.03,133,2476,26200,62.06,13,4,Petrol,Automatic,BMW,City,First,20.77
3.04,301,2461,8743,76.18,4,4,Petrol,Automatic,Ford,City,First,12.61
2.67,358,2419,12159,69.15,7,5,Petrol,Automatic,BMW,Highway,Second,16.47
1.89,282,2257,5518,39.04,6,4,Petrol,Automatic,BMW,Mixed,Second,18.13
1.48,327,1170,21652,70.01,10,5,Diesel,Manual,Ford,City,Second,37.97
2.35,87,2383,17925,62.09,1,2,Diesel,Automatic,Honda,Highway,Third,37.43
4.77,244,877,19810,63.45,13,5,Electric,Automatic,Hyundai,City,Second,24.53
2.29,298,2365,21239,71.61,7,2,Petrol,Manual,Ford,Highway,Second,20.53
3.08,295,2108,26828,58.69,1,4,Diesel,Manual,BMW,Mixed,Second,33.49
3.81,153,1447,10475,53.3,9,4,Diesel,Manual,BMW,City,Third,30.91
2.45,360,939,9185,61.83,0,2,Diesel,Automatic,Hyundai,Highway,Second,38.41
4.89,315,1352,10161,44.9,10,3,Petrol,Automatic,Toyota,Highway,First,12.93
4.85,179,1797,14580,39.13,10,5,Diesel,Automatic,Ford,City,First,24.96
2.01,323,1081,14886,60.83,13,1,Petrol,Manual,Honda,Highway,Third,24.04
2.99,157,2385,16465,41.69,10,4,Petrol,Manual,Hyundai,City,Third,15.48
2.2,141,2081,25249,34.0,2,5,Electric,Manual,Hyundai,Highway,Third,36.97
2.14,99,2183,16221,30.03,2,5,Electric,Manual,Ford,City,Third,33.06
1.15,241,1239,29395,60.42,5,4,Petrol,Manual,BMW,Mixed,Third,27.86
3.44,378,1069,7335,48.11,11,2,Petrol,Manual,BMW,City,Second,15.12
3.01,246,1957,8674,67.62,2,4,Petrol,Automatic,Honda,Highway,First,18.99
1.21,208,1545,9576,48.76,6,5,Diesel,Manual,Ford,Mixed,First,40.21
2.11,263,2463,19972,54.3,7,3,Diesel,Manual,Hyundai,Mixed,Second,34.07
4.63,255,903,5500,50.35,2,2,Diesel,Manual,Ford,City,Third,29.85
1.96,287,1565,13083,62.53,8,4,Electric,Manual,Toyota,City,Second,32.19
1.58,233,894,13294,47.81,0,1,Petrol,Manual,Hyundai,City,Third,25.9
2.96,230,1528,20720,78.19,14,4,Diesel,Manual,Honda,Mixed,First,33.82
4.94,82,2396,10543,76.81,2,5,Diesel,Manual,Honda,Mixed,First,27.58
1.97,365,1279,24130,72.4,11,5,Electric,Manual,Hyundai,City,Third,32.59
3.69,158,1579,8276,76.02,2,1,Electric,Manual,BMW,Highway,Second,32.37
4.05,393,2064,24469,52.46,6,2,Petrol,Automatic,Hyundai,Mixed,Third,12.06
1.95,111,812,27119,56.82,10,5,Petrol,Automatic,Hyundai,City,Third,24.57
3.91,279,1970,29180,67.1,10,2,Diesel,Automatic,Toyota,Highway,First,30.86
2.47,298,1400,11613,64.81,4,2,Diesel,Automatic,Hyundai,City,Third,33.43
3.53,344,894,16729,74.53,3,4,Diesel,Manual,Ford,Mixed,Second,34.52
3.53,348,1092,6327,65.82,1,2,Diesel,Automatic,Ford,Mixed,Third,32.14
3.14,320,824,12772,79.89,6,5,Diesel,Automatic,Honda,City,First,32.77
1.36,379,2095,15666,47.43,2,5,Electric,Manual,BMW,Highway,Second,35.95
4.34,277,2328,25130,71.65,6,3,Petrol,Manual,Honda,Mixed,Second,12.85
2.28,390,1989,27068,64.88,9,2,Electric,Manual,Toyota,City,First,29.4
1.75,209,1738,21289,64.57,11,3,Petrol,Manual,Hyundai,City,First,21.33
1.16,349,1561,23946,46.29,6,4,Petrol,Automatic,Honda,Highway,Third,25.6
3.36,103,1910,25547,69.28,10,3,Petrol,Manual,Hyundai,Highway,First,20.86
3.71,378,1453,24701,75.02,1,2,Electric,Manual,Honda,Mixed,First,29.61
1.07,87,2469,23820,40.93,6,5,Diesel,Manual,Hyundai,Highway,First,42.02
3.05,126,1784,10769,61.27,5,4,Petrol,Automatic,Honda,Highway,First,20.52
1.91,181,1437,29883,49.61,9,2,Petrol,Automatic,Ford,Mixed,Second,23.56
3.58,74,1290,18663,79.48,3,4,Electric,Manual,Toyota,City,Second,31.9
1.7,251,1964,10918,53.94,10,1,Electric,Automatic,Honda,Mixed,Second,31.82
3.76,82,1926,22473,41.42,4,2,Diesel,Manual,Ford,Mixed,First,33.61
2.55,354,2049,9555,49.09,11,1,Diesel,Automatic,BMW,Highway,Third,32.29
4.75,328,1374,7394,62.69,7,3,Petrol,Manual,Honda,Highway,Third,14.68
1.55,159,1093,27852,33.8,4,2,Electric,Automatic,Hyundai,City,Third,37.44
2.36,173,1695,25388,60.18,2,1,Diesel,Automatic,Toyota,Highway,Third,39.24
1.45,255,2129,5666,76.56,1,5,Diesel,Automatic,Ford,City,Second,34.73
4.7,319,2077,27102,72.52,5,3,Diesel,Manual,Ford,City,Third,25.92
4.51,324,2003,26536,33.38,5,2,Electric,Automatic,Toyota,City,Second,22.47
2.03,145,839,17355,79.67,6,2,Electric,Automatic,Honda,Mixed,Third,37.22
3.64,177,1575,7234,64.94,7,5,Electric,Automatic,Hyundai,Highway,Third,30.15
4.27,225,1319,11335,38.11,3,5,Electric,Manual,BMW,Highway,Second,30.67
3.22,151,2439,22620,30.62,11,1,Electric,Automatic,Honda,City,Second,25.74
3.12,146,1345,23007,38.56,7,1,Petrol,Manual,Toyota,Highway,Third,23.46
1.97,327,1035,22758,71.91,11,1,Petrol,Manual,Honda,City,First,21.82
1.37,196,1262,28659,31.08,0,4,Electric,Manual,Honda,Highway,Third,42.47
4.59,351,2051,16503,41.66,5,3,Petrol,Manual,Toyota,Mixed,Third,11.61
4.6,157,1282,11359,67.87,5,2,Electric,Manual,Toyota,Highway,Third,30.19
3.53,273,1229,21560,59.31,2,3,Petrol,Automatic,BMW,City,Second,17.09
2.36,85,1845,18876,69.14,8,5,Petrol,Manual,Toyota,Mixed,Third,22.33
2.4,220,1142,28088,67.31,11,3,Diesel,Automatic,Toyota,Highway,First,39.06
3.9,323,1863,7928,32.53,11,3,Electric,Automatic,Toyota,Mixed,Third,23.87
4.59,257,1996,12617,74.63,4,1,Petrol,Manual,Ford,City,First,11.29
4.55,398,2262,12614,41.35,14,5,Petrol,Manual,Toyota,City,First,8.0
4.12,101,2002,25099,57.67,0,3,Diesel,Manual,Toyota,Highway,First,34.9
3.57,340,2421,9274,62.21,6,2,Petrol,Automatic,Toyota,City,Third,10.25
1.34,74,932,29970,38.43,9,1,Diesel,Automatic,BMW,Highway,Second,45.44
1.65,399,1150,9971,78.81,14,3,Petrol,Automatic,Honda,City,Second,18.77
4.59,377,2348,13389,54.41,13,5,Diesel,Automatic,Toyota,City,Third,20.83
3.43,238,2363,22352,32.88,2,2,Diesel,Automatic,Toyota,City,Third,28.91
1.04,250,1305,24539,76.86,9,5,Electric,Automatic,BMW,Highway,First,39.56
1.41,247,883,26148,59.31,9,5,Electric,Automatic,Honda,Highway,Third,40.02
3.65,212,1792,7504,64.96,10,5,Petrol,Automatic,BMW,Highway,Second,16.4
1.02,317,2287,29027,56.26,3,4,Electric,Automatic,Hyundai,Highway,Third,36.83
1.64,196,1629,11006,71.74,5,2,Electric,Manual,Hyundai,City,Third,34.49
3.19,332,1660,29346,31.66,7,5,Electric,Automatic,Hyundai,Mixed,Third,29.17
3.77,109,1142,12943,43.42,12,4,Petrol,Manual,Toyota,Highway,First,20.78
3.61,324,2103,22653,53.48,3,1,Petrol,Manual,BMW,City,Third,14.26
1.9,212,1665,22748,33.83,14,4,Electric,Automatic,Toyota,City,Third,31.45
3.85,309,2086,28100,65.3,11,1,Electric,Automatic,Hyundai,Highway,Third,27.01
1.95,297,1989,5923,49.68,8,4,Petrol,Automatic,Honda,Highway,Second,20.37
2.3,267,1092,21854,43.63,7,5,Electric,Automatic,Honda,City,First,32.69
3.99,134,2332,27981,30.17,9,4,Diesel,Automatic,BMW,Highway,First,31.16
3.6,80,2403,15246,65.99,9,4,Petrol,Automatic,Honda,Highway,Second,16.79
4.4,177,2049,17475,71.69,5,5,Petrol,Manual,Hyundai,Mixed,First,14.38
3.63,95,1993,24338,49.75,6,1,Diesel,Manual,BMW,Mixed,Second,33.43
3.27,220,1397,22532,58.21,7,5,Electric,Automatic,BMW,Highway,First,32.65
1.37,290,1444,8086,41.38,1,2,Diesel,Manual,Hyundai,Mixed,First,39.86
2.47,306,1247,19860,61.11,4,4,Electric,Manual,Hyundai,Mixed,First,34.19
2.06,306,1489,22013,30.61,12,2,Electric,Manual,Hyundai,Highway,Third,35.44
1.98,288,1801,12407,54.43,6,5,Petrol,Manual,Hyundai,City,First,19.6
4.89,220,1654,5774,62.21,7,5,Petrol,Manual,BMW,City,Third,10.91
2.57,192,1301,29935,75.91,4,3,Electric,Manual,Honda,City,Third,34.4
4.57,213,1563,13709,49.07,2,2,Diesel,Automatic,Hyundai,City,Third,27.67
3.52,258,2350,21311,68.26,14,3,Petrol,Manual,Ford,Mixed,Second,13.83
4.18,324,1534,6343,59.88,5,2,Electric,Manual,BMW,Mixed,First,26.24
3.01,137,2202,28782,76.35,4,3,Petrol,Manual,Toyota,Highway,First,21.9
3.31,173,2024,15161,49.92,7,3,Petrol,Manual,Honda,Highway,First,19.48
2.97,228,2442,28581,45.95,8,2,Petrol,Automatic,BMW,City,Third,14.65
1.78,378,1049,26400,74.36,8,5,Diesel,Manual,Hyundai,City,First,37.59
3.89,369,2232,16419,32.46,11,1,Diesel,Automatic,Ford,Highway,Third,27.69
2.12,159,1400,12797,36.82,11,5,Electric,Manual,Toyota,Highway,Third,36.74
1.1,325,924,24283,34.12,5,1,Diesel,Automatic,Honda,City,Third,40.01
3.58,289,912,5934,72.16,14,2,Electric,Manual,Hyundai,Mixed,Third,29.12
1.71,78,1780,6986,30.53,3,4,Electric,Manual,BMW,Mixed,First,36.72
4.76,81,1960,26380,73.08,3,5,Petrol,Manual,BMW,Mixed,Third,15.79
4.82,394,2319,19016,52.56,8,3,Petrol,Automatic,Honda,Mixed,Second,8.0
4.66,313,949,27926,30.2,3,5,Diesel,Automatic,Ford,Mixed,Second,30.82
2.48,251,1674,10465,50.08,7,2,Electric,Automatic,Hyundai,Highway,Second,32.87
1.06,353,1142,27695,39.34,8,4,Electric,Automatic,Honda,Highway,Third,39.28
4.71,381,1379,29952,61.22,4,4,Petrol,Manual,Honda,City,First,13.0
2.71,168,1582,14966,63.97,12,5,Petrol,Manual,BMW,Highway,First,22.08
4.87,266,1120,20721,54.38,5,5,Petrol,Automatic,Honda,Highway,Third,16.14
4.85,295,1621,6505,32.03,2,5,Diesel,Manual,Toyota,Highway,Third,29.71
4.41,172,1331,10363,62.81,11,2,Electric,Manual,Toyota,Highway,Third,29.3
2.18,175,2112,20940,72.1,4,1,Electric,Manual,Hyundai,City,Second,32.27
2.54,127,2312,15846,66.02,4,1,Electric,Automatic,Honda,Highway,Third,32.88
4.4,147,1291,6010,71.5,14,3,Petrol,Automatic,BMW,Highway,Third,15.67
2.27,144,1411,19924,40.03,13,2,Diesel,Manual,Hyundai,City,First,36.09
1.68,111,1051,18482,74.44,1,4,Diesel,Automatic,Ford,Highway,First,44.03
3.23,393,1900,24861,46.11,9,3,Petrol,Automatic,BMW,City,Second,13.23
4.74,250,2470,29125,30.67,5,4,Diesel,Automatic,Ford,Mixed,Second,25.69
3.78,102,2215,14369,72.17,8,4,Diesel,Automatic,Hyundai,Mixed,Second,29.7
3.28,140,2235,8857,77.09,10,5,Electric,Manual,Toyota,Highway,Second,30.19
1.39,125,972,14864,62.78,14,4,Petrol,Automatic,BMW,Highway,Third,27.42
3.46,174,1674,15120,41.57,6,4,Petrol,Automatic,BMW,Highway,Third,19.2
4.96,269,1000,25223,42.59,13,2,Petrol,Manual,Hyundai,Highway,Second,16.36
1.56,170,1016,16370,53.33,7,5,Petrol,Automatic,BMW,Mixed,Second,25.58
3.07,325,1175,25652,74.89,1,5,Electric,Manual,BMW,Mixed,First,33.34
4.51,376,2409,7553,37.48,10,3,Diesel,Manual,Hyundai,Highway,First,25.68
3.96,143,810,20489,71.3,12,5,Diesel,Automatic,Honda,City,First,31.84
3.79,240,1835,9389,44.57,13,1,Electric,Manual,Hyundai,City,Second,24.75
3.81,212,1691,21935,70.43,8,2,Diesel,Manual,BMW,Mixed,First,31.94
2.44,235,2413,26950,76.01,2,3,Petrol,Automatic,Hyundai,City,Second,17.33
2.17,330,1234,16089,51.37,9,1,Electric,Automatic,BMW,Highway,Third,34.53
4.24,290,2431,14231,48.25,4,4,Electric,Automatic,Ford,Highway,Second,24.92
4.24,152,1617,27142,70.11,13,1,Petrol,Manual,Ford,Highway,Third,18.06
4.47,251,2196,8051,56.47,6,3,Petrol,Manual,Toyota,Highway,Third,13.85
4.65,376,2096,10322,64.22,3,5,Petrol,Manual,Hyundai,Highway,Second,12.83
3.05,79,1730,16789,61.14,6,2,Diesel,Manual,Hyundai,City,First,34.29
3.01,73,1490,7555,37.64,7,3,Petrol,Manual,Ford,City,Second,19.43
4.19,361,2399,22473,72.24,14,1,Electric,Manual,Ford,Mixed,First,22.38
3.6,350,2332,17767,39.79,12,1,Diesel,Automatic,Ford,Mixed,Third,26.42
3.81,284,1955,5458,76.61,9,3,Diesel,Manual,Toyota,City,Third,27.15
4.18,167,1654,20701,42.53,13,3,Electric,Manual,Toyota,City,Third,25.91
4.56,170,1583,21066,66.69,9,3,Diesel,Automatic,Honda,Mixed,Third,28.97
2.35,78,1118,9721,44.23,3,5,Petrol,Manual,Hyundai,Highway,Second,27.19
2.5,130,1643,17446,45.89,14,3,Petrol,Manual,Toyota,Mixed,Third,20.83
1.38,378,1420,11304,45.5,4,4,Petrol,Manual,BMW,Mixed,First,23.57
3.31,215,1584,18565,67.39,10,2,Petrol,Automatic,Hyundai,City,First,15.53
1.14,132,1991,15199,57.84,2,2,Diesel,Automatic,Honda,Mixed,Third,39.76
2.86,190,1196,6920,74.15,4,4,Electric,Automatic,Ford,Mixed,Second,32.32
3.17,295,2003,18227,45.37,7,1,Diesel,Automatic,Honda,City,Third,29.06
2.15,174,1881,12694,64.6,2,1,Electric,Manual,Hyundai,Highway,Third,36.4
3.36,329,2303,27052,67.65,14,1,Electric,Manual,Ford,Highway,First,28.14
1.12,324,2414,11298,37.57,13,1,Petrol,Automatic,Honda,Highway,Second,20.71
1.15,276,1259,11629,50.03,12,5,Diesel,Manual,Honda,City,Second,38.17
4.29,97,860,17719,54.14,4,4,Petrol,Manual,Hyundai,Mixed,First,20.09
2.44,239,1168,10146,47.78,9,2,Diesel,Manual,Toyota,Highway,First,38.73
1.51,145,1944,22387,46.11,0,4,Diesel,Automatic,BMW,Mixed,First,39.55
3.09,185,1518,24467,64.32,1,2,Petrol,Manual,Honda,City,Second,20.18
4.08,138,1345,15306,40.79,2,1,Diesel,Automatic,BMW,Highway,First,34.56
1.86,303,2405,7589,65.47,0,5,Petrol,Manual,Hyundai,Highway,First,21.89
3.49,70,1840,9310,76.75,12,3,Electric,Manual,Hyundai,Mixed,First,29.43
1.34,236,1295,7241,58.26,10,3,Petrol,Automatic,Toyota,Highway,Third,25.23
1.21,287,1296,27150,60.57,11,1,Diesel,Automatic,Ford,City,Second,37.96
3.13,342,1304,18601,33.45,10,1,Diesel,Manual,BMW,Mixed,Second,33.28
3.16,320,2355,12711,73.22,8,4,Electric,Automatic,Honda,Mixed,Third,25.44
3.55,243,1768,26364,44.27,8,5,Electric,Automatic,Ford,Highway,Second,30.29
3.9,239,2138,5938,60.75,4,5,Electric,Manual,BMW,Highway,First,28.21
4.9,315,1892,9301,78.96,13,4,Petrol,Automatic,BMW,Highway,Third,10.38
3.07,159,960,8970,59.78,3,5,Petrol,Automatic,Ford,Highway,First,23.2
2.29,118,2437,8999,66.24,4,5,Diesel,Automatic,Ford,Mixed,First,33.81
4.18,363,1517,26034,52.27,3,3,Electric,Automatic,Toyota,Mixed,First,26.59
2.08,219,1968,28011,33.02,11,5,Electric,Automatic,Honda,Highway,First,34.18
2.76,201,2392,8408,69.88,4,1,Petrol,Automatic,Honda,Mixed,Second,16.42
1.31,128,2418,18807,31.75,6,3,Diesel,Manual,Honda,City,Third,37.01
1.1,393,1792,13962,65.03,10,1,Electric,Automatic,Ford,Mixed,Third,32.89
4.85,268,2208,21632,31.15,7,1,Petrol,Automatic,Toyota,City,First,8.57
4.34,284,1068,18385,73.12,1,4,Petrol,Manual,Hyundai,City,Third,16.06
3.78,118,2277,29948,37.88,3,5,Electric,Automatic,Toyota,City,Third,26.97
2.64,301,1498,10950,55.71,7,5,Electric,Automatic,Ford,Highway,First,32.41
1.69,316,2341,7926,59.86,6,5,Diesel,Manual,Toyota,Mixed,First,34.45
1.63,308,1664,12975,52.88,8,5,Electric,Manual,Ford,City,Second,32.65
2.0,237,1149,25241,47.04,4,3,Petrol,Automatic,BMW,Highway,Second,26.16
3.2,117,909,26314,53.39,5,2,Electric,Automatic,BMW,Mixed,First,34.5
3.86,120,2306,28398,45.57,14,1,Electric,Manual,Hyundai,Mixed,Second,27.16
3.64,368,1206,11966,51.91,10,2,Diesel,Automatic,BMW,Highway,Second,31.96
2.12,167,1449,14133,47.95,7,2,Petrol,Automatic,Hyundai,Mixed,Third,22.1
4.82,285,850,11587,58.31,14,2,Electric,Manual,Honda,Highway,First,27.85
3.95,246,2226,27880,41.9,11,3,Petrol,Manual,Ford,Highway,Third,16.15
3.22,149,2386,10091,79.43,13,2,Diesel,Manual,Honda,Highway,Third,32.29
3.45,254,2299,13985,55.04,14,3,Petrol,Automatic,Honda,Mixed,First,12.51
2.68,96,1910,22061,39.71,10,4,Electric,Manual,Hyundai,Highway,Third,34.83
1.99,264,1891,27293,53.85,14,4,Electric,Automatic,Ford,Highway,Second,33.6
2.42,283,1395,6561,73.32,4,4,Diesel,Manual,Hyundai,Mixed,Second,36.11
4.03,183,1778,25437,31.09,13,3,Diesel,Manual,Toyota,City,Second,29.16
1.06,311,1865,13644,63.98,8,3,Diesel,Automatic,Honda,Highway,Second,39.08
1.46,193,1530,19785,57.4,3,1,Petrol,Manual,Ford,Highway,Second,27.99
1.18,374,856,8656,38.48,7,2,Petrol,Automatic,Honda,City,Third,22.8
1.16,145,1537,26618,70.87,11,5,Petrol,Automatic,Toyota,Mixed,First,25.43
4.42,380,995,25530,48.44,13,5,Petrol,Automatic,Toyota,Mixed,Third,13.59
3.81,381,1885,26872,44.69,2,2,Diesel,Automatic,Ford,Mixed,Third,29.52
2.9,265,2086,29465,71.41,4,5,Petrol,Automatic,Ford,Highway,Second,19.97
1.39,113,911,21139,61.93,14,5,Petrol,Manual,Toyota,City,Second,25.98
2.97,255,1564,5209,74.91,7,5,Petrol,Manual,Honda,Mixed,Third,18.42
2.89,315,1510,9983,61.49,14,3,Petrol,Automatic,BMW,City,Third,14.55
1.69,153,2001,12141,67.04,9,3,Diesel,Automatic,Honda,Mixed,First,36.19
2.74,276,1747,15118,71.82,11,3,Diesel,Automatic,BMW,Highway,First,34.12
2.59,220,825,21261,32.74,6,2,Electric,Automatic,Hyundai,Mixed,First,34.91
3.46,225,1209,26329,68.8,0,4,Electric,Manual,Ford,City,First,31.9
3.54,85,1557,29364,60.69,11,5,Petrol,Manual,Toyota,City,First,18.38
1.18,234,1330,8966,33.48,3,1,Petrol,Manual,Hyundai,City,Second,24.76
2.5,214,2140,15069,55.43,1,3,Diesel,Manual,Honda,Highway,First,37.26
3.5,106,2355,13818,34.12,1,1,Electric,Manual,BMW,Mixed,Third,29.5
3.01,114,1929,15918,66.8,12,5,Petrol,Manual,Ford,Highway,Second,20.63
4.43,275,1548,14650,57.33,14,4,Electric,Automatic,BMW,Highway,Third,25.8
3.63,131,2287,24208,77.68,6,1,Electric,Manual,Honda,City,Second,27.45
1.65,377,1045,6250,39.16,11,5,Electric,Manual,Honda,City,Second,32.86
1.28,88,1904,9758,60.3,11,5,Diesel,Automatic,Toyota,Highway,First,40.08
3.57,369,1461,9363,40.58,2,3,Petrol,Automatic,Hyundai,Highway,Third,17.52
1.11,76,1708,7163,60.7,2,4,Petrol,Automatic,Ford,Mixed,First,25.9
3.34,318,1195,14815,66.13,14,5,Diesel,Automatic,Toyota,City,Third,29.57
4.76,186,1321,6853,66.12,5,4,Diesel,Automatic,BMW,City,Third,27.16
3.3,137,1725,22137,70.75,5,3,Diesel,Manual,Hyundai,City,First,33.43
2.55,103,1063,26832,72.68,0,1,Electric,Automatic,Ford,Mixed,First,37.16
3.57,263,2484,6868,33.86,14,2,Electric,Automatic,BMW,Mixed,Second,22.83
2.83,394,1589,21565,47.16,14,2,Petrol,Automatic,Ford,City,Second,14.43
3.18,124,2097,22897,64.36,14,2,Petrol,Manual,Ford,City,Second,16.08
4.77,335,971,20568,54.93,0,4,Electric,Automatic,Hyundai,Highway,Third,29.03
2.54,111,1064,14094,39.53,10,2,Electric,Automatic,BMW,Highway,First,36.24
4.84,366,1849,24728,57.64,5,1,Diesel,Manual,Toyota,Mixed,Second,27.02
4.62,300,2292,10238,50.37,6,5,Electric,Automatic,Toyota,City,First,19.9
1.78,79,1275,12089,49.5,8,4,Petrol,Manual,Toyota,Highway,Second,27.71
1.28,197,1155,27785,70.49,3,1,Petrol,Manual,Ford,Highway,Second,30.52
1.4,248,1849,23940,50.38,13,4,Diesel,Automatic,Honda,City,First,35.24
1.07,262,833,27482,31.32,9,4,Diesel,Manual,Hyundai,City,Second,41.91
1.38,161,1063,10280,32.9,5,4,Petrol,Automatic,Toyota,Highway,First,27.99
3.73,300,1961,9244,72.81,11,3,Electric,Automatic,Hyundai,City,Second,22.95
1.28,147,1615,7164,78.03,2,5,Electric,Automatic,Ford,City,First,35.33
2.28,154,1674,27985,64.42,12,2,Petrol,Manual,Hyundai,Mixed,Second,22.38
4.38,99,1553,20149,48.22,12,3,Electric,Manual,Toyota,Highway,Second,30.08
1.09,282,1365,19088,76.93,10,5,Electric,Manual,Toyota,Highway,Third,39.36
4.26,118,1261,23405,63.14,3,2,Petrol,Manual,Ford,Mixed,First,19.2
2.13,334,1991,7821,72.22,8,3,Petrol,Manual,Ford,Mixed,Second,18.68
1.47,214,2454,27322,68.29,13,3,Diesel,Automatic,BMW,Highway,Third,37.08
3.79,138,1454,27516,48.96,13,1,Petrol,Automatic,Ford,Highway,First,19.08
3.52,127,880,15473,53.94,0,3,Diesel,Automatic,Honda,City,Second,34.97
4.51,254,1556,18686,39.31,4,4,Diesel,Manual,Honda,City,Second,28.62
3.94,131,1669,14762,44.6,14,3,Electric,Manual,Toyota,Highway,Second,29.91
4.21,377,2230,10969,68.91,14,4,Petrol,Manual,Ford,City,First,8.3
2.13,365,2397,17178,74.7,10,5,Electric,Automatic,Honda,City,Third,26.56
1.71,235,1869,11168,66.22,6,5,Petrol,Automatic,Honda,City,Second,19.58
4.0,240,1398,22097,53.26,2,4,Petrol,Manual,BMW,Mixed,Third,18.12
4.23,132,2434,19096,34.33,14,1,Electric,Automatic,Ford,Highway,First,25.41
4.96,216,1606,12203,32.85,1,1,Diesel,Manual,BMW,Highway,First,30.99
2.65,375,1876,8545,48.72,12,5,Petrol,Automatic,Hyundai,Highway,Second,17.05
2.49,230,1783,29798,53.19,10,3,Diesel,Manual,BMW,City,Second,34.41
4.11,210,1503,5863,60.46,1,5,Electric,Manual,Hyundai,City,Second,27.15
2.36,166,1275,21148,30.32,0,5,Electric,Automatic,Hyundai,Mixed,Third,35.81
4.72,290,1391,26009,79.49,4,4,Petrol,Automatic,Ford,Mixed,Third,13.99
4.43,112,815,26691,48.2,12,1,Electric,Manual,Hyundai,Highway,Second,32.9
2.72,361,2183,22809,72.4,2,4,Petrol,Automatic,Hyundai,Mixed,First,16.88
4.0,177,1286,23688,56.75,10,5,Petrol,Automatic,BMW,Mixed,First,16.78
4.02,335,1505,5653,36.52,11,2,Petrol,Automatic,Ford,City,Second,10.89
1.41,164,2325,13129,69.88,6,3,Petrol,Manual,Ford,Highway,Third,24.64
4.61,331,1964,28118,65.49,0,5,Petrol,Automatic,Hyundai,Highway,First,14.75
3.02,382,1419,5443,56.37,8,4,Electric,Automatic,BMW,Mixed,Third,27.88
4.31,140,1818,28843,55.73,13,2,Petrol,Automatic,BMW,City,Second,12.71
2.28,288,1576,26053,34.37,1,2,Diesel,Automatic,BMW,Mixed,Third,36.75
4.58,90,1246,10106,62.79,7,5,Petrol,Manual,BMW,Mixed,Third,16.75
2.56,161,1089,9436,75.56,9,1,Petrol,Manual,Toyota,Highway,Third,24.49
1.04,196,1008,24241,34.66,3,2,Petrol,Manual,Hyundai,City,First,28.04
4.62,149,2298,14472,43.18,5,3,Electric,Automatic,Hyundai,Mixed,Third,23.7
1.37,381,1212,8039,75.12,8,4,Diesel,Manual,Hyundai,Mixed,Third,38.33
2.28,307,1476,13291,44.22,6,4,Diesel,Automatic,Ford,City,Third,33.42
4.8,251,2250,15278,62.7,14,4,Diesel,Manual,Ford,Mixed,Second,24.71
4.8,94,2194,21285,56.74,7,5,Electric,Manual,BMW,Highway,Third,27.53
3.29,225,1463,18944,59.82,14,4,Electric,Automatic,Ford,Mixed,Third,28.71
3.53,74,1089,7737,50.79,6,4,Petrol,Automatic,Honda,Highway,First,21.65
2.79,189,2255,28340,45.0,1,3,Electric,Automatic,Hyundai,Highway,Second,33.1
2.17,346,2091,26623,32.43,8,1,Diesel,Manual,Hyundai,Highway,Third,36.56
2.31,87,950,6607,67.21,14,5,Diesel,Automatic,Toyota,Highway,First,39.36
3.69,267,2078,7953,67.3,0,5,Electric,Automatic,Toyota,Highway,First,28.46
4.01,126,2176,17173,63.54,13,4,Electric,Automatic,Honda,Highway,Third,27.13
4.17,162,2200,10933,62.18,1,3,Diesel,Manual,Toyota,Mixed,First,30.01
4.16,88,2476,16386,42.19,2,2,Diesel,Automatic,BMW,City,First,27.5
1.36,262,1654,20221,31.12,2,4,Diesel,Manual,BMW,Mixed,First,40.26
2.98,306,2181,9682,70.44,13,4,Diesel,Manual,Hyundai,City,First,28.38
1.23,346,1407,19853,54.56,9,5,Diesel,Automatic,BMW,Mixed,Third,38.04
3.2,296,1169,16284,45.34,3,5,Electric,Automatic,Toyota,City,Third,29.46
2.77,302,2050,27717,35.1,4,4,Electric,Automatic,Honda,Mixed,First,29.93
4.55,109,1504,28776,33.14,5,5,Petrol,Automatic,BMW,Highway,Third,18.38
2.4,392,2126,16154,47.44,0,3,Petrol,Manual,Hyundai,City,Third,17.26
1.47,222,1625,14047,70.24,13,2,Petrol,Automatic,Hyundai,Mixed,First,21.82
1.57,196,1804,27993,75.94,12,2,Electric,Automatic,Toyota,Highway,First,36.5
4.05,306,2212,15338,74.84,7,2,Petrol,Manual,BMW,Mixed,First,12.85
3.47,124,1176,19323,76.0,5,4,Petrol,Manual,Toyota,City,Third,19.72
1.4,241,1772,9925,75.39,9,4,Electric,Automatic,Hyundai,Mixed,Third,33.7
1.34,178,917,28634,56.36,8,4,Diesel,Automatic,Honda,Mixed,Second,42.34
3.8,253,1828,10783,40.97,4,3,Electric,Automatic,BMW,Highway,Second,28.64
1.29,267,1243,17343,69.9,6,2,Electric,Automatic,Honda,Highway,First,38.72
4.29,156,2175,14917,40.69,10,5,Diesel,Automatic,BMW,Highway,Second,29.25
3.82,270,1554,15145,43.36,3,5,Petrol,Manual,Hyundai,City,Third,15.56
1.33,391,2356,11723,41.66,5,1,Electric,Manual,BMW,Highway,Second,34.13
1.34,344,2487,21568,55.75,5,1,Electric,Manual,Hyundai,City,Second,31.49
4.95,280,1439,21905,46.09,12,5,Diesel,Automatic,Ford,Highway,First,28.43
2.5,187,923,22632,37.71,3,2,Electric,Automatic,Hyundai,Highway,Third,37.92
2.48,260,1457,18349,52.66,5,4,Petrol,Automatic,Hyundai,Highway,Third,22.5
4.25,111,2100,6002,73.7,7,5,Diesel,Automatic,BMW,Highway,Third,30.02
4.79,111,1621,11266,58.53,10,5,Electric,Manual,Honda,City,Third,24.55
4.94,384,2217,27828,73.92,4,1,Petrol,Manual,Hyundai,City,Second,9.11
4.01,345,1463,16330,39.79,1,2,Petrol,Automatic,BMW,City,First,13.62
2.51,398,1159,19980,38.35,8,5,Electric,Automatic,Hyundai,Highway,Second,33.36
1.33,86,1422,12017,58.78,10,4,Petrol,Automatic,Toyota,Highway,Third,27.0
4.11,352,2292,13585,53.17,3,4,Diesel,Manual,Toyota,Highway,First,29.41
3.23,327,2451,21011,63.01,3,3,Petrol,Manual,Toyota,City,First,14.06
2.7,132,1880,23001,69.73,10,4,Diesel,Automatic,Toyota,Mixed,Third,34.34
4.63,131,2074,22044,67.57,6,5,Diesel,Automatic,Honda,Mixed,Third,28.11
1.44,169,1718,10524,77.11,9,5,Diesel,Manual,Hyundai,Mixed,First,38.86
2.97,88,1973,29000,49.91,13,4,Electric,Automatic,Toyota,City,Third,29.09
1.05,86,1251,10250,40.32,9,1,Petrol,Manual,BMW,Mixed,Third,27.74
2.87,394,1985,12512,57.55,5,2,Electric,Automatic,Toyota,City,Third,25.81
1.23,315,919,28289,35.54,13,5,Electric,Manual,Ford,City,Third,36.81
1.48,320,1381,5319,44.44,3,4,Diesel,Automatic,Ford,Highway,First,39.6
1.47,150,2174,15416,40.39,5,4,Electric,Manual,Honda,Highway,First,37.52
3.6,108,898,8600,49.83,2,5,Petrol,Manual,Ford,City,Second,20.2
3.98,105,1990,27344,35.56,6,3,Electric,Automatic,BMW,Mixed,Second,28.24
3.33,266,2486,10279,31.59,5,2,Electric,Manual,Toyota,City,First,25.16
4.85,227,1313,23151,62.84,2,5,Diesel,Automatic,Ford,City,Second,28.26
2.5,273,1463,20494,60.51,0,4,Diesel,Manual,Ford,Mixed,Third,37.53
2.14,265,1200,23182,65.42,11,3,Electric,Automatic,Honda,Highway,Third,35.76
4.47,285,1164,17398,63.02,9,5,Diesel,Automatic,Ford,City,First,27.56
1.89,354,2400,5282,35.71,4,2,Electric,Manual,Toyota,Highway,Second,32.3
4.85,265,2149,19030,44.55,9,3,Petrol,Automatic,Hyundai,Highway,Third,11.73
1.05,376,1380,27721,36.48,1,4,Petrol,Automatic,Toyota,Highway,Second,27.48
4.88,221,2456,20302,72.15,6,1,Diesel,Automatic,Ford,City,First,23.21
1.17,83,1420,10166,67.35,12,2,Petrol,Automatic,Ford,Mixed,First,25.05
4.56,394,1627,12121,40.08,6,3,Petrol,Manual,Ford,Mixed,Second,12.16
3.11,215,1046,19677,47.07,3,5,Electric,Manual,Honda,Highway,First,36.13
4.97,126,1233,28793,78.33,5,5,Diesel,Automatic,BMW,Highway,Third,32.79
1.3,280,1916,21373,59.71,0,3,Petrol,Manual,Toyota,Mixed,Third,24.79
3.22,337,2091,26873,70.06,1,5,Diesel,Automatic,Ford,Highway,Second,33.41
4.88,279,1414,9896,43.23,14,3,Diesel,Automatic,Hyundai,Mixed,Second,25.4
3.09,86,1742,21514,40.5,5,2,Diesel,Automatic,Honda,Mixed,First,34.9
3.52,355,1762,6293,69.2,1,5,Petrol,Manual,BMW,City,First,14.44
3.78,272,1423,27443,64.29,11,2,Diesel,Automatic,Ford,Highway,Second,32.97
2.82,168,1120,11957,64.05,11,4,Diesel,Automatic,Toyota,Highway,First,37.11
3.51,348,1655,21444,57.63,10,4,Electric,Manual,Hyundai,City,Second,26.47
3.34,278,861,23595,58.18,3,4,Electric,Automatic,Honda,Mixed,Second,32.44
4.6,198,1099,14740,66.78,3,4,Electric,Manual,Toyota,Highway,Third,30.98
1.18,357,1202,17559,43.5,9,5,Electric,Manual,Toyota,City,First,35.3
2.12,321,1754,14973,47.64,8,3,Diesel,Manual,Honda,Mixed,Second,35.27
4.8,334,2471,11276,73.58,14,5,Electric,Automatic,Toyota,City,Third,16.91
4.56,340,2390,26747,45.44,9,5,Electric,Automatic,Hyundai,City,Second,20.05
2.82,257,2443,13152,57.32,6,2,Petrol,Automatic,Hyundai,City,First,13.9
3.48,283,2126,12973,65.13,13,3,Electric,Automatic,Toyota,City,Third,23.29
2.11,352,1052,20333,80.0,6,1,Electric,Automatic,Ford,Mixed,First,33.98
1.75,280,1277,5037,51.76,11,1,Petrol,Automatic,Toyota,City,Third,19.61
2.85,145,2192,10990,51.4,10,3,Diesel,Automatic,Ford,Mixed,First,31.62
2.41,217,959,10438,72.13,0,1,Diesel,Automatic,Toyota,City,Second,36.79
3.33,390,1760,29061,70.28,10,3,Petrol,Automatic,BMW,City,Second,13.61
1.31,282,1989,20735,66.55,4,2,Petrol,Automatic,Hyundai,Highway,Second,24.5
4.9,178,1004,15856,53.16,2,2,Diesel,Automatic,Toyota,Highway,First,32.66
4.94,198,2090,5473,46.2,2,5,Electric,Automatic,Hyundai,Highway,Third,24.67
3.79,79,1961,5058,60.44,5,1,Petrol,Manual,Honda,Highway,First,18.88
3.14,116,2191,7636,73.81,3,3,Petrol,Manual,BMW,City,Second,16.75
2.24,384,2266,19834,74.19,7,2,Petrol,Automatic,Ford,City,First,15.18
4.26,165,1657,20577,35.42,13,5,Diesel,Automatic,Honda,Mixed,Third,28.96
3.74,172,1559,23998,51.42,3,1,Diesel,Manual,BMW,City,Second,32.7
1.65,215,2390,12296,53.24,7,1,Diesel,Manual,Honda,Mixed,First,35.78
4.64,96,1520,26383,78.88,13,1,Diesel,Automatic,Hyundai,City,Second,28.03
4.29,289,1840,17670,63.9,11,2,Diesel,Automatic,BMW,City,First,25.35
4.8,87,867,29660,50.36,14,2,Electric,Automatic,Honda,Mixed,First,28.5
3.9,236,932,14725,31.3,11,1,Electric,Automatic,Ford,Highway,Second,30.71
3.45,151,1718,25181,58.27,3,2,Diesel,Automatic,BMW,City,Third,32.22
2.67,141,1229,7674,34.8,2,1,Diesel,Manual,BMW,Highway,Second,40.04
4.73,379,1107,20796,71.72,4,4,Diesel,Automatic,Honda,Mixed,Third,28.47
4.46,323,1449,16065,67.63,11,2,Petrol,Manual,Toyota,City,Second,11.85
1.18,231,1997,27820,53.03,12,3,Petrol,Manual,Ford,Mixed,Second,23.83
1.11,396,1211,24504,51.46,4,2,Diesel,Automatic,Ford,City,Second,38.31
2.51,107,896,16026,74.87,9,1,Diesel,Automatic,Honda,Mixed,First,38.31
4.24,270,1977,7076,44.42,9,3,Petrol,Manual,Hyundai,Mixed,First,12.49
4.95,269,2065,24574,42.45,0,5,Petrol,Automatic,Hyundai,Highway,Third,13.77
1.6,324,2127,9787,76.96,14,3,Petrol,Manual,Toyota,Highway,Second,21.07
3.38,248,2108,27440,70.46,7,3,Petrol,Manual,Toyota,Highway,First,19.04
2.52,104,1850,12494,71.03,7,2,Petrol,Automatic,Honda,City,First,18.53
4.88,151,2225,24961,39.76,7,3,Diesel,Automatic,Hyundai,Mixed,Second,26.6
4.37,289,2183,26125,37.16,13,3,Diesel,Automatic,Ford,Highway,Second,27.71
4.35,227,1883,28216,31.3,9,1,Petrol,Manual,Hyundai,City,Second,13.19
2.87,73,1001,7581,41.85,3,2,Diesel,Manual,Honda,Highway,Third,40.83
2.66,236,1561,20600,68.71,12,1,Petrol,Manual,Hyundai,City,Second,18.43
2.09,273,1673,25171,42.0,13,2,Petrol,Automatic,BMW,Mixed,First,19.95
1.23,263,1380,19333,66.46,8,5,Petrol,Manual,Honda,Mixed,First,25.47
4.46,304,1169,28487,42.6,9,3,Diesel,Automatic,BMW,Mixed,Second,29.75
4.25,275,1332,15404,49.76,2,2,Diesel,Automatic,Honda,City,Third,28.9
5.0,219,1975,16166,79.16,6,3,Diesel,Manual,Ford,Mixed,Third,26.95
4.99,228,1925,5932,42.24,5,3,Diesel,Automatic,Honda,City,First,23.72
3.22,348,1698,23047,48.82,8,4,Electric,Manual,Honda,City,Third,27.76
4.08,373,1406,13748,45.05,11,1,Petrol,Automatic,Honda,City,Second,11.22
4.78,235,2269,20577,35.48,13,2,Petrol,Automatic,Honda,Mixed,Third,9.27
4.4,380,1672,29298,54.49,12,5,Diesel,Manual,Toyota,Mixed,Third,27.95
1.99,137,2052,20015,48.93,3,4,Diesel,Automatic,BMW,Mixed,First,36.96
2.8,157,1948,21108,64.74,3,1,Electric,Manual,Honda,City,First,31.28
1.52,286,1569,26236,70.88,5,5,Petrol,Automatic,Honda,Mixed,First,23.54
4.82,70,1633,6104,57.21,7,5,Petrol,Manual,Toyota,City,Third,13.03
3.42,204,1798,22654,31.61,2,3,Diesel,Manual,Hyundai,Mixed,First,34.06
1.91,254,1737,17936,60.95,10,1,Diesel,Automatic,Toyota,City,First,33.96
3.69,209,1035,14601,32.77,7,4,Electric,Automatic,Toyota,Highway,Third,32.07
3.47,175,961,8646,60.82,13,2,Petrol,Manual,Toyota,Mixed,Third,19.09
2.43,202,1353,26471,64.25,7,2,Electric,Manual,Honda,Mixed,Third,35.22
1.45,177,1587,26107,39.89,13,4,Petrol,Manual,Toyota,City,Second,23.23
3.69,247,2176,19960,70.97,13,3,Diesel,Manual,Toyota,City,Second,27.61
3.08,367,1891,19878,75.55,6,3,Electric,Automatic,Toyota,City,Third,26.19
4.09,215,1996,23438,70.65,6,5,Diesel,Automatic,Honda,Highway,First,31.24
3.08,143,2460,14145,45.26,4,1,Petrol,Automatic,Ford,Mixed,Third,16.28
4.41,177,1358,28042,59.33,1,5,Petrol,Automatic,Ford,City,Second,15.67
3.21,191,1060,23226,75.74,11,2,Electric,Automatic,Hyundai,Highway,First,33.71
3.24,86,1016,7802,46.03,13,4,Diesel,Manual,Honda,Highway,Second,37.62
4.51,265,1947,29119,71.0,14,1,Petrol,Manual,Toyota,City,Second,11.16
2.61,396,1604,29585,30.47,1,4,Petrol,Automatic,Toyota,Mixed,Second,19.57
1.54,387,1985,21365,30.18,12,1,Electric,Automatic,Toyota,City,Second,29.61
1.12,366,1000,29697,67.99,11,2,Electric,Manual,Ford,City,First,36.73
4.02,321,2277,11105,68.07,9,2,Diesel,Automatic,Toyota,City,Third,24.15
3.48,188,1201,23944,69.45,11,1,Electric,Automatic,Toyota,Highway,First,32.43
3.82,231,2285,24421,76.5,7,3,Petrol,Manual,Ford,Highway,Third,16.99
1.85,267,1074,7749,35.9,10,1,Diesel,Automatic,Toyota,Mixed,Third,37.05
1.55,114,1005,21974,41.6,5,2,Diesel,Automatic,Hyundai,Highway,First,44.13
1.06,383,1863,22752,75.19,7,4,Diesel,Automatic,BMW,City,Third,35.65
2.4,248,2096,15181,38.86,2,5,Petrol,Automatic,Hyundai,Highway,First,20.96
3.36,113,1666,6361,64.11,0,4,Electric,Manual,Honda,Mixed,First,31.88
2.57,340,892,29512,56.52,12,2,Diesel,Automatic,Hyundai,City,Third,34.38
2.75,147,1865,8773,34.16,5,4,Petrol,Automatic,Hyundai,City,Third,17.33
4.62,395,2288,18495,44.26,1,3,Electric,Manual,Ford,Highway,Second,25.03
2.39,247,1178,7064,56.02,11,3,Diesel,Manual,Honda,Highway,Third,38.15
3.06,72,1930,23799,72.62,14,1,Electric,Manual,Hyundai,Mixed,Third,31.26
4.13,283,2151,24335,65.38,8,4,Electric,Automatic,BMW,City,Third,22.95
2.59,143,864,10616,61.09,4,4,Electric,Manual,Hyundai,Mixed,First,36.42
3.49,120,1164,12975,54.8,4,2,Petrol,Manual,Toyota,Highway,Second,22.94
4.45,136,1620,15960,44.93,12,1,Diesel,Automatic,Ford,City,Second,27.14
4.8,162,2307,28485,35.96,9,1,Diesel,Manual,Toyota,Highway,First,29.57
1.59,245,2470,26387,50.45,7,4,Diesel,Automatic,Honda,City,Third,33.77
4.71,214,1847,20324,31.43,5,5,Petrol,Automatic,Honda,Mixed,Third,12.7
2.97,76,1339,29690,40.55,2,4,Electric,Automatic,Ford,City,First,33.53
2.03,338,1885,11243,51.62,8,4,Petrol,Manual,Hyundai,Highway,Second,21.59
2.84,391,1290,27965,50.93,9,4,Diesel,Automatic,Honda,City,First,31.92
4.92,73,2096,14560,32.21,3,3,Electric,Manual,BMW,Mixed,First,25.94
2.97,207,1028,19684,59.45,9,1,Petrol,Manual,Ford,Highway,Third,23.63
2.32,300,1843,13330,57.48,3,3,Petrol,Automatic,Toyota,Mixed,First,19.14
3.53,157,802,9923,33.91,11,5,Petrol,Automatic,BMW,City,First,17.44
1.96,86,2244,11467,77.16,12,2,Petrol,Manual,Ford,City,First,19.38
1.3,121,1710,26325,34.97,1,5,Electric,Automatic,BMW,City,Third,36.94
1.52,203,1106,27821,72.74,2,1,Petrol,Manual,Ford,City,Third,26.52
1.51,280,1231,11076,30.02,3,2,Electric,Manual,Toyota,Highway,Second,39.16
1.61,394,935,27032,74.11,6,5,Petrol,Manual,Hyundai,City,Second,23.75
1.56,288,1314,13001,30.99,12,1,Diesel,Manual,Ford,Highway,Second,40.12
3.56,274,992,20303,67.89,2,5,Petrol,Manual,Honda,Highway,Third,22.39
1.73,280,2408,22699,48.08,7,2,Petrol,Manual,Toyota,Highway,Second,22.51
2.38,346,2238,21457,66.91,7,2,Diesel,Automatic,Toyota,City,First,30.44
4.59,93,1672,13675,50.09,9,5,Electric,Manual,BMW,City,Second,25.6
2.9,73,1941,17303,33.55,10,3,Petrol,Manual,Honda,Mixed,First,19.91
3.67,221,1465,22933,68.38,1,5,Petrol,Automatic,BMW,City,Second,16.75
1.69,328,1008,22743,33.56,3,5,Diesel,Automatic,Toyota,City,Third,38.05
1.77,393,1751,20128,76.11,7,5,Electric,Manual,Ford,City,First,31.6
1.16,237,1857,23280,32.55,0,3,Diesel,Manual,Honda,Highway,First,43.13
1.68,245,1448,11659,53.97,0,4,Petrol,Manual,Toyota,Mixed,Third,24.85
2.11,379,2141,10246,66.15,13,2,Electric,Automatic,Honda,City,First,26.26
1.71,360,919,11967,49.66,13,1,Petrol,Manual,Ford,Mixed,Second,22.9
1.35,125,1426,11661,40.86,3,2,Diesel,Manual,Hyundai,Highway,Third,43.89
1.48,177,1324,17416,67.95,10,2,Petrol,Automatic,BMW,Mixed,First,24.2
2.84,365,2404,5510,69.21,1,4,Diesel,Automatic,BMW,Mixed,Third,29.48
1.83,393,1568,13614,76.13,0,2,Diesel,Automatic,Toyota,Mixed,First,36.13
2.46,371,1912,7432,48.81,7,2,Electric,Manual,Toyota,Mixed,First,29.61
3.01,210,1311,6906,55.31,1,3,Diesel,Automatic,Ford,Mixed,Third,34.75
3.76,224,846,20554,48.16,3,3,Electric,Manual,Toyota,Highway,First,34.72
1.16,331,1571,21448,42.85,2,3,Electric,Automatic,Toyota,City,Second,34.78
4.2,342,1539,9928,67.55,14,3,Electric,Automatic,Toyota,Mixed,Second,23.4
3.51,301,1321,9710,46.98,1,3,Electric,Manual,Honda,Highway,First,32.43
1.33,310,2107,16540,51.41,7,1,Electric,Manual,Honda,Highway,First,36.0
4.49,327,2200,11124,50.18,2,4,Diesel,Automatic,Hyundai,City,Second,24.1
4.68,318,2461,12837,65.63,14,5,Diesel,Manual,Honda,Highway,First,25.32
1.24,146,933,20583,75.89,8,3,Electric,Manual,BMW,City,First,39.02
2.11,249,2490,22184,63.34,9,4,Diesel,Automatic,Hyundai,Mixed,Third,32.76
4.22,135,1047,27447,53.58,4,5,Electric,Manual,Toyota,Highway,Third,33.99
3.99,377,2475,29853,68.96,8,2,Diesel,Manual,BMW,Highway,Second,29.26
1.74,240,2141,11109,62.05,2,2,Electric,Automatic,Hyundai,Highway,Second,34.69
1.84,91,1235,14909,33.03,11,4,Petrol,Manual,Hyundai,Mixed,Third,25.21
2.48,176,1999,11659,34.78,4,1,Petrol,Manual,BMW,City,Third,18.97
2.94,392,1485,6238,31.9,13,1,Electric,Manual,Hyundai,City,Second,26.62
3.47,296,1385,27966,52.84,9,4,Diesel,Automatic,BMW,Highway,Second,34.21
2.48,285,1150,25907,71.29,5,1,Electric,Manual,Hyundai,Highway,Second,37.1
2.85,138,942,20064,45.65,8,1,Diesel,Manual,Hyundai,Mixed,Third,38.38
3.99,153,1766,10620,49.21,7,2,Electric,Manual,Hyundai,Mixed,Third,28.09
1.15,172,1603,6486,75.47,1,1,Electric,Manual,BMW,City,First,36.81
2.01,108,2221,9681,71.85,1,1,Diesel,Manual,Hyundai,Highway,Second,39.4
3.85,82,2447,16490,63.25,12,4,Diesel,Automatic,Honda,Highway,First,30.35
4.58,366,1517,9470,43.34,4,1,Electric,Manual,Honda,Highway,Second,26.97
3.05,382,1442,27003,35.85,4,3,Petrol,Automatic,Honda,Highway,Third,20.13
3.13,250,2192,29668,30.8,4,3,Petrol,Manual,Honda,Mixed,Second,18.25
1.43,337,1300,16723,35.35,3,4,Petrol,Automatic,Honda,Mixed,Second,23.73
2.79,82,2445,18888,44.63,7,3,Petrol,Manual,Toyota,City,Third,17.56
3.13,189,1169,12177,57.59,10,2,Petrol,Automatic,Hyundai,Highway,Third,20.88
1.97,126,2402,18201,33.2,4,4,Diesel,Manual,Ford,Mixed,Second,36.78
2.08,109,2205,10441,36.81,0,1,Petrol,Manual,Toyota,Highway,Second,24.46
2.51,197,1909,23224,39.05,9,3,Diesel,Manual,BMW,City,Second,33.95
1.08,242,1586,16719,61.6,13,2,Petrol,Manual,Toyota,Highway,Second,26.38
2.29,104,1538,10397,60.79,4,4,Diesel,Automatic,Ford,Mixed,Second,37.26
1.85,328,2283,6621,57.54,0,4,Petrol,Manual,Toyota,Mixed,Third,19.99
2.31,74,1749,22945,42.53,3,1,Petrol,Manual,Hyundai,City,Second,22.72
1.48,287,2148,27233,48.56,0,5,Diesel,Manual,Honda,City,Third,37.29
4.56,80,1321,22800,34.83,5,3,Diesel,Manual,Hyundai,Highway,First,35.05
3.37,396,1288,9190,41.32,5,2,Electric,Automatic,Toyota,Highway,First,29.89
3.72,186,1196,10054,74.89,0,4,Petrol,Manual,Ford,Mixed,Second,19.79
4.16,253,1695,6130,78.98,11,3,Petrol,Manual,BMW,Mixed,First,13.49
2.99,185,1154,19071,62.38,7,2,Diesel,Manual,Hyundai,Mixed,Third,36.73
1.35,231,1746,24981,75.84,13,2,Diesel,Manual,Ford,City,First,37.26
3.15,136,1087,16936,62.14,3,4,Petrol,Automatic,BMW,City,First,19.89
3.35,269,2282,7118,31.66,1,3,Petrol,Manual,Honda,City,Third,14.24
3.98,100,2447,5663,79.84,12,2,Diesel,Automatic,Hyundai,Highway,Second,28.86
2.73,144,1797,24018,34.95,13,4,Diesel,Manual,Hyundai,City,Third,33.62
1.51,306,1335,20735,64.13,0,3,Petrol,Automatic,Honda,Highway,Third,26.59
2.14,396,2114,24158,42.64,10,3,Diesel,Automatic,Honda,Highway,Second,34.22
2.45,135,1650,27578,49.6,2,4,Diesel,Manual,Toyota,Highway,Third,40.94
3.58,139,1637,25353,62.3,6,3,Petrol,Manual,BMW,City,Second,17.89
3.28,366,967,24874,51.82,9,5,Electric,Manual,Ford,Mixed,Third,31.41
2.42,89,1749,14763,42.53,10,2,Diesel,Manual,Honda,City,First,35.24
4.95,295,1420,22907,46.72,9,2,Electric,Automatic,Toyota,City,Second,22.43
3.42,268,1227,13053,47.08,7,3,Diesel,Automatic,BMW,City,Second,30.92
1.95,108,1289,22371,77.97,4,4,Electric,Automatic,BMW,Highway,First,39.14
1.41,214,1154,29299,69.93,6,1,Diesel,Automatic,Hyundai,Mixed,First,41.26
1.61,114,995,27787,52.93,1,3,Electric,Manual,Toyota,City,Second,39.89
1.98,395,1344,26705,39.99,11,1,Electric,Manual,Toyota,City,First,32.18
1.64,160,1516,8845,70.55,11,3,Diesel,Automatic,Hyundai,Highway,Third,39.38
1.75,307,1623,18496,37.86,14,1,Electric,Manual,Ford,City,Third,31.74
2.14,139,1731,11301,40.52,3,3,Petrol,Automatic,Honda,City,Third,20.4
1.69,235,1802,16885,48.3,5,4,Petrol,Automatic,Hyundai,Highway,First,24.02
4.59,199,1458,21482,74.02,11,1,Petrol,Automatic,Honda,City,First,12.12
1.32,283,1738,7288,36.59,11,5,Electric,Manual,Toyota,Mixed,First,34.2
3.1,158,1579,25681,36.11,11,4,Diesel,Automatic,Hyundai,Highway,Second,35.83
2.64,321,810,12796,54.7,11,3,Electric,Automatic,Ford,Mixed,Third,32.0
4.93,141,2405,12263,43.82,13,1,Diesel,Automatic,Honda,City,Second,22.3
1.45,234,2079,17777,58.44,11,2,Electric,Manual,Honda,Highway,Second,35.98
2.59,118,1195,13770,52.58,11,4,Diesel,Manual,Honda,Highway,Second,39.52
4.88,121,1530,25343,51.75,4,1,Electric,Automatic,Toyota,City,Third,25.48
4.46,358,1208,12385,35.6,5,4,Electric,Manual,Honda,Mixed,Third,26.58
4.27,347,1161,19862,37.05,11,1,Petrol,Manual,BMW,City,Third,13.47
2.03,183,2082,13464,71.05,1,2,Electric,Manual,Honda,Highway,First,36.22
1.68,308,1826,26722,74.29,6,5,Petrol,Manual,Toyota,Highway,Third,24.91
3.67,202,883,9881,41.73,7,2,Diesel,Automatic,Hyundai,Highway,First,35.37
4.72,343,955,25338,35.67,12,3,Diesel,Automatic,Honda,City,First,26.88
3.23,235,2486,21018,32.67,13,4,Petrol,Automatic,Honda,City,First,12.04
3.29,362,1999,20691,60.41,10,5,Electric,Automatic,Hyundai,City,Third,24.54
2.12,312,1506,25311,65.77,8,4,Diesel,Manual,BMW,Mixed,Third,37.1
4.08,389,1271,14367,48.64,5,1,Electric,Automatic,Toyota,Mixed,Third,26.16
1.75,207,1418,26295,63.98,6,3,Electric,Manual,Hyundai,Mixed,Third,37.29
2.29,148,2247,5413,65.65,12,3,Electric,Automatic,Toyota,Highway,Second,31.39
2.7,239,933,22934,76.77,11,4,Diesel,Automatic,Hyundai,Mixed,Third,36.21
3.03,192,1587,25910,33.24,12,3,Diesel,Manual,Ford,Highway,Third,36.65
1.97,245,1706,19714,39.61,0,4,Electric,Automatic,BMW,Mixed,Third,34.45
1.46,369,1663,12141,33.43,8,1,Petrol,Manual,Ford,Mixed,Third,21.9
3.44,151,2203,18182,73.4,5,1,Petrol,Automatic,Hyundai,Highway,Third,18.08
2.15,156,1466,27955,69.63,11,4,Petrol,Automatic,Hyundai,City,Second,20.99
3.32,294,1076,21225,58.73,3,2,Electric,Manual,Toyota,Mixed,Second,32.54
1.62,85,2059,6946,34.18,9,2,Petrol,Automatic,Hyundai,Highway,First,23.64
2.92,379,1681,26587,43.67,8,1,Diesel,Manual,Toyota,City,First,31.71
3.13,232,812,5191,44.89,11,5,Petrol,Manual,Toyota,City,Third,18.6
1.21,167,1141,21424,58.04,0,2,Petrol,Automatic,Hyundai,City,First,26.47
2.35,225,834,19175,42.9,1,4,Electric,Automatic,Toyota,Highway,Second,38.32
1.54,71,1358,15051,33.65,2,1,Diesel,Manual,BMW,Mixed,Third,42.62
1.25,238,2037,10892,66.54,0,3,Diesel,Automatic,Ford,Mixed,First,37.99
4.96,384,2235,8449,44.95,1,3,Petrol,Automatic,Hyundai,Mixed,First,8.27
2.29,394,1204,13327,52.62,1,2,Electric,Manual,Toyota,City,Second,32.41
4.24,161,2317,10909,36.38,6,5,Electric,Manual,Toyota,Mixed,Third,25.45
2.02,250,1457,17393,70.13,9,2,Petrol,Automatic,Toyota,Highway,First,23.29
3.73,300,958,6941,58.28,12,5,Diesel,Manual,Toyota,Mixed,Second,31.79
4.04,370,1755,9221,75.08,5,2,Diesel,Automatic,BMW,Mixed,Third,27.42
3.38,217,2460,28908,54.77,11,3,Diesel,Automatic,Hyundai,Mixed,Second,29.38
2.89,349,1933,11543,77.07,8,5,Electric,Automatic,Hyundai,Mixed,Third,27.37
2.65,258,1348,27606,74.59,13,3,Petrol,Manual,BMW,Highway,Third,22.87
2.4,383,2349,29964,58.82,4,4,Electric,Manual,BMW,Mixed,Third,30.46
4.72,197,1784,22942,76.69,8,4,Diesel,Automatic,BMW,City,Second,26.28
4.32,76,2170,19012,46.15,13,1,Electric,Manual,Hyundai,Mixed,Third,26.11
4.86,116,2459,7121,48.28,12,3,Diesel,Manual,Honda,City,First,23.62
1.5,122,1078,22412,32.27,11,3,Petrol,Manual,Ford,City,Third,25.58
3.92,256,1278,16726,59.46,9,1,Diesel,Manual,BMW,City,Third,30.41
4.75,107,910,29657,66.1,13,4,Petrol,Manual,BMW,Highway,Second,19.66
1.72,295,2459,10656,68.68,13,4,Electric,Automatic,Hyundai,City,Third,27.43
1.27,122,1230,13967,37.49,8,5,Electric,Manual,Hyundai,City,First,37.65
3.96,293,1341,24422,52.21,1,5,Electric,Manual,Ford,Mixed,First,30.2
3.3,223,1938,20764,38.84,14,4,Diesel,Manual,Toyota,Highway,Third,33.38
4.37,117,1913,20873,63.11,11,2,Petrol,Automatic,Hyundai,Highway,Second,15.66
1.56,216,2035,16079,37.9,8,3,Electric,Automatic,Ford,Highway,First,35.22
4.18,133,2373,23262,75.21,2,5,Electric,Manual,Hyundai,City,Second,26.02
1.81,251,2418,7271,41.53,10,2,Petrol,Automatic,Hyundai,City,Third,16.11
1.65,194,2362,6607,44.57,2,5,Diesel,Manual,Hyundai,City,Second,35.08
1.66,248,1159,24523,72.55,11,1,Electric,Automatic,Honda,Mixed,Third,35.76
4.26,108,2309,20679,52.92,10,3,Diesel,Automatic,Honda,City,Third,26.38
3.66,329,1171,21989,31.2,13,5,Diesel,Manual,BMW,Highway,Second,33.93
3.09,72,2038,26119,54.73,14,4,Diesel,Automatic,Honda,Mixed,First,32.76
2.44,133,1838,8665,34.23,8,1,Electric,Manual,Ford,Mixed,Third,32.72
4.51,98,1754,21308,79.27,14,1,Electric,Manual,Hyundai,Highway,Third,28.7
2.57,80,1058,10852,59.41,6,4,Petrol,Automatic,Honda,City,Third,21.5
4.27,166,1577,10462,42.83,14,1,Petrol,Automatic,Hyundai,Mixed,First,13.21
2.76,272,2286,23528,58.19,13,3,Diesel,Automatic,Toyota,Highway,First,32.52
2.51,90,919,9270,33.84,10,5,Electric,Manual,BMW,City,Third,34.41
2.85,108,1775,20697,69.99,14,1,Diesel,Manual,Honda,Mixed,First,34.78
2.21,292,1712,29491,76.27,7,3,Petrol,Manual,Hyundai,Mixed,Second,21.84
3.99,171,1951,22760,73.72,6,4,Diesel,Automatic,Toyota,Mixed,Second,30.17
3.01,115,1522,8462,47.09,8,5,Diesel,Automatic,BMW,Mixed,Second,33.99
1.93,135,1322,20474,46.29,7,4,Electric,Automatic,BMW,Mixed,Second,36.04
4.6,160,2468,5347,31.75,13,5,Diesel,Automatic,Toyota,City,Third,22.39
2.54,233,1124,21384,62.57,3,1,Diesel,Manual,Honda,Highway,Second,40.63
3.17,180,2143,5062,56.75,1,1,Electric,Automatic,Honda,Mixed,First,28.52
4.63,192,2329,6783,52.97,13,5,Electric,Manual,Hyundai,Highway,Third,24.19
3.5,262,2349,13417,75.38,12,3,Petrol,Manual,Ford,Highway,First,15.59
1.47,168,1873,11566,38.39,10,3,Electric,Manual,Hyundai,Highway,Second,37.13
4.76,360,2407,22426,30.48,4,3,Diesel,Automatic,Hyundai,City,Third,22.65
3.51,228,868,15872,33.67,1,2,Petrol,Automatic,Hyundai,Highway,Third,22.2
2.34,172,1190,20318,41.17,3,3,Petrol,Automatic,Toyota,Highway,Third,25.45
1.56,350,1182,6234,31.66,13,1,Petrol,Automatic,BMW,Highway,Second,22.93
4.18,112,815,6984,55.14,11,2,Petrol,Automatic,BMW,Mixed,First,17.1
3.48,153,2262,22978,45.7,1,3,Diesel,Automatic,Ford,Mixed,Third,31.88
3.13,260,1645,27641,39.02,4,1,Diesel,Automatic,Honda,Highway,First,35.7
4.58,120,1668,6952,67.5,5,2,Diesel,Automatic,Hyundai,City,Second,27.32
4.15,279,1367,23079,40.22,10,1,Diesel,Automatic,Toyota,Mixed,Second,29.71
1.61,195,2440,22338,64.38,0,5,Petrol,Automatic,Toyota,Mixed,First,21.86
2.25,138,931,8291,47.46,14,1,Diesel,Automatic,Hyundai,Highway,Third,39.13
1.99,334,2383,13548,55.59,11,2,Petrol,Automatic,Toyota,Highway,First,18.44
3.98,327,2071,19504,76.69,7,3,Electric,Automatic,Toyota,City,Third,22.94
1.13,257,1072,16787,31.87,1,2,Diesel,Automatic,Hyundai,Mixed,Third,41.82
3.28,299,2446,5968,55.01,13,3,Electric,Manual,Ford,Highway,First,26.75
4.05,258,2172,21625,72.72,4,3,Electric,Manual,Toyota,Mixed,Third,26.63
4.51,79,1283,9234,59.4,10,4,Diesel,Manual,BMW,Highway,Third,33.35
2.37,183,1349,13338,43.84,7,5,Petrol,Automatic,BMW,Highway,Third,23.4
4.29,145,1156,12349,49.88,4,4,Electric,Manual,BMW,City,Second,28.54
1.44,233,2141,18368,64.01,2,2,Diesel,Automatic,Hyundai,Mixed,Third,37.3
4.39,154,2456,26545,74.54,5,4,Electric,Automatic,BMW,Mixed,First,24.8
1.51,118,1871,20201,32.05,0,3,Electric,Manual,Honda,Highway,Second,40.12
2.59,395,1833,21070,33.58,0,2,Diesel,Automatic,Toyota,City,Third,31.82
4.19,246,1032,13734,46.25,7,4,Electric,Automatic,Ford,City,Second,26.44
1.6,287,835,13883,41.64,6,1,Petrol,Automatic,BMW,City,First,23.16
1.92,258,1212,6025,43.25,9,5,Petrol,Automatic,Hyundai,Mixed,Second,21.5
3.89,299,2285,17197,41.06,9,1,Electric,Manual,Ford,Highway,Second,26.99
3.88,324,1827,8359,39.79,10,2,Electric,Automatic,Hyundai,Highway,Third,26.25
3.56,305,843,10257,36.53,10,4,Diesel,Manual,Ford,City,First,31.8
3.78,95,1367,27120,76.7,2,3,Petrol,Manual,Ford,City,First,19.6
3.17,141,2377,29063,37.21,7,4,Electric,Automatic,Toyota,City,Second,27.49
2.01,330,2078,7951,40.22,10,2,Petrol,Manual,Ford,Mixed,Third,18.45
2.38,323,1539,12389,42.31,14,2,Electric,Automatic,Honda,Highway,Second,31.67
1.73,340,913,19666,76.65,7,2,Diesel,Automatic,Honda,City,Second,37.1
4.63,192,1196,19952,67.79,13,2,Diesel,Manual,Honda,City,Second,28.7
3.33,213,1997,23939,69.48,13,4,Petrol,Manual,Hyundai,Highway,Third,18.67
2.6,326,2078,19227,35.24,0,1,Petrol,Manual,Toyota,Mixed,Second,19.31
2.85,213,1265,22534,71.82,9,3,Electric,Automatic,Hyundai,Mixed,Third,32.19
4.79,328,2100,20624,50.41,6,3,Electric,Manual,BMW,Mixed,First,23.2
1.61,116,2287,6735,43.14,1,5,Electric,Manual,Honda,Highway,Second,37.1
3.34,82,1646,29315,58.79,11,2,Petrol,Manual,Toyota,Mixed,First,20.23
3.02,277,1301,22422,71.11,1,2,Diesel,Automatic,Honda,City,Second,33.69
3.45,380,1240,11369,68.93,1,2,Diesel,Automatic,Toyota,Mixed,First,31.88
1.07,304,868,12127,74.5,12,1,Petrol,Manual,Hyundai,Highway,Third,28.0
4.49,218,2332,7912,76.41,4,2,Diesel,Manual,Hyundai,Mixed,Second,27.04
4.73,391,1125,20464,41.91,6,5,Petrol,Manual,Honda,Highway,Second,16.06
3.26,224,866,26224,51.19,3,5,Electric,Automatic,Ford,Highway,Third,35.52
3.79,235,1103,17606,30.73,10,1,Petrol,Automatic,Toyota,Mixed,First,16.86
4.69,159,1771,6242,73.97,11,2,Diesel,Automatic,BMW,City,First,24.97
3.83,255,1283,20636,37.73,3,4,Petrol,Automatic,Ford,Highway,Third,19.38
1.61,387,1728,15108,73.07,8,4,Petrol,Automatic,Hyundai,Mixed,First,20.01
3.31,243,2371,13098,46.47,13,3,Petrol,Manual,Toyota,Highway,Third,16.15
3.43,286,2240,8412,48.41,9,1,Petrol,Manual,Ford,Mixed,First,14.07
2.7,333,1982,23883,31.96,8,4,Diesel,Automatic,BMW,City,Third,30.5
3.95,166,948,16632,46.34,6,3,Electric,Automatic,Ford,Highway,Third,32.4
4.74,186,1850,18231,74.42,13,5,Diesel,Manual,BMW,City,Third,26.0
4.7,268,1786,20183,31.28,14,3,Diesel,Manual,Hyundai,City,Third,25.32
2.8,389,1383,12160,50.32,9,2,Electric,Manual,Toyota,City,First,28.67
1.45,90,1047,27494,31.57,14,2,Diesel,Manual,Hyundai,City,Second,41.12
4.94,269,1924,24929,48.55,3,5,Electric,Manual,Toyota,City,First,23.48
4.36,317,1501,22597,38.63,7,1,Electric,Manual,Ford,Mixed,Third,26.82
1.5,345,895,16123,42.61,9,2,Petrol,Manual,Hyundai,City,Second,23.4
4.68,333,2207,21802,73.88,2,2,Diesel,Manual,Toyota,Mixed,Second,26.96
4.48,127,1081,9960,51.8,2,3,Electric,Manual,BMW,City,First,28.62
3.08,371,1121,5788,43.69,11,3,Diesel,Manual,Toyota,City,Third,31.04
3.37,100,2219,23255,59.47,6,3,Diesel,Manual,Hyundai,Highway,Third,35.32
2.6,318,2101,18350,37.11,12,4,Electric,Automatic,Hyundai,Mixed,Third,27.88
1.22,162,1328,23409,42.97,10,5,Petrol,Automatic,Ford,City,Third,24.2
2.34,334,1062,27648,57.31,11,1,Electric,Automatic,BMW,City,Third,31.62
4.21,340,2442,7446,41.88,8,3,Petrol,Manual,Toyota,City,Second,8.82
1.02,163,1379,28813,63.96,12,1,Electric,Manual,Hyundai,Mixed,First,39.41
2.33,223,2463,26207,54.57,10,3,Electric,Automatic,Toyota,Mixed,First,29.61
2.59,354,2116,21183,68.6,3,2,Petrol,Automatic,Honda,Mixed,First,17.28
3.15,149,1093,13752,77.41,3,1,Petrol,Manual,BMW,Highway,Second,24.16
4.68,361,2431,24035,35.79,0,4,Diesel,Manual,BMW,Highway,Second,28.39
2.39,153,1194,18440,46.73,0,3,Electric,Manual,Honda,City,First,35.63
2.39,106,1312,17096,45.98,12,5,Diesel,Automatic,BMW,Mixed,Second,36.78
3.95,396,1720,21923,37.56,13,2,Diesel,Manual,Honda,Mixed,Second,28.26
2.81,301,1609,11499,70.52,2,3,Petrol,Manual,Toyota,Highway,First,21.63
1.9,162,2003,26139,67.99,11,1,Petrol,Manual,Honda,City,Second,20.87
2.81,171,1719,19767,54.22,12,3,Diesel,Manual,Ford,Mixed,Third,34.62
1.56,235,1492,27343,56.89,6,2,Petrol,Automatic,Honda,Mixed,First,24.2
1.71,228,1034,24673,32.98,12,5,Electric,Automatic,Toyota,City,First,34.6
2.99,83,1751,26930,57.78,14,5,Petrol,Manual,BMW,Highway,First,22.23
2.68,294,2160,16337,69.57,8,5,Petrol,Automatic,Ford,Highway,First,18.27
4.66,142,1831,20819,58.69,3,2,Electric,Automatic,Honda,Mixed,Second,26.17
2.45,318,2266,20784,43.27,1,3,Petrol,Manual,Toyota,City,First,17.68
3.32,160,1338,24142,63.38,5,2,Diesel,Automatic,Ford,City,Third,33.42
3.53,285,1619,10311,48.07,5,2,Diesel,Manual,Ford,City,Second,30.33
1.05,159,2481,16452,57.24,8,3,Diesel,Manual,Ford,Mixed,Second,38.21
3.65,98,1914,25491,54.38,14,4,Petrol,Automatic,Honda,Highway,First,18.05
1.71,374,1071,19574,49.06,3,5,Petrol,Manual,Toyota,Highway,Second,26.61
4.84,289,1828,23279,65.94,7,1,Petrol,Manual,Toyota,Highway,Second,14.53
1.59,397,2417,20952,74.19,12,1,Diesel,Manual,Toyota,Highway,Second,35.46
2.66,284,2042,7500,30.26,13,3,Petrol,Manual,Hyundai,Highway,First,18.47
1.34,290,1941,19718,76.68,12,1,Electric,Automatic,BMW,Mixed,Third,32.94
4.99,111,1392,7829,55.58,2,4,Petrol,Manual,Toyota,Mixed,First,15.41
3.01,204,1775,5047,65.04,1,2,Diesel,Automatic,Hyundai,Highway,Third,35.05
3.38,111,2405,7364,72.78,8,5,Electric,Automatic,Hyundai,Highway,Second,28.67
1.27,233,914,27050,53.36,14,1,Electric,Automatic,Ford,Mixed,Third,37.69
4.0,352,1062,17864,71.75,5,1,Diesel,Manual,BMW,Highway,First,34.06
1.84,127,2129,27842,38.88,10,3,Electric,Automatic,Ford,Highway,First,35.66
4.59,371,2477,13177,37.96,7,3,Electric,Automatic,BMW,Highway,First,22.03
1.82,391,2245,18347,62.87,10,2,Electric,Automatic,Ford,City,Second,27.86
1.76,94,1006,29014,73.51,9,5,Electric,Automatic,Honda,Highway,Third,40.55
1.15,142,2446,12931,74.62,8,1,Electric,Automatic,BMW,City,First,32.25
2.89,198,1102,28442,62.19,0,2,Petrol,Automatic,Hyundai,Highway,First,24.93
3.26,156,911,24186,56.27,12,5,Diesel,Automatic,Hyundai,Highway,First,37.38
1.26,399,2240,17841,46.57,0,2,Diesel,Manual,BMW,Mixed,Second,37.06
4.1,222,2378,16844,79.0,10,1,Petrol,Manual,Ford,Mixed,First,12.7
2.81,251,2108,13594,45.98,4,3,Petrol,Automatic,Honda,Mixed,Second,17.06
3.1,194,2463,18418,67.21,8,3,Diesel,Automatic,Honda,City,Second,28.71
2.76,136,984,7086,56.6,6,3,Diesel,Manual,Toyota,City,First,36.4
2.6,75,1700,28108,60.43,6,4,Petrol,Automatic,BMW,Highway,Second,24.12
3.24,194,1020,15419,49.67,1,2,Petrol,Automatic,Honda,City,Second,19.39
1.62,383,2267,27539,78.24,2,1,Electric,Manual,Ford,Mixed,First,33.43
1.73,395,1940,16602,58.58,3,2,Petrol,Automatic,Ford,City,First,18.31
4.45,122,1893,16182,76.89,1,3,Petrol,Automatic,Hyundai,Highway,Third,16.85
4.78,135,1697,17835,30.38,9,2,Electric,Automatic,Honda,City,First,23.5
2.49,383,1893,22533,58.63,8,5,Electric,Automatic,Honda,Mixed,Third,29.27
2.08,151,1421,21446,65.86,4,2,Diesel,Manual,Ford,Highway,Third,41.84
3.58,156,1226,8153,67.25,12,4,Diesel,Automatic,Hyundai,City,Third,30.47
2.63,71,1443,14200,75.25,6,4,Petrol,Automatic,Honda,Highway,First,23.84
1.1,273,1367,27322,30.22,10,3,Electric,Manual,Ford,Highway,Third,40.12
1.62,219,1242,15223,30.02,8,1,Electric,Manual,Hyundai,City,Third,35.42
3.86,362,1400,15273,53.61,4,5,Diesel,Automatic,Hyundai,Highway,Third,31.98
3.64,172,1960,5751,31.46,14,1,Diesel,Automatic,Ford,City,First,26.95
1.11,93,1303,29160,78.73,5,1,Petrol,Automatic,Hyundai,Mixed,First,28.33
1.89,281,930,13849,41.1,3,5,Electric,Automatic,Hyundai,Mixed,First,36.01
1.92,134,1017,22084,53.63,13,4,Diesel,Automatic,Toyota,City,First,37.72
3.69,278,1487,21220,33.06,7,3,Petrol,Automatic,Hyundai,City,Second,14.65
1.08,320,970,15348,56.1,0,2,Petrol,Automatic,Honda,Highway,First,28.65
1.42,186,2298,22924,49.0,0,4,Petrol,Manual,Hyundai,City,Third,22.82
4.2,185,1411,24416,32.23,4,3,Diesel,Manual,Honda,Highway,First,34.93
1.71,306,1791,11167,46.76,9,4,Diesel,Automatic,Ford,Mixed,Second,34.95
3.61,174,1952,11364,49.57,8,5,Diesel,Automatic,Hyundai,City,Second,28.57
1.95,328,856,6983,79.5,1,1,Diesel,Automatic,Ford,Mixed,Second,38.33
1.4,115,2004,29890,40.39,10,5,Diesel,Automatic,BMW,City,First,37.31
1.97,380,1045,19629,57.24,14,2,Electric,Automatic,Hyundai,Mixed,Second,32.59
3.89,285,943,21288,79.37,2,5,Electric,Automatic,Ford,City,Second,28.77
4.42,370,1874,16273,69.6,7,1,Electric,Manual,BMW,City,Second,22.68
4.32,93,1167,27180,79.67,4,4,Electric,Manual,Honda,Highway,First,33.74
2.59,104,2282,12648,78.41,2,3,Petrol,Automatic,Honda,Highway,Second,21.22
3.67,93,1017,12894,54.48,5,2,Petrol,Automatic,Honda,City,Second,18.3
1.82,97,1415,18305,64.82,5,4,Electric,Automatic,Honda,Highway,Third,38.72
2.17,85,2390,17925,35.52,13,3,Diesel,Manual,Honda,City,Third,33.51
4.59,128,2080,23698,52.06,4,1,Electric,Manual,Toyota,City,Third,25.46
1.05,312,1979,29343,70.45,4,5,Electric,Manual,Ford,Mixed,Second,36.91
1.34,276,2388,15327,55.27,5,4,Petrol,Automatic,BMW,Highway,Third,22.46
1.83,340,1241,23033,65.13,1,3,Diesel,Manual,BMW,Highway,First,41.71
1.11,318,1640,29084,67.29,5,3,Petrol,Automatic,Hyundai,Mixed,Third,24.44
1.73,336,1755,16411,42.67,1,5,Diesel,Automatic,Ford,City,First,35.02
3.33,262,1498,11900,73.78,2,4,Petrol,Automatic,Toyota,Highway,Third,19.65
2.69,287,1675,21137,52.99,1,4,Electric,Automatic,Toyota,City,Third,30.19
4.57,184,2485,8800,40.51,0,1,Diesel,Manual,Ford,Highway,Third,29.45
4.27,137,1575,7478,73.27,11,4,Petrol,Automatic,Honda,Highway,First,15.88
2.37,368,1561,14967,50.89,0,5,Electric,Automatic,Honda,City,First,30.34
2.04,394,1744,15158,67.52,8,4,Petrol,Manual,Ford,City,Third,18.19
2.52,144,1722,12054,57.4,12,1,Petrol,Automatic,BMW,Highway,First,21.06
3.36,172,1734,11059,49.09,3,3,Petrol,Automatic,Honda,Mixed,Third,17.55
2.07,366,824,14959,70.49,4,4,Electric,Automatic,Hyundai,Mixed,Second,34.68
3.5,247,1605,17007,59.22,9,5,Diesel,Manual,Toyota,Mixed,Second,32.24
2.64,284,2487,13433,49.53,13,4,Petrol,Automatic,Honda,Mixed,Second,14.23
3.21,384,2359,11209,35.48,14,2,Electric,Automatic,BMW,Mixed,First,23.3
2.74,108,1563,12115,74.77,6,1,Petrol,Manual,Honda,City,Second,20.16
2.18,328,1883,18068,31.77,14,3,Diesel,Automatic,Honda,Highway,Third,34.48
4.79,273,2290,23640,73.16,1,2,Petrol,Automatic,Toyota,Mixed,Third,11.17
4.05,76,1233,8368,48.0,11,5,Electric,Automatic,Hyundai,Highway,First,30.6
1.56,118,1678,28771,61.97,10,4,Petrol,Automatic,Hyundai,City,Third,22.84
4.47,95,1889,21128,76.11,9,1,Petrol,Manual,BMW,Highway,Second,17.27
2.95,230,1709,29942,37.59,8,4,Diesel,Manual,Ford,City,Third,33.56
4.58,245,1364,7827,58.35,11,4,Diesel,Automatic,Ford,Highway,First,29.35
4.2,148,905,20990,68.22,3,4,Diesel,Manual,Ford,Highway,Third,37.05
2.7,71,895,7487,67.88,9,4,Petrol,Automatic,BMW,City,Third,20.98
1.09,201,2374,24987,56.28,9,1,Electric,Automatic,Honda,Highway,Second,36.28
2.07,345,967,24905,61.24,12,2,Petrol,Manual,Hyundai,City,First,21.5
3.17,186,841,18347,67.88,12,5,Petrol,Automatic,Hyundai,Highway,Second,22.08
3.53,233,903,25901,72.05,0,2,Petrol,Automatic,Honda,Highway,Third,22.95
2.03,357,2027,21277,68.09,7,1,Petrol,Automatic,Hyundai,Mixed,First,18.65
1.56,97,1319,6643,47.7,3,5,Diesel,Automatic,Hyundai,Highway,Third,42.35
4.34,70,1081,22596,79.84,6,3,Diesel,Manual,Ford,Mixed,Third,34.54
4.94,257,1866,28729,51.73,2,2,Diesel,Manual,Ford,Mixed,Second,28.81
3.1,125,1746,26087,31.22,10,1,Diesel,Manual,Toyota,City,Third,33.54
1.69,104,1933,26818,48.13,11,1,Electric,Manual,Toyota,City,First,34.56
2.09,181,2033,5019,36.39,8,1,Petrol,Manual,Hyundai,Highway,First,22.3
1.07,355,1548,5675,36.07,14,5,Petrol,Automatic,Ford,City,Second,19.42
4.66,379,1630,25861,44.08,12,4,Petrol,Manual,Toyota,Mixed,Second,12.01
1.47,105,848,21992,32.67,4,3,Electric,Manual,Toyota,Highway,First,43.44
3.31,286,914,27670,64.43,4,5,Electric,Automatic,Ford,City,Second,30.88
2.1,149,1978,21445,33.7,2,5,Diesel,Automatic,Toyota,City,Third,35.51
3.22,383,2472,14457,40.16,10,2,Petrol,Automatic,Honda,City,First,10.36
3.61,152,1302,6154,34.64,8,3,Petrol,Automatic,Honda,Mixed,Second,17.2
4.32,134,1785,14820,33.16,2,1,Electric,Automatic,Ford,City,First,25.73
1.83,394,870,14818,43.39,1,5,Petrol,Manual,Ford,Highway,Third,26.69
1.04,197,1811,8716,58.59,10,3,Electric,Manual,Toyota,Highway,Second,38.16
1.55,376,2342,10242,78.23,12,2,Diesel,Manual,Hyundai,Highway,First,35.26
4.6,91,2159,26943,73.78,8,4,Electric,Automatic,BMW,Mixed,Third,25.42
4.5,285,866,10022,73.8,11,3,Petrol,Manual,Honda,City,Second,13.73
3.39,176,2316,27869,38.8,11,1,Electric,Automatic,Honda,Highway,First,29.26
3.4,178,2473,22826,43.25,8,5,Electric,Manual,Ford,City,Third,26.5
3.66,250,1766,6653,33.82,9,4,Diesel,Automatic,Hyundai,City,Third,27.61
1.7,233,2036,7502,68.92,11,2,Petrol,Manual,Ford,Highway,Third,22.55
4.66,137,980,24653,33.49,12,1,Petrol,Manual,Toyota,Mixed,Third,17.1
2.68,361,1412,21665,57.83,3,4,Diesel,Automatic,Hyundai,Highway,Third,36.45
2.53,249,2422,19086,42.39,3,2,Electric,Automatic,Toyota,Highway,Second,31.5
3.08,250,1496,8403,42.17,12,1,Electric,Automatic,Honda,Mixed,Third,28.51
1.19,238,1402,6235,79.54,10,5,Petrol,Manual,Ford,City,Second,22.94
1.67,91,1047,26144,67.84,9,2,Electric,Automatic,Ford,City,Second,37.0
3.95,135,2037,18149,71.85,14,4,Diesel,Automatic,BMW,Mixed,First,28.58
1.33,90,1158,19396,58.6,12,1,Petrol,Automatic,Hyundai,Highway,First,28.08
3.41,169,1048,28324,73.55,12,3,Electric,Manual,Honda,Mixed,Second,32.8
1.98,369,1437,19430,62.27,5,1,Diesel,Automatic,BMW,Highway,Third,37.94
2.56,172,1749,22169,77.31,8,4,Diesel,Manual,BMW,Mixed,Third,36.24
2.15,116,2339,18864,44.07,7,4,Petrol,Manual,Ford,City,Second,19.56
2.42,108,1911,20506,59.77,9,3,Petrol,Manual,Hyundai,Mixed,Third,21.56
3.88,354,1462,16509,64.51,2,4,Electric,Automatic,Ford,Mixed,Second,27.27
2.19,379,975,8194,49.65,5,1,Electric,Manual,Hyundai,Highway,First,36.09
3.27,159,1522,9789,73.99,14,2,Electric,Automatic,BMW,Highway,Third,30.65
2.9,154,1225,25159,78.99,12,1,Diesel,Automatic,Toyota,Highway,Third,37.53
3.65,342,2426,15638,54.69,6,4,Diesel,Automatic,Honda,Mixed,Third,26.96
4.75,257,1570,10350,49.53,14,3,Electric,Manual,BMW,Mixed,First,23.8
3.93,228,1502,5533,53.6,14,3,Petrol,Manual,Ford,Highway,Third,16.64
1.86,312,880,29977,72.64,5,5,Diesel,Manual,Honda,City,Second,39.52
1.12,142,1726,8663,62.27,2,3,Diesel,Automatic,BMW,Highway,Third,42.13
2.05,118,937,5129,32.24,13,3,Electric,Automatic,Hyundai,Mixed,Second,34.93
3.38,170,2256,17563,57.11,13,4,Petrol,Manual,Ford,Mixed,Third,15.57
1.21,71,1269,24343,30.87,13,2,Diesel,Manual,BMW,Highway,Second,44.76
2.99,313,1149,6858,68.93,12,2,Petrol,Automatic,Hyundai,Highway,First,19.15
3.39,245,1949,20735,46.42,12,4,Diesel,Automatic,Hyundai,Mixed,Third,29.93
2.34,307,2132,17342,53.6,8,3,Petrol,Automatic,Hyundai,Mixed,First,17.38
4.08,128,2053,8649,69.93,3,1,Petrol,Automatic,Honda,City,First,12.97
1.43,168,2283,15978,32.32,1,2,Diesel,Manual,Ford,Highway,Third,40.81
1.3,71,2168,24481,37.93,8,4,Petrol,Manual,Hyundai,Highway,Third,27.24
3.91,312,1109,24896,49.9,2,1,Diesel,Automatic,BMW,City,Second,31.1
2.98,366,1843,9860,41.5,5,3,Diesel,Manual,Hyundai,Mixed,Third,31.79
3.75,280,2384,14412,46.9,4,4,Petrol,Manual,Ford,Mixed,Third,13.99
2.74,192,1801,13833,79.91,13,2,Diesel,Automatic,Honda,City,Second,30.95
1.99,298,2470,19135,71.27,12,1,Petrol,Automatic,Hyundai,Highway,Second,18.84
4.28,151,2364,5723,74.2,14,1,Diesel,Manual,BMW,Mixed,Third,26.41
4.2,213,2383,5737,76.85,1,2,Petrol,Automatic,Ford,City,Third,10.52
3.78,209,2300,18879,47.05,0,1,Diesel,Manual,Hyundai,City,Third,29.63
2.09,98,1068,6299,44.85,8,2,Diesel,Automatic,Honda,City,First,37.08
3.36,339,1826,24864,41.7,2,4,Electric,Manual,Toyota,Mixed,First,29.72
2.44,316,1569,5339,71.51,6,5,Diesel,Automatic,BMW,Mixed,Third,33.36
1.37,81,815,5152,63.98,8,3,Diesel,Manual,Hyundai,City,Second,41.59
4.67,175,1405,27068,41.81,8,4,Petrol,Automatic,Hyundai,City,Third,13.35
1.55,101,2181,14613,48.85,11,3,Petrol,Automatic,Toyota,Mixed,Third,21.46
4.8,143,2469,18755,55.34,9,3,Petrol,Automatic,Ford,Mixed,First,10.2
2.78,240,1612,20982,56.41,5,2,Petrol,Automatic,Toyota,Mixed,Third,19.45
1.74,138,1956,24435,74.44,7,5,Electric,Automatic,Ford,Mixed,Third,34.74
3.17,370,2135,5426,49.03,8,3,Electric,Manual,Hyundai,Mixed,First,26.21
4.49,206,1281,28530,75.43,2,3,Petrol,Manual,Toyota,City,First,16.39
3.93,169,1694,29509,52.07,5,4,Petrol,Automatic,Hyundai,Mixed,Second,17.03
4.23,215,2367,27731,67.32,4,5,Petrol,Manual,Toyota,Mixed,Second,14.38
3.64,78,2128,14327,76.51,6,5,Petrol,Manual,Hyundai,City,Second,15.81
3.77,131,1068,23756,75.38,6,3,Diesel,Automatic,Hyundai,City,Third,33.06
4.4,254,1213,29510,32.85,8,5,Petrol,Manual,Hyundai,Highway,Second,18.85
2.0,98,824,16521,40.29,0,4,Diesel,Manual,Honda,Mixed,First,43.18
2.96,183,1115,22333,53.85,5,2,Petrol,Manual,Toyota,Highway,Second,24.64
1.88,212,1370,29079,51.58,4,3,Electric,Manual,Honda,Highway,Third,39.57
4.95,189,1524,6373,62.04,3,1,Electric,Automatic,Hyundai,City,Third,23.12
4.78,239,2491,12082,77.24,9,3,Petrol,Manual,BMW,City,Second,8.22
1.16,226,1807,14893,35.62,11,3,Electric,Manual,Ford,Highway,Third,37.75
3.82,329,2099,23866,52.59,10,2,Electric,Manual,Toyota,Highway,Third,27.86
4.7,151,1188,12593,39.62,13,1,Electric,Manual,Toyota,Highway,Third,28.92
1.72,311,1521,14495,74.71,0,1,Electric,Automatic,Ford,Highway,Second,36.72
3.27,241,1243,21754,78.23,3,1,Diesel,Manual,Honda,Mixed,Third,35.8
4.66,300,1798,12837,53.94,9,2,Diesel,Automatic,Ford,Highway,Second,27.64
1.14,277,2250,16172,35.2,10,5,Diesel,Automatic,BMW,City,Second,34.22
3.79,144,1880,23680,69.26,6,1,Diesel,Automatic,Hyundai,Highway,Third,33.48
2.19,339,1496,28418,64.86,3,5,Petrol,Automatic,Ford,Highway,Second,23.55
4.7,183,1770,27708,47.73,0,4,Electric,Automatic,Ford,City,Second,25.39
4.88,131,2389,28526,74.37,9,2,Electric,Manual,Hyundai,Highway,Third,26.39
4.78,389,1520,15317,78.79,0,5,Petrol,Manual,Toyota,City,Third,11.72
2.9,171,1167,28412,57.89,0,1,Petrol,Automatic,BMW,Mixed,Second,22.98
4.45,279,1141,27863,58.29,10,1,Diesel,Automatic,Ford,Mixed,First,29.93
4.38,324,1103,25529,44.88,9,5,Diesel,Manual,Ford,City,First,29.44
2.28,89,1563,15934,59.23,4,5,Electric,Manual,Toyota,Mixed,First,36.03
4.32,127,2197,25405,51.98,6,4,Petrol,Automatic,BMW,Mixed,First,14.0
1.15,181,1615,23748,45.11,8,2,Electric,Manual,Hyundai,Mixed,Second,38.27
3.39,382,911,10230,33.36,7,3,Petrol,Manual,Hyundai,City,Third,16.72
1.92,265,1677,18645,42.64,1,4,Diesel,Automatic,Honda,Highway,First,39.22
1.48,161,1829,27354,39.89,8,4,Electric,Automatic,BMW,Mixed,Third,35.78
1.31,121,1729,13954,57.1,3,4,Electric,Automatic,BMW,Highway,First,38.99
3.79,362,1502,28684,60.08,11,1,Petrol,Automatic,Ford,Highway,First,16.67
2.36,77,1645,28139,60.43,9,5,Electric,Automatic,Honda,Mixed,First,34.51
3.9,369,1743,17254,49.41,14,2,Diesel,Manual,Hyundai,Mixed,Third,28.12
1.26,167,1078,22388,51.06,10,1,Electric,Automatic,BMW,Highway,Third,40.28
2.26,305,1181,12057,71.71,4,4,Petrol,Manual,BMW,Mixed,First,22.51
3.16,138,812,8755,53.81,11,2,Electric,Automatic,Toyota,City,Third,30.73
4.16,114,1102,7846,79.39,10,1,Diesel,Automatic,Hyundai,City,First,29.9
2.28,206,2379,27646,51.98,4,3,Petrol,Automatic,Toyota,Mixed,Second,19.49
3.5,303,2440,29925,62.48,3,4,Petrol,Automatic,Honda,Highway,Third,16.57
4.54,101,959,7964,32.52,12,1,Diesel,Automatic,BMW,Mixed,First,30.48
3.46,358,953,13878,62.67,5,1,Petrol,Automatic,Honda,City,Second,16.09
1.93,195,1553,26021,72.57,0,4,Petrol,Manual,Toyota,Highway,Second,27.44
1.1,136,980,17648,77.12,1,3,Electric,Automatic,Hyundai,Mixed,First,40.78
4.48,99,2349,7755,79.87,3,5,Petrol,Automatic,BMW,City,Second,10.91
1.09,183,2003,25008,44.11,3,3,Electric,Manual,Hyundai,Highway,Second,40.09
4.5,273,1176,24116,58.77,7,4,Diesel,Manual,Honda,City,First,29.69
3.12,98,1575,11473,52.54,8,5,Diesel,Automatic,Ford,Mixed,Second,33.9
4.76,200,1991,19554,58.19,11,1,Diesel,Manual,Hyundai,Mixed,Second,27.23
4.2,254,2037,27735,37.87,3,3,Diesel,Manual,Hyundai,City,First,28.84
4.99,322,1973,6693,72.81,5,3,Petrol,Automatic,Hyundai,City,First,8.0
2.4,355,815,16084,75.48,3,5,Petrol,Automatic,BMW,City,Second,20.55
4.07,131,1914,17003,52.48,3,1,Electric,Manual,Honda,City,Third,27.31
2.61,72,1943,22068,44.02,11,3,Electric,Automatic,Honda,City,First,30.34
2.92,137,1052,7919,37.04,10,5,Electric,Manual,BMW,Highway,Third,35.47
3.51,94,1883,28550,64.19,11,3,Petrol,Manual,Hyundai,Mixed,First,18.66
4.49,248,2089,8756,45.61,8,1,Electric,Manual,Hyundai,Highway,Third,25.89
4.94,210,2232,26838,75.48,13,1,Petrol,Manual,Ford,City,First,9.43
4.07,300,830,8283,63.55,3,2,Diesel,Automatic,Hyundai,Highway,Second,33.7
2.67,369,1844,9691,62.28,12,5,Petrol,Automatic,Toyota,Mixed,Second,15.26
2.69,232,1530,28212,57.97,5,4,Diesel,Automatic,Hyundai,City,Third,34.21
3.95,380,2416,12350,32.29,13,3,Electric,Automatic,Ford,City,Third,19.55
1.96,199,1088,22540,76.6,12,1,Petrol,Automatic,Toyota,Mixed,First,23.28
1.44,315,2366,8061,61.4,8,3,Electric,Automatic,Ford,Highway,First,32.62
2.42,366,1297,28541,79.7,2,3,Electric,Automatic,Ford,Mixed,Third,33.37
2.15,241,2297,10919,56.87,6,4,Diesel,Automatic,Honda,Mixed,Third,33.07
2.19,133,2228,27277,65.51,6,1,Electric,Automatic,BMW,Highway,Second,34.8
1.93,100,1347,25829,32.81,0,2,Petrol,Automatic,Ford,Highway,Third,28.12
1.17,116,1760,27820,61.59,10,5,Electric,Automatic,Hyundai,City,Second,35.75
1.07,199,931,22676,68.23,1,3,Diesel,Automatic,Honda,City,Third,42.21
4.95,179,2147,15076,68.93,4,4,Diesel,Manual,Toyota,City,Second,25.76
2.71,138,1657,14752,68.51,7,4,Electric,Automatic,BMW,Mixed,Second,31.89
2.54,127,1955,21012,41.31,5,5,Diesel,Automatic,Honda,Highway,Second,37.35
3.72,175,1320,14175,78.77,13,5,Electric,Automatic,Ford,Highway,First,30.24
1.87,369,829,12902,79.76,13,1,Diesel,Automatic,Honda,City,Second,34.96
4.8,399,1426,7067,33.78,12,3,Electric,Automatic,Hyundai,Mixed,Third,21.34
4.15,325,2124,6979,76.82,12,3,Electric,Manual,Hyundai,Mixed,Third,23.06
1.36,381,803,23120,44.47,6,5,Petrol,Manual,Hyundai,Highway,Third,28.37
2.67,240,2148,23302,64.46,14,2,Petrol,Automatic,BMW,Highway,First,18.49
4.52,231,1308,5700,46.91,14,3,Electric,Automatic,Honda,Highway,Second,26.2
4.78,355,2060,9046,78.39,2,4,Petrol,Automatic,Honda,Highway,First,11.67
2.87,140,2358,7073,35.08,5,5,Petrol,Manual,Ford,Mixed,Second,17.83
3.45,324,815,26045,54.89,8,3,Diesel,Automatic,Toyota,City,Third,32.46
1.67,124,2357,16945,51.4,2,1,Petrol,Automatic,Hyundai,Highway,Second,24.01
4.96,392,1796,21778,46.3,13,5,Diesel,Manual,Toyota,Highway,First,26.78
1.93,72,2407,8048,62.28,12,4,Petrol,Manual,Toyota,Highway,First,22.3
4.77,95,2269,24836,36.55,12,1,Petrol,Automatic,Hyundai,Mixed,First,11.55
3.6,382,2326,5522,65.83,12,5,Electric,Automatic,Hyundai,City,First,20.61
3.43,195,1755,16101,79.03,5,5,Petrol,Manual,Ford,Mixed,Third,18.21
3.05,122,2053,13741,70.23,6,3,Electric,Automatic,BMW,City,First,28.2
1.92,267,1930,22852,73.0,4,1,Electric,Automatic,Hyundai,Mixed,First,33.11
1.71,368,2212,27614,47.98,9,5,Electric,Manual,Toyota,Highway,First,34.24
1.88,257,1062,29500,46.24,12,4,Electric,Automatic,Ford,Highway,Third,37.49
1.75,255,2386,17674,55.85,7,1,Petrol,Manual,Honda,City,Second,18.9
4.12,374,1888,28195,32.29,7,3,Electric,Automatic,Ford,Mixed,Third,24.79
2.4,367,1064,22805,77.27,5,2,Petrol,Automatic,Hyundai,City,Third,19.72
1.23,273,2161,29371,37.19,6,5,Petrol,Manual,Hyundai,Mixed,Third,23.8
4.88,80,2124,5285,75.15,2,2,Diesel,Manual,BMW,Highway,Second,30.34
4.54,215,1177,24129,34.18,12,5,Diesel,Manual,Ford,City,First,29.33
4.71,154,1998,16957,71.13,6,3,Diesel,Manual,Hyundai,City,Third,27.13
4.98,169,1762,12108,37.6,6,3,Electric,Manual,Toyota,Highway,First,27.03
1.7,173,1975,25848,31.91,3,3,Petrol,Manual,Toyota,Highway,First,26.42
2.58,115,1275,19990,65.97,9,3,Petrol,Manual,Ford,Highway,Second,25.17
4.03,113,2089,22829,44.01,13,1,Electric,Manual,BMW,Highway,Second,29.18
3.78,347,1128,10837,65.72,12,1,Diesel,Manual,Ford,Highway,Third,32.77
1.62,250,1986,20032,57.75,3,5,Diesel,Automatic,BMW,Highway,Second,38.99
4.26,256,1237,6466,35.44,13,1,Petrol,Automatic,Toyota,Mixed,Second,13.22
1.9,183,2166,28551,76.61,2,5,Petrol,Manual,Hyundai,Mixed,Second,23.38
1.9,324,2190,14106,52.62,9,1,Petrol,Automatic,Honda,City,First,16.45
3.15,99,2288,13479,66.72,6,1,Diesel,Manual,Hyundai,Mixed,Second,33.0
3.37,333,2022,15280,55.05,4,1,Petrol,Manual,Toyota,City,Third,14.42
3.32,167,2323,25810,60.22,2,4,Diesel,Automatic,Toyota,Mixed,Second,32.03
1.37,382,815,10932,45.14,5,3,Diesel,Manual,Hyundai,Mixed,Third,40.48
4.51,398,2119,14996,40.02,11,4,Diesel,Manual,Hyundai,Highway,Third,26.84
2.06,184,1667,6178,57.13,5,1,Electric,Manual,Toyota,Mixed,Second,34.27
1.52,345,1310,7551,52.01,5,1,Electric,Manual,Hyundai,Mixed,First,35.45
4.55,350,1783,25754,49.51,1,4,Petrol,Automatic,Honda,Mixed,Third,12.96
4.82,344,2062,21025,63.63,12,5,Diesel,Manual,Honda,Highway,Third,27.01
4.45,330,1380,14780,64.53,10,3,Petrol,Automatic,Ford,Highway,Third,14.43
4.24,276,2124,27706,32.3,9,5,Diesel,Automatic,Honda,Mixed,Second,27.36
3.62,397,805,15148,46.94,11,3,Petrol,Manual,Toyota,City,Third,15.85
3.2,280,2043,14967,50.59,6,2,Petrol,Automatic,Toyota,Mixed,Second,15.44
1.35,284,1818,9862,34.84,12,3,Electric,Automatic,Ford,Highway,Third,34.63
2.63,109,2276,14179,41.8,6,5,Electric,Automatic,BMW,Highway,First,32.44
2.49,95,2256,10855,32.58,9,3,Electric,Automatic,Ford,City,Third,28.82
2.04,96,1606,22587,79.81,11,2,Electric,Manual,BMW,Highway,Second,37.82
3.89,259,2209,28733,66.83,3,2,Diesel,Manual,BMW,Highway,Second,32.76
2.98,152,1418,27770,34.37,10,1,Petrol,Manual,Hyundai,Mixed,Third,21.4
1.32,239,2118,6119,31.01,5,2,Petrol,Automatic,Honda,City,Second,19.68
1.88,236,1941,29772,65.96,3,4,Diesel,Automatic,BMW,Highway,First,39.31
3.73,257,1204,8975,51.96,3,5,Diesel,Manual,Hyundai,Highway,Second,35.25
1.3,238,1796,17919,69.34,5,4,Petrol,Automatic,Ford,Mixed,Third,23.31
4.4,358,1393,14602,76.17,8,4,Electric,Automatic,Ford,Mixed,First,24.55
2.98,298,1365,17695,59.97,11,5,Electric,Manual,BMW,Mixed,Second,30.81
2.92,166,1551,6292,39.36,12,4,Electric,Automatic,Hyundai,Mixed,Third,29.68
3.37,85,811,14386,69.11,14,4,Diesel,Automatic,Toyota,City,Second,33.57
4.3,348,2032,15140,77.79,6,4,Petrol,Manual,Honda,Mixed,Third,12.34
2.39,204,964,25039,59.01,1,2,Diesel,Manual,BMW,City,Second,39.19
3.71,95,1677,26170,64.1,13,5,Petrol,Manual,Toyota,Highway,Second,20.16
3.26,81,2117,23601,46.87,5,5,Electric,Manual,Honda,Highway,First,33.49
2.07,141,2342,16772,49.08,13,5,Electric,Manual,Toyota,Mixed,First,31.74
4.51,202,877,11590,66.73,4,4,Electric,Manual,Hyundai,Mixed,Second,29.58
4.19,175,2257,18977,76.39,5,2,Petrol,Manual,BMW,Mixed,Third,14.48
3.63,289,2400,22401,61.45,12,5,Electric,Automatic,Toyota,Highway,Third,26.2
4.4,246,1413,10176,69.49,7,3,Petrol,Manual,Toyota,Highway,Second,16.87
4.47,351,1668,24974,38.58,7,5,Diesel,Automatic,Toyota,Highway,Second,29.46
3.83,202,1611,17399,40.6,14,1,Electric,Manual,BMW,City,First,26.31
4.35,91,1900,29623,56.6,2,3,Diesel,Automatic,Hyundai,Highway,Second,33.45
3.79,338,1871,27560,38.83,8,5,Diesel,Automatic,Hyundai,Mixed,Second,29.11
3.72,230,1566,11647,61.75,5,4,Petrol,Automatic,Toyota,City,Third,14.48
3.47,176,881,26106,44.58,6,5,Diesel,Automatic,Hyundai,City,First,34.33
4.01,348,1008,11015,69.58,8,2,Petrol,Automatic,Honda,City,First,13.49
1.63,304,2268,26506,70.41,14,2,Petrol,Manual,Hyundai,Highway,Second,22.08
4.52,87,2419,20845,53.19,13,5,Diesel,Manual,Toyota,Highway,First,29.6
4.49,311,1321,29067,39.04,12,4,Petrol,Manual,Honda,Highway,Third,16.72
1.12,186,1852,23473,62.34,6,4,Petrol,Automatic,BMW,Highway,Second,26.63
4.3,355,2127,7056,79.64,9,4,Petrol,Automatic,Ford,Mixed,Second,9.54
1.52,351,1793,17176,61.13,8,5,Diesel,Automatic,Hyundai,City,Third,34.17
2.34,213,1264,25064,31.79,0,5,Petrol,Manual,Honda,City,First,23.36
3.97,274,2325,15003,30.86,12,1,Electric,Automatic,Ford,City,First,21.45
1.64,108,2269,26269,46.02,0,2,Diesel,Automatic,BMW,City,Third,37.22
4.27,223,1427,18747,39.79,2,3,Diesel,Manual,Ford,City,Third,30.59
4.33,245,2313,8114,70.65,12,3,Petrol,Manual,BMW,Mixed,Third,10.86
3.03,310,1580,18442,72.24,8,2,Diesel,Manual,Toyota,Mixed,Third,33.37
1.03,203,2251,12383,42.93,0,1,Electric,Automatic,Toyota,City,First,33.98
2.15,115,1358,6629,46.28,0,2,Diesel,Automatic,BMW,City,First,37.14
3.47,119,2182,22927,41.81,4,1,Diesel,Manual,Ford,Highway,Third,35.24
4.92,235,1759,28896,75.42,7,1,Diesel,Automatic,Hyundai,City,Third,25.91
3.53,175,890,27153,55.13,1,4,Petrol,Automatic,Ford,Mixed,Second,21.6
2.04,285,1876,23288,62.81,3,2,Electric,Automatic,Ford,Highway,Second,34.92
3.54,215,1659,22820,50.77,14,3,Electric,Automatic,Hyundai,Mixed,First,27.66
3.16,141,2412,26415,61.55,5,5,Electric,Manual,Ford,Highway,Second,32.26
4.12,399,2027,8317,49.29,14,5,Diesel,Automatic,Ford,Highway,Second,26.14
1.43,342,1355,16251,46.98,0,2,Electric,Automatic,Honda,City,Second,34.49
4.04,316,955,9116,61.72,14,5,Petrol,Manual,BMW,Mixed,First,15.44
3.17,255,801,14623,59.55,3,1,Diesel,Automatic,Toyota,Mixed,Second,35.73
4.85,139,2180,25936,44.68,3,5,Petrol,Automatic,BMW,City,Third,11.29
2.37,219,1624,26947,37.47,8,1,Diesel,Manual,Ford,Highway,First,39.12
3.53,315,2392,11123,48.43,8,1,Petrol,Automatic,Hyundai,Highway,Second,14.07
4.73,331,1601,8061,50.76,5,3,Diesel,Manual,Hyundai,Mixed,First,27.32
1.41,95,1782,13089,61.43,7,5,Petrol,Automatic,Toyota,City,Second,22.49
4.75,209,1881,29840,75.73,11,3,Electric,Automatic,Toyota,City,First,22.7
3.75,168,2077,8731,31.81,9,5,Diesel,Automatic,Toyota,Mixed,Third,28.87
1.27,347,2003,11327,42.18,3,1,Diesel,Manual,Hyundai,Highway,Second,39.43
2.2,120,1292,21361,39.69,9,5,Petrol,Automatic,Ford,Highway,Second,25.18
3.83,220,1468,20907,55.11,7,3,Petrol,Automatic,Toyota,City,First,14.95
1.27,173,1858,24701,51.49,14,4,Petrol,Manual,Toyota,Highway,Third,26.11
3.33,158,874,7046,66.45,2,3,Diesel,Automatic,Hyundai,Highway,Second,37.72
2.38,210,1743,24528,42.12,1,4,Petrol,Automatic,Ford,Highway,Third,23.66
3.48,282,2112,24605,59.72,5,2,Electric,Automatic,Toyota,Mixed,Second,27.24
1.18,302,1170,16332,74.19,4,3,Petrol,Manual,Ford,City,Third,24.89
4.49,252,1386,10064,75.53,7,5,Petrol,Manual,Honda,Mixed,Second,14.59
4.89,320,1128,14445,77.94,14,4,Petrol,Manual,Toyota,Mixed,First,12.46
4.88,78,1389,5722,68.66,0,5,Electric,Automatic,Toyota,Highway,First,29.16
4.0,148,1576,18289,75.3,10,4,Petrol,Manual,Hyundai,City,Third,15.34
1.52,121,1103,20210,41.73,11,3,Petrol,Automatic,Honda,Highway,Second,27.55
4.03,338,1378,29159,39.88,9,3,Diesel,Manual,Honda,City,Second,29.73
1.1,295,1020,12564,30.32,2,5,Diesel,Manual,Honda,Highway,Third,44.34
1.09,120,1778,13275,65.34,6,3,Petrol,Automatic,BMW,City,Second,23.42
2.29,255,1987,26219,76.87,12,5,Diesel,Manual,Hyundai,City,First,33.37
2.95,103,2303,8819,39.35,9,1,Petrol,Manual,Hyundai,Highway,Second,19.62
4.08,360,2278,8364,61.85,13,4,Petrol,Automatic,Toyota,Highway,First,11.04
3.73,299,1174,27473,67.32,11,5,Electric,Automatic,Hyundai,Mixed,Third,28.69
2.78,200,2043,9318,76.38,3,4,Petrol,Automatic,Toyota,Mixed,Second,17.85
2.09,189,2077,28320,62.34,9,1,Diesel,Automatic,Toyota,City,Third,34.03
4.99,395,987,24164,78.51,4,4,Diesel,Automatic,BMW,Highway,First,30.16
2.7,316,2014,16479,47.23,7,5,Diesel,Automatic,Hyundai,Highway,Third,33.65
2.81,261,2212,12398,47.5,0,3,Diesel,Automatic,Hyundai,Mixed,Third,32.21
1.65,392,2038,7452,57.15,0,4,Petrol,Automatic,BMW,Highway,Second,21.59
4.18,279,2198,26672,49.18,11,4,Electric,Manual,BMW,City,Third,23.49
3.77,172,1909,29904,30.07,6,1,Electric,Automatic,Hyundai,City,Third,27.09
1.88,398,1273,5425,66.59,14,2,Petrol,Manual,Hyundai,City,Second,18.47
1.33,202,2441,18865,67.59,12,3,Diesel,Automatic,Toyota,Mixed,Third,35.2
3.72,392,1643,18507,67.35,11,5,Electric,Automatic,Ford,City,First,23.7
3.62,208,1330,25359,47.25,8,1,Electric,Manual,Toyota,Mixed,Second,31.16
2.09,190,1870,13799,56.11,3,5,Petrol,Manual,Honda,Mixed,First,22.35
4.8,163,1888,28053,48.0,7,5,Diesel,Manual,Honda,City,Second,27.84
1.6,198,1762,7124,30.8,9,4,Electric,Automatic,Ford,Mixed,Third,33.37
2.73,160,1274,22684,58.12,14,1,Petrol,Automatic,BMW,Mixed,First,20.28
4.77,161,1969,10015,36.19,6,1,Electric,Automatic,Honda,City,First,22.2
2.68,132,1745,13657,34.0,13,3,Electric,Automatic,BMW,City,First,29.06
3.55,98,2205,23348,67.77,1,2,Diesel,Manual,BMW,Mixed,Third,33.74
2.59,279,1889,26951,30.48,13,5,Diesel,Automatic,Toyota,Mixed,First,32.66
2.1,81,1316,26663,77.95,4,3,Electric,Manual,BMW,Highway,First,40.44
4.94,366,1916,15731,55.76,8,3,Diesel,Automatic,Ford,City,Third,22.47
2.64,199,1225,23744,79.15,12,5,Electric,Automatic,Toyota,Highway,Third,34.72
4.58,362,2291,23423,32.9,12,4,Electric,Manual,Ford,Mixed,Third,21.96
1.92,242,1917,21308,59.18,8,4,Electric,Automatic,BMW,Highway,First,34.59
1.85,277,2441,22568,47.47,2,5,Petrol,Manual,Honda,Mixed,First,20.96
1.12,93,932,19643,72.17,10,1,Diesel,Automatic,BMW,Highway,First,44.89
3.61,168,2257,8934,48.06,11,2,Diesel,Automatic,Ford,Mixed,Second,28.33
2.47,208,2164,16409,43.02,2,4,Electric,Automatic,Hyundai,Mixed,First,31.07
4.46,383,1113,27178,72.88,1,2,Diesel,Automatic,Hyundai,Mixed,First,30.33
2.89,243,1390,13172,48.73,6,3,Electric,Automatic,Honda,City,Second,29.53
4.87,98,2035,5777,30.84,5,3,Diesel,Manual,Ford,Mixed,Second,27.97
1.74,212,2343,24763,49.51,14,5,Diesel,Automatic,Honda,City,First,32.73
4.47,385,1808,20905,62.73,4,5,Electric,Automatic,Toyota,Mixed,Second,23.77
4.11,111,958,7418,42.72,6,5,Diesel,Automatic,BMW,Highway,First,34.79
4.08,368,2091,25461,51.6,3,4,Electric,Automatic,Toyota,Mixed,Third,24.8
4.38,277,1460,17454,32.84,4,2,Petrol,Manual,Hyundai,Mixed,Third,15.51
4.04,399,2426,7439,59.4,8,3,Electric,Automatic,BMW,Highway,Third,23.02
3.5,261,1547,12804,67.81,14,2,Diesel,Manual,Toyota,Mixed,Third,31.02
1.52,229,2297,18023,50.67,10,4,Petrol,Manual,Hyundai,Mixed,Second,21.25
1.13,133,1600,19826,51.01,8,2,Petrol,Manual,Toyota,Mixed,First,26.63
4.68,312,1209,18212,34.41,3,2,Electric,Manual,BMW,Highway,Second,29.24
3.47,327,2297,26653,40.1,5,5,Petrol,Manual,Toyota,Mixed,Third,15.45
4.19,221,2179,26971,37.73,1,2,Electric,Automatic,BMW,City,Third,24.9
2.93,284,1479,6989,54.08,2,2,Diesel,Manual,Toyota,City,First,33.04
1.47,391,2016,12868,56.46,8,2,Electric,Manual,Honda,City,Second,30.92
1.5,235,2094,14258,77.45,5,1,Petrol,Manual,Toyota,City,Third,21.07
3.74,100,913,5944,33.66,7,3,Electric,Manual,Toyota,Highway,Second,34.17
2.72,301,1696,29604,59.99,14,3,Electric,Manual,Honda,Mixed,First,30.89
1.8,351,2346,23281,56.32,10,2,Diesel,Manual,Hyundai,City,First,32.67
2.97,98,1878,27135,55.81,4,5,Electric,Automatic,BMW,Mixed,Second,32.3
1.26,264,864,10150,73.66,1,5,Diesel,Automatic,Ford,Mixed,First,41.53
3.33,325,1483,23081,40.28,6,5,Petrol,Manual,Hyundai,Highway,Second,20.32
2.08,350,2095,16006,32.04,5,3,Petrol,Manual,BMW,Mixed,Second,19.46
4.19,373,2325,15680,63.61,10,4,Electric,Manual,Toyota,City,Second,21.18
2.24,390,2485,20204,47.26,14,2,Electric,Manual,Hyundai,City,Third,26.28
2.82,392,2185,27269,30.88,1,3,Petrol,Manual,Toyota,Highway,Third,19.93
1.05,363,945,6665,42.57,5,5,Petrol,Automatic,Hyundai,City,Second,23.25
1.29,156,1742,17811,45.47,12,3,Petrol,Automatic,Hyundai,City,First,21.75
2.57,218,2032,13951,60.84,7,3,Electric,Automatic,Ford,Highway,First,31.98
2.92,318,2109,15349,38.63,12,3,Petrol,Automatic,Honda,Highway,Third,16.6
3.4,390,1833,14543,50.65,0,5,Electric,Automatic,Hyundai,City,Second,25.76
2.17,352,1538,14460,54.12,3,4,Petrol,Automatic,Toyota,Highway,Third,22.16
3.78,267,985,6785,52.96,0,1,Petrol,Manual,Ford,Highway,Second,21.09
4.44,113,2397,10948,78.7,1,2,Electric,Manual,Hyundai,City,First,24.52
4.12,97,2420,19498,32.28,0,2,Diesel,Automatic,Honda,City,First,28.31
1.16,86,2287,23991,77.55,5,3,Electric,Manual,Toyota,Highway,Third,39.59
2.92,196,1957,29974,59.1,10,4,Diesel,Automatic,Ford,Mixed,First,33.14
1.42,237,1634,7630,69.79,5,5,Electric,Automatic,BMW,Mixed,Second,34.71
1.97,313,1608,12660,51.52,0,1,Diesel,Automatic,Honda,City,First,34.92
4.95,145,970,5238,52.69,3,1,Diesel,Manual,BMW,City,First,29.72
1.57,300,1012,24920,73.97,13,3,Diesel,Manual,BMW,Mixed,Third,39.8
3.0,273,2353,18891,74.8,13,3,Electric,Automatic,Ford,Highway,Second,28.11
3.47,317,2325,25245,41.93,13,5,Electric,Manual,Ford,Mixed,Third,25.9
3.81,371,2395,14338,39.96,3,5,Electric,Automatic,Ford,Mixed,Third,23.63
3.24,283,2423,14749,54.81,7,5,Diesel,Manual,BMW,City,First,28.43
1.04,284,826,15349,75.01,5,3,Diesel,Manual,Toyota,Highway,Second,45.01
2.31,227,1813,18582,46.12,1,4,Electric,Automatic,Ford,Mixed,Second,32.94
3.07,138,1891,16643,62.6,4,3,Electric,Automatic,Honda,Highway,Third,32.58
1.35,154,1589,29875,65.41,3,3,Petrol,Automatic,Ford,City,Third,24.73
2.4,336,1207,17245,68.93,9,1,Petrol,Automatic,Ford,Mixed,First,19.91
1.13,138,2375,12899,58.2,3,5,Petrol,Manual,Ford,City,Second,22.7
1.31,168,1932,12145,50.12,11,2,Petrol,Automatic,BMW,Mixed,Second,22.11
2.59,285,873,10861,78.35,7,5,Petrol,Manual,Toyota,Highway,First,24.17
1.53,230,1377,18051,60.57,4,4,Electric,Automatic,Ford,City,Third,34.84
3.27,163,1479,21632,66.43,2,4,Diesel,Manual,BMW,Highway,Second,38.09
3.76,243,2085,17321,47.25,9,5,Diesel,Automatic,Honda,Mixed,First,28.58
4.2,234,2191,9323,63.5,11,5,Electric,Automatic,Toyota,City,Third,21.43
1.8,184,1585,28485,42.89,14,3,Electric,Automatic,BMW,Highway,First,36.36
1.67,289,1648,7860,42.25,3,2,Electric,Manual,Hyundai,Highway,Second,36.82
1.42,100,1669,22107,65.74,0,3,Petrol,Manual,Honda,Mixed,Third,27.5
3.55,80,1036,19919,56.07,5,1,Petrol,Automatic,Honda,City,First,19.34
3.83,199,1526,5569,64.16,10,1,Petrol,Manual,Hyundai,Highway,First,17.94
1.13,174,2189,13411,43.47,12,4,Electric,Automatic,BMW,City,First,32.13
4.74,96,2109,14586,59.94,14,4,Electric,Manual,BMW,City,Second,22.69
1.21,296,1177,24218,52.2,9,2,Diesel,Automatic,Honda,City,Second,38.38
3.17,71,1460,29312,59.85,3,4,Electric,Automatic,BMW,City,Second,32.32
3.84,170,1629,28055,44.54,5,1,Petrol,Manual,Hyundai,Mixed,First,18.61
4.48,90,1705,7122,65.77,1,2,Diesel,Manual,BMW,Highway,Second,33.29
3.86,127,1175,25384,70.3,4,1,Electric,Manual,Honda,City,First,31.13
4.21,249,1418,19409,43.0,10,5,Diesel,Automatic,BMW,Highway,First,31.38
2.36,89,1452,8089,45.03,8,5,Diesel,Manual,Toyota,Highway,First,39.81
4.26,324,1899,19242,63.06,7,2,Electric,Manual,Hyundai,Highway,Third,27.36
1.32,386,1832,28549,64.78,2,3,Petrol,Manual,Hyundai,Mixed,First,23.98
4.58,107,995,12210,65.2,0,4,Petrol,Manual,Ford,City,Second,17.36
3.19,217,1606,21433,64.13,9,2,Diesel,Manual,BMW,City,First,32.43
4.27,94,1692,5514,49.64,2,4,Electric,Automatic,Hyundai,Highway,Second,29.48
2.81,190,2453,15983,49.74,7,1,Electric,Automatic,BMW,Highway,Third,30.23
3.57,95,2113,15970,42.74,10,3,Petrol,Manual,Toyota,Mixed,Third,16.78
3.11,238,1884,15810,37.84,2,4,Electric,Automatic,Honda,Mixed,First,29.58
3.93,392,1736,15029,64.63,4,5,Electric,Manual,Honda,Highway,Second,28.4
1.33,294,2212,9671,34.66,1,5,Diesel,Manual,Ford,City,Third,35.86
1.24,70,1646,29133,76.89,14,1,Electric,Automatic,Ford,Mixed,Third,37.36
1.99,376,1617,22549,71.33,0,2,Electric,Automatic,Hyundai,City,Third,31.89
1.64,330,2386,15441,72.88,10,4,Electric,Automatic,Hyundai,Mixed,Second,29.94
4.49,82,1363,5414,75.33,9,1,Petrol,Automatic,Hyundai,City,First,13.28
1.88,117,1433,20093,50.43,14,5,Petrol,Automatic,Toyota,Highway,First,24.71
4.9,382,1478,22488,72.34,13,5,Diesel,Automatic,Ford,Mixed,Third,25.09
2.35,360,1817,26242,37.9,4,5,Petrol,Automatic,Ford,Highway,First,21.28
1.73,163,807,24740,31.08,4,3,Petrol,Manual,Honda,Mixed,Third,28.28
4.16,330,2192,7416,69.24,5,3,Petrol,Manual,Ford,Highway,Second,14.03
3.63,347,1868,10611,33.74,1,5,Petrol,Manual,Ford,Mixed,First,15.63
2.99,274,1143,20231,79.43,8,2,Diesel,Automatic,Toyota,Mixed,Second,34.39
3.22,254,1595,26849,63.74,1,3,Electric,Manual,Hyundai,Mixed,First,32.35
3.88,244,2198,13395,67.67,1,4,Electric,Manual,Toyota,City,Second,25.63
1.91,378,2442,28576,42.29,11,3,Electric,Manual,BMW,City,Second,28.9
4.99,138,1850,27056,63.69,14,4,Diesel,Manual,Honda,Mixed,First,27.81
4.9,173,2016,13260,32.16,4,3,Petrol,Automatic,Honda,Highway,Third,13.59
3.6,315,1648,24947,71.89,8,5,Diesel,Manual,Honda,Highway,Third,33.78
1.8,230,2180,27767,38.48,3,4,Diesel,Manual,Hyundai,Mixed,Second,37.84
3.72,269,861,17648,64.87,5,2,Diesel,Manual,Hyundai,City,Second,33.16
1.29,285,1885,18342,41.22,1,3,Electric,Manual,Hyundai,City,Third,34.94
1.12,281,1221,19210,33.42,13,3,Petrol,Manual,Honda,City,First,23.75
2.03,85,1432,11833,54.07,12,5,Electric,Automatic,Honda,City,First,32.85
2.85,274,1591,9752,38.46,3,4,Diesel,Manual,Honda,Highway,Second,36.57
4.47,108,1350,29507,66.47,14,5,Diesel,Manual,BMW,Mixed,First,31.81
3.91,158,2203,25169,41.88,11,4,Electric,Manual,BMW,Mixed,Second,27.18
3.97,325,2100,29919,47.12,8,3,Electric,Manual,Honda,Mixed,First,26.27
2.7,323,1405,16978,58.37,14,3,Electric,Manual,Hyundai,Highway,Second,32.67
2.38,285,2254,13727,44.25,1,3,Petrol,Manual,Hyundai,City,First,17.78
2.48,372,1938,29930,48.9,0,3,Electric,Automatic,BMW,City,Second,29.81
4.95,241,1944,10023,70.78,3,1,Petrol,Manual,BMW,Highway,Third,13.98
1.16,206,1324,5982,38.96,14,3,Petrol,Manual,Honda,Highway,Third,26.45
4.47,247,1698,19305,34.11,3,3,Electric,Automatic,Honda,Mixed,Third,25.86
3.31,146,2239,21146,46.42,0,4,Diesel,Automatic,Hyundai,Mixed,Third,32.59
2.75,257,962,22729,51.22,3,3,Diesel,Manual,Ford,Highway,Second,40.35
3.9,84,1586,27075,57.13,14,3,Petrol,Manual,Hyundai,Highway,First,19.88
2.95,361,1709,27386,48.62,2,4,Petrol,Automatic,Hyundai,Highway,Second,20.17
4.49,388,1781,16201,69.5,12,3,Petrol,Manual,Honda,City,Second,9.63
4.6,394,2160,21910,31.97,1,3,Diesel,Automatic,Ford,Mixed,Second,25.64
2.69,283,1178,28031,51.59,12,5,Petrol,Manual,Ford,Highway,First,23.27
2.11,277,2147,28636,49.11,9,1,Petrol,Manual,Honda,Highway,Second,22.39
3.37,238,972,22314,62.38,14,4,Diesel,Manual,Toyota,City,Third,33.0
4.65,399,1799,23666,78.31,3,5,Electric,Automatic,Honda,Highway,Third,25.47
1.84,349,863,23330,55.52,7,2,Diesel,Automatic,BMW,Mixed,Second,38.63
3.49,374,1924,20365,79.34,6,2,Electric,Automatic,Ford,City,Third,24.73
3.53,215,2145,15733,45.11,8,1,Electric,Automatic,Honda,Highway,Third,28.5
3.93,332,1774,15108,31.54,7,2,Petrol,Manual,Hyundai,Mixed,First,14.46
1.53,73,865,8360,38.28,0,1,Petrol,Manual,Hyundai,Mixed,Second,29.22
3.86,159,2380,14785,49.76,11,2,Electric,Automatic,Hyundai,City,Second,23.18
4.64,129,2422,13112,45.82,1,2,Petrol,Automatic,Honda,Mixed,Third,12.07
1.72,380,1257,21016,34.85,11,5,Electric,Automatic,Toyota,City,Second,31.81
1.95,85,2402,24309,51.63,1,2,Petrol,Automatic,BMW,Mixed,Second,22.22
4.89,296,1252,8625,46.91,11,1,Diesel,Manual,Hyundai,Highway,Third,29.39
1.72,98,2082,10469,36.13,7,3,Electric,Automatic,Honda,City,Third,32.21
4.42,220,2249,6223,44.81,11,3,Electric,Manual,Toyota,Mixed,Second,23.12
2.97,314,1778,12110,74.32,3,3,Petrol,Automatic,Ford,City,First,15.53
1.99,339,977,14157,45.1,8,1,Diesel,Manual,Ford,Mixed,Third,38.12
4.48,148,1079,18251,65.7,1,1,Petrol,Automatic,BMW,City,Second,15.98
2.78,358,1143,9992,60.6,13,3,Diesel,Manual,Honda,Highway,Third,35.56
3.06,222,1840,18646,51.36,3,2,Petrol,Manual,Honda,City,Second,17.84
2.44,346,1095,16870,41.95,12,3,Electric,Manual,Hyundai,City,Second,31.17
3.37,348,1001,9787,48.45,12,4,Diesel,Manual,Toyota,Highway,First,34.45
1.65,126,1761,28202,59.61,14,1,Diesel,Manual,BMW,Mixed,Third,39.09
2.56,255,1483,26110,47.54,14,4,Petrol,Manual,Toyota,Highway,First,22.42
4.88,162,2017,23756,40.74,0,4,Diesel,Manual,BMW,City,Third,28.07
2.03,345,1972,16140,35.82,2,1,Petrol,Manual,Honda,Highway,First,22.68
3.63,227,1174,8299,73.99,5,3,Diesel,Manual,Honda,Highway,Third,35.62
2.3,344,834,14360,52.02,8,5,Petrol,Automatic,BMW,City,First,19.9
4.09,250,2192,11451,61.26,10,4,Petrol,Automatic,Toyota,City,First,9.91
1.52,146,828,17941,54.52,0,3,Petrol,Manual,Ford,Highway,Third,31.24
4.88,220,1574,20993,73.63,14,5,Electric,Automatic,Ford,City,First,21.94
2.82,307,1020,19620,57.35,4,4,Diesel,Automatic,Hyundai,Mixed,First,35.66
1.94,358,852,29967,54.04,11,3,Electric,Manual,Hyundai,Mixed,Third,36.23
1.29,300,1590,25193,76.23,1,4,Electric,Manual,Toyota,Mixed,Third,37.85
1.68,87,2176,23791,65.98,6,3,Electric,Automatic,Honda,Mixed,Second,34.9
3.08,142,2215,26248,35.58,3,2,Electric,Manual,Toyota,Highway,Third,33.54
2.35,258,875,18084,38.89,4,2,Diesel,Manual,BMW,Highway,Second,41.35
4.32,86,1293,10027,69.36,7,1,Diesel,Manual,Ford,Highway,First,34.46
2.72,88,2345,9260,71.79,1,5,Electric,Automatic,Hyundai,City,Third,29.19
1.99,288,916,9828,57.26,2,4,Diesel,Automatic,Toyota,Highway,Second,40.53
3.47,395,1079,13772,57.72,10,4,Diesel,Automatic,Toyota,Highway,Third,32.77
3.83,189,1998,14012,61.6,4,3,Petrol,Manual,BMW,City,Second,14.67
1.67,170,1545,13315,51.96,9,5,Diesel,Manual,Honda,City,Second,37.44
1.67,103,1748,19259,64.01,3,4,Electric,Manual,Honda,City,Third,36.1
1.15,153,1563,17631,35.42,4,5,Diesel,Manual,Ford,Mixed,First,42.0
3.95,265,1094,23258,78.06,2,5,Electric,Manual,Hyundai,Highway,First,33.16
3.66,399,1817,8123,67.51,12,2,Diesel,Automatic,Honda,Highway,Second,28.71
2.9,271,2274,9224,61.56,11,4,Electric,Manual,Honda,Highway,Second,29.54
4.38,80,2341,26638,45.82,8,4,Diesel,Automatic,Honda,City,First,27.08
4.22,287,1844,24582,38.05,7,1,Diesel,Manual,Toyota,Highway,Third,31.6
3.34,322,1896,15977,50.47,13,5,Diesel,Automatic,Honda,Mixed,Third,28.82
4.47,291,1641,28466,63.08,5,3,Electric,Manual,BMW,Highway,First,29.13
1.82,149,1859,19608,61.69,14,2,Petrol,Manual,Ford,Highway,First,24.2
1.45,76,2330,6210,49.13,13,1,Electric,Manual,Honda,City,First,32.24
2.08,341,2056,14218,60.66,0,2,Diesel,Manual,Hyundai,Mixed,Second,35.48
1.23,296,1296,26788,70.69,3,3,Electric,Automatic,Toyota,Highway,First,39.73
3.12,85,1005,25501,31.31,6,1,Diesel,Manual,BMW,City,First,37.25
4.75,81,1225,17453,52.53,9,2,Diesel,Automatic,Ford,Mixed,First,30.38
1.16,360,843,10429,67.93,4,3,Petrol,Automatic,Toyota,Mixed,First,25.24
1.49,310,1914,20210,57.31,3,1,Diesel,Automatic,BMW,City,Third,35.48
2.81,90,2293,13689,62.57,8,3,Diesel,Manual,Toyota,City,Third,32.33
4.74,247,1404,17721,55.83,7,1,Diesel,Manual,Ford,City,First,27.88
2.26,297,2290,14885,79.59,14,4,Petrol,Automatic,Ford,City,Second,14.41
3.03,342,1253,26142,32.73,2,4,Electric,Manual,Honda,City,Second,31.36
1.17,357,1394,13182,54.55,13,2,Petrol,Automatic,Hyundai,City,Third,20.4
1.59,366,2156,13916,34.57,5,5,Electric,Automatic,Honda,Highway,Second,33.25
4.95,203,1306,5375,37.99,11,5,Diesel,Manual,Toyota,City,Second,26.39
4.86,352,1593,28797,49.15,13,3,Electric,Manual,Honda,City,Third,22.38
1.02,222,2293,25782,37.78,13,1,Electric,Automatic,Ford,Mixed,First,33.86
4.81,135,820,25243,78.18,11,4,Electric,Automatic,Ford,Mixed,First,28.26
3.56,206,2051,23070,77.34,3,5,Electric,Manual,Ford,Mixed,Third,29.56
4.47,161,2199,10012,46.81,6,4,Diesel,Manual,Honda,City,First,26.55
2.82,386,1953,21640,61.99,0,3,Petrol,Manual,BMW,City,First,17.02
3.06,328,1419,24984,56.69,0,3,Electric,Automatic,Honda,Highway,Third,33.41
2.96,172,1213,5050,70.78,13,1,Diesel,Automatic,Honda,Highway,Third,35.39
3.67,124,1894,11590,61.37,14,5,Diesel,Automatic,Honda,Highway,Third,31.62
1.56,326,2227,12437,30.01,11,3,Diesel,Manual,Honda,Highway,Second,36.59
1.12,170,2385,20162,68.16,11,3,Diesel,Automatic,Ford,City,Third,35.22
2.23,267,2430,21978,67.34,5,4,Electric,Automatic,Hyundai,Mixed,Third,30.11
3.82,370,2220,18105,55.49,9,2,Petrol,Automatic,Honda,City,Third,9.94
1.81,295,1136,9731,75.15,10,5,Diesel,Manual,Honda,City,Third,36.47
3.69,306,2467,8873,75.42,12,1,Petrol,Automatic,Hyundai,City,First,9.0
4.88,95,2328,16628,56.2,12,1,Petrol,Manual,Honda,City,Third,10.01
1.38,190,1709,14264,60.4,13,4,Petrol,Automatic,Hyundai,Mixed,Third,22.22
3.69,251,1075,10748,79.83,6,1,Diesel,Automatic,Ford,Mixed,Second,32.3
2.78,268,1691,26621,44.94,12,3,Diesel,Manual,BMW,Highway,Second,36.23
4.47,371,812,6476,46.23,8,5,Diesel,Manual,Honda,City,First,28.27
1.71,324,1826,26254,39.14,14,1,Petrol,Manual,BMW,Highway,Third,23.12
3.77,191,1777,13032,74.79,6,5,Diesel,Automatic,Honda,Mixed,Third,30.46
4.35,100,2047,8020,67.22,8,1,Diesel,Manual,Toyota,Mixed,Third,29.2
4.78,384,1773,27450,35.28,9,2,Petrol,Automatic,Toyota,Highway,Second,12.54
3.73,354,974,29437,79.09,13,2,Diesel,Automatic,Ford,Mixed,First,31.52
2.99,175,2208,17684,66.55,8,5,Electric,Manual,BMW,Mixed,Second,29.83
3.47,293,2425,15922,72.53,13,2,Electric,Manual,BMW,City,Third,23.58
4.48,342,1040,20386,32.41,13,2,Electric,Manual,Hyundai,City,Second,24.97
3.28,301,1346,13066,55.25,7,3,Electric,Manual,Hyundai,Mixed,Third,30.25
1.12,325,813,17089,64.93,6,1,Petrol,Automatic,Honda,Mixed,Third,26.06
4.72,93,2018,18408,57.15,11,2,Diesel,Automatic,Hyundai,Highway,Third,29.26
3.76,178,2220,13167,63.33,2,5,Electric,Manual,Hyundai,Highway,First,30.03
3.71,260,2254,17816,70.89,10,3,Electric,Manual,BMW,Mixed,Second,25.99
1.86,94,2129,26164,48.72,13,2,Diesel,Automatic,Toyota,City,Third,34.81
3.64,256,2157,25429,72.43,2,5,Petrol,Automatic,BMW,City,Third,14.0
2.58,357,1524,7233,38.15,10,1,Electric,Manual,Hyundai,Highway,First,32.2
3.6,185,2233,13117,43.54,4,2,Diesel,Automatic,Honda,City,First,28.35
1.43,106,802,19550,32.17,6,5,Diesel,Automatic,Toyota,City,Third,41.44
3.63,351,1490,11359,48.22,12,5,Electric,Automatic,Hyundai,Highway,Third,27.78
5.0,206,2375,19364,49.0,11,4,Electric,Automatic,Hyundai,Highway,Third,22.83
1.19,296,2275,9197,70.26,9,5,Diesel,Automatic,Honda,City,Third,33.39
4.91,389,2499,15293,62.66,6,4,Diesel,Automatic,Honda,Highway,First,24.07
2.63,397,1546,14332,51.84,0,1,Electric,Automatic,Hyundai,Mixed,Second,30.66
4.48,251,1568,5615,62.61,7,1,Electric,Automatic,Hyundai,Highway,First,26.44
4.13,155,1671,17844,32.64,0,3,Electric,Manual,BMW,Mixed,First,29.78
3.27,122,1294,17401,39.01,12,4,Electric,Automatic,Ford,Mixed,Second,30.83
3.95,304,1216,22950,61.35,13,5,Petrol,Manual,Honda,Mixed,Third,16.23
4.51,336,2214,14168,62.07,10,3,Diesel,Manual,Honda,Highway,Third,27.37
2.62,356,2196,14508,68.71,3,3,Electric,Manual,BMW,Highway,Second,31.57
2.31,169,1427,20554,50.15,1,1,Diesel,Manual,Toyota,Highway,First,41.35
3.67,156,1875,7339,66.13,4,5,Electric,Manual,Toyota,Mixed,Third,28.99
4.23,84,2199,21246,64.2,5,4,Petrol,Automatic,Toyota,Highway,Second,16.63
4.05,170,2218,13109,78.17,3,1,Diesel,Manual,Honda,City,Second,28.52
4.19,234,1820,28758,40.76,13,3,Petrol,Automatic,Ford,City,Second,11.95
2.74,98,941,28091,57.58,11,2,Diesel,Manual,Ford,Highway,Third,41.35
4.27,183,1909,15288,60.09,12,3,Petrol,Automatic,BMW,Mixed,Second,12.57
1.48,176,2287,18317,79.93,3,2,Electric,Automatic,Toyota,Highway,First,36.17
3.18,199,845,21762,40.06,6,1,Electric,Manual,Toyota,City,First,32.96
1.02,153,1643,8465,56.16,10,4,Petrol,Automatic,Hyundai,Mixed,Second,24.14
2.3,340,1808,27389,47.31,3,5,Electric,Manual,BMW,Highway,Second,35.19
2.47,313,2061,23655,56.29,1,2,Petrol,Automatic,BMW,Highway,Second,20.95
2.58,283,809,22391,41.61,3,5,Petrol,Automatic,Honda,Mixed,First,22.89
3.78,375,1463,11800,32.38,6,1,Diesel,Manual,Honda,Mixed,Third,30.44
2.55,235,1372,21493,58.63,0,1,Petrol,Automatic,BMW,City,First,20.56
2.79,348,2353,7771,46.79,14,1,Diesel,Automatic,Ford,Highway,Second,29.83
1.95,128,2421,8883,39.1,3,4,Petrol,Automatic,BMW,City,Third,18.5
2.49,159,1448,7600,46.2,5,2,Diesel,Automatic,Ford,City,Third,34.38
1.91,263,1712,10518,32.46,7,5,Diesel,Automatic,Honda,Mixed,Second,35.41
1.29,192,1439,24627,77.52,7,3,Electric,Automatic,BMW,Highway,Second,39.37
3.41,205,1415,22389,59.06,12,1,Diesel,Manual,Ford,City,First,32.1
3.67,208,1497,21689,70.74,8,5,Diesel,Automatic,Hyundai,City,First,30.41
3.48,298,1708,20923,51.16,4,5,Petrol,Manual,Hyundai,Mixed,First,17.54
2.85,343,977,10701,75.17,13,4,Diesel,Automatic,BMW,Highway,Second,34.94
2.52,119,1668,5958,54.17,1,2,Electric,Manual,Toyota,Highway,Third,36.27
4.45,187,1829,26654,58.7,2,4,Petrol,Automatic,BMW,City,First,13.49
3.08,271,1652,12595,54.59,1,4,Diesel,Manual,Honda,Mixed,Second,34.23
2.92,260,1106,8538,66.66,8,5,Petrol,Automatic,Honda,Highway,Third,21.02
1.1,392,1347,28404,58.33,5,2,Petrol,Manual,Hyundai,Highway,Second,27.76
2.36,250,1126,23014,43.58,13,2,Petrol,Manual,Ford,City,Second,20.81
2.52,147,2179,14983,37.28,10,2,Petrol,Manual,Hyundai,Highway,Second,21.22
2.6,144,1194,7603,60.31,11,1,Petrol,Automatic,Ford,Highway,First,22.51
3.32,364,1099,29642,54.46,0,2,Diesel,Automatic,BMW,Highway,Second,36.65
3.13,350,2349,18467,34.8,2,5,Petrol,Automatic,Toyota,Highway,Second,16.74
3.43,90,1548,5205,49.78,6,1,Petrol,Manual,Honda,City,Second,17.67
4.06,240,1084,17442,55.74,6,3,Electric,Automatic,BMW,Highway,First,30.72
4.25,84,1129,10691,71.34,4,4,Electric,Manual,Hyundai,Highway,Second,32.88
3.87,280,849,11141,33.81,2,2,Petrol,Automatic,BMW,Mixed,Second,17.91
4.82,117,1572,24529,47.42,12,3,Diesel,Manual,Toyota,City,First,28.25
1.07,155,2445,24504,71.13,14,2,Electric,Manual,Ford,Highway,Second,36.9
1.78,218,1177,11728,62.42,6,4,Electric,Manual,Toyota,Mixed,Third,36.73
1.03,257,2423,11030,44.5,4,5,Petrol,Automatic,Hyundai,City,Second,19.9
3.59,375,1799,21562,72.27,5,5,Diesel,Manual,Toyota,Highway,Second,32.83
4.59,220,2361,26551,54.66,2,4,Diesel,Automatic,Honda,Mixed,First,27.25
1.97,210,1573,18383,54.92,5,3,Electric,Manual,Toyota,City,First,34.03
4.71,138,1967,21496,78.83,6,1,Electric,Automatic,BMW,Highway,First,27.09
1.24,329,1883,13948,77.36,13,1,Electric,Manual,Ford,Mixed,First,33.55
4.74,78,1667,14088,47.93,7,2,Electric,Manual,Honda,City,Third,25.7
2.41,190,1898,19214,37.03,1,4,Electric,Manual,Honda,Mixed,Second,34.01
1.41,170,802,29734,46.28,1,4,Petrol,Automatic,Honda,Mixed,Second,28.96
2.94,218,2398,13977,31.52,13,1,Petrol,Manual,Hyundai,Highway,Third,17.61
2.03,215,1547,6803,31.04,5,3,Petrol,Manual,Hyundai,Mixed,First,22.49
2.14,312,2271,20389,49.78,7,4,Electric,Automatic,BMW,Highway,Second,31.89
2.23,310,1074,23682,77.05,4,5,Petrol,Automatic,Ford,Highway,Third,24.66
4.21,112,2353,17270,73.57,13,5,Electric,Manual,Toyota,Mixed,Second,25.24
3.16,164,2415,6542,55.57,0,4,Diesel,Automatic,BMW,Mixed,Third,31.08
2.25,295,1014,12259,58.26,10,3,Diesel,Automatic,Hyundai,Mixed,Third,35.99
3.44,75,2308,17400,30.3,0,5,Petrol,Manual,BMW,Mixed,Second,18.68
3.86,283,1128,17546,40.78,9,3,Diesel,Automatic,Ford,City,First,29.67
2.09,275,1054,7154,31.24,8,1,Diesel,Manual,BMW,Highway,First,39.75
2.65,136,2210,13766,67.73,3,2,Diesel,Manual,Honda,Mixed,Third,35.0
1.49,169,925,20749,37.28,11,1,Petrol,Manual,Toyota,City,First,25.46
1.72,81,1566,16230,73.45,9,2,Diesel,Automatic,Hyundai,Mixed,Second,38.82
3.72,306,2407,22765,62.17,0,5,Petrol,Automatic,Hyundai,City,Third,12.4
1.73,391,2373,10902,41.47,10,2,Electric,Manual,Ford,Highway,Second,31.81
3.1,327,2147,6222,37.89,7,2,Electric,Manual,Ford,Mixed,Second,27.16
3.84,204,2027,6501,61.38,1,4,Petrol,Automatic,Ford,City,First,13.11
1.43,291,1995,14050,75.04,11,2,Petrol,Automatic,Hyundai,City,Second,18.66
3.27,225,1016,21208,65.92,1,4,Diesel,Manual,Honda,Highway,Third,39.11
2.03,211,2068,8574,47.43,0,2,Electric,Manual,Toyota,Mixed,Third,33.72
4.85,227,2159,8729,59.37,0,4,Diesel,Manual,Ford,Mixed,Second,27.17
2.93,395,2121,16157,45.54,8,5,Electric,Automatic,Hyundai,Highway,Second,28.38
4.22,331,1631,29124,79.96,12,5,Diesel,Manual,Honda,Highway,Third,31.26
3.2,352,981,24575,67.44,0,2,Diesel,Automatic,Ford,Highway,First,37.18
1.17,298,1133,12476,60.72,5,3,Electric,Manual,Ford,City,First,36.63
3.53,349,1310,22945,51.16,11,5,Diesel,Automatic,Toyota,City,First,29.38
4.81,359,1182,19962,60.91,6,1,Electric,Automatic,Toyota,Highway,Second,26.74
3.41,237,2022,7522,47.08,3,1,Petrol,Manual,BMW,Mixed,Second,16.53
4.28,116,1131,7391,31.44,4,4,Diesel,Automatic,Ford,City,Third,30.42
4.54,272,1988,24059,49.75,3,3,Electric,Automatic,BMW,Highway,Third,26.71
1.91,283,2065,23567,76.52,3,4,Electric,Manual,Hyundai,City,Third,32.42
1.85,315,1699,29852,61.32,9,2,Diesel,Automatic,Toyota,City,Third,34.71
3.44,93,1441,17074,34.2,14,5,Electric,Automatic,Honda,Highway,First,31.74
2.64,390,2050,16796,74.25,14,3,Diesel,Manual,Ford,Mixed,Second,30.78
4.36,343,1433,29450,43.44,0,4,Diesel,Automatic,Ford,Mixed,Second,30.38
4.6,113,2379,7078,42.19,5,4,Petrol,Automatic,BMW,City,First,9.84
2.41,382,1250,25726,44.85,13,1,Petrol,Manual,Toyota,Mixed,Third,20.34
1.95,225,995,17269,58.86,9,2,Petrol,Manual,BMW,Mixed,Third,24.62
4.12,268,2027,19362,57.23,13,4,Diesel,Manual,Ford,Highway,Second,29.96
2.1,231,1257,22504,54.57,9,1,Diesel,Automatic,Toyota,Highway,Third,39.4
4.29,303,1629,17960,65.88,6,3,Electric,Manual,Ford,Highway,Second,28.56
2.69,232,1056,15715,45.83,6,4,Petrol,Manual,Toyota,Mixed,First,22.39
3.67,185,2352,26803,69.1,7,1,Petrol,Manual,Ford,Mixed,Second,15.95
1.38,162,2095,8370,38.77,6,2,Electric,Manual,Honda,Highway,First,37.21
3.5,111,808,6908,69.13,5,5,Petrol,Manual,BMW,Mixed,Third,21.62
2.81,353,1560,24904,63.19,11,3,Petrol,Manual,Toyota,Highway,Second,20.61
3.35,279,1748,9307,64.16,14,4,Petrol,Manual,BMW,City,Third,13.81
1.67,275,2024,25880,54.08,7,1,Electric,Automatic,Toyota,City,Third,31.69
3.95,289,1882,26134,63.35,2,4,Petrol,Automatic,Toyota,Mixed,Third,15.14
4.45,349,1686,16297,33.99,8,5,Diesel,Manual,Toyota,Mixed,Second,27.79
1.87,205,1192,21881,72.58,2,4,Petrol,Manual,Ford,Mixed,Third,26.11
1.38,175,2475,28375,32.78,3,4,Diesel,Automatic,Hyundai,Mixed,Second,37.67
1.09,187,1942,8587,37.44,12,1,Petrol,Manual,Ford,City,Third,21.81
3.57,306,2376,17385,58.84,9,5,Diesel,Automatic,Hyundai,Highway,First,29.4
3.43,378,1198,7413,66.97,13,3,Petrol,Manual,Ford,City,Second,14.33
3.19,169,1130,25184,33.81,5,1,Diesel,Automatic,Hyundai,Highway,First,38.02
1.93,330,2090,27555,76.04,11,5,Diesel,Manual,Toyota,Mixed,First,35.06
2.56,374,2343,15952,78.68,13,5,Petrol,Automatic,Toyota,Highway,Second,16.12
3.38,355,1279,8457,60.3,11,4,Electric,Automatic,Hyundai,Highway,Second,29.25
2.99,397,933,13464,54.06,7,2,Petrol,Manual,Hyundai,Highway,Second,21.5
4.95,172,1715,28353,67.07,2,2,Electric,Automatic,BMW,Highway,Third,28.1
1.55,132,1734,6150,46.42,12,3,Electric,Automatic,Toyota,City,Third,32.32
3.78,244,1154,19537,54.66,9,4,Electric,Manual,Ford,Mixed,First,30.15
2.62,351,1383,12454,75.81,5,2,Electric,Automatic,BMW,Mixed,Second,30.75
2.71,362,2321,19785,77.78,4,1,Electric,Automatic,Hyundai,Highway,First,29.78
3.87,295,1424,26591,76.35,4,3,Electric,Automatic,Ford,Mixed,Third,28.58
3.77,76,1930,16581,43.12,4,4,Petrol,Automatic,Honda,City,First,15.46
4.97,196,1089,5018,41.62,8,1,Diesel,Manual,Honda,Highway,First,31.21
1.51,161,1624,14808,44.88,12,2,Diesel,Automatic,Honda,Mixed,Second,37.65
1.42,259,1428,24562,52.07,6,2,Petrol,Automatic,Ford,Mixed,Second,24.36
3.9,122,1818,21368,45.71,11,2,Petrol,Automatic,Hyundai,Highway,First,17.49
3.31,311,1431,10577,48.71,8,2,Petrol,Automatic,Ford,City,Third,14.64
2.1,201,1970,9081,61.03,14,5,Electric,Manual,BMW,Highway,First,33.46
1.32,181,1126,11454,68.13,8,3,Electric,Automatic,BMW,Highway,Third,39.25
1.34,76,2238,29987,66.78,12,3,Diesel,Manual,Honda,Mixed,First,39.5
4.58,299,1009,13933,70.72,13,2,Petrol,Manual,Hyundai,Mixed,First,14.27
1.77,225,2119,7671,31.61,5,3,Diesel,Automatic,BMW,Highway,Second,37.03
2.29,266,2221,15971,32.39,13,1,Diesel,Manual,Toyota,Highway,First,34.91
1.91,392,1926,19970,69.47,5,1,Electric,Automatic,Toyota,Mixed,Third,31.2
2.42,292,1435,11387,56.65,3,3,Electric,Automatic,Honda,Highway,First,34.21
1.28,319,2331,11833,58.91,7,2,Diesel,Automatic,Honda,City,First,33.19
3.08,152,1667,24008,32.63,13,4,Electric,Manual,Honda,Highway,Third,33.37
1.27,309,2032,26883,42.77,1,2,Electric,Manual,BMW,City,First,34.89
4.2,392,1227,5514,61.92,4,5,Electric,Automatic,Hyundai,Highway,First,27.39
1.93,332,1192,5206,72.96,0,4,Diesel,Manual,Honda,Highway,First,40.42
3.16,258,1625,5947,75.85,9,5,Diesel,Manual,Ford,Highway,First,34.25
4.52,359,1715,15633,55.02,13,3,Diesel,Manual,Honda,Mixed,Third,26.42
3.6,127,1932,20380,57.27,1,5,Petrol,Manual,BMW,Mixed,Third,18.92
3.13,78,1147,23212,71.65,0,3,Diesel,Automatic,Hyundai,Mixed,Third,38.02
2.3,373,849,11861,56.88,5,5,Electric,Automatic,Honda,Mixed,Third,33.34
2.33,184,1715,11094,55.84,1,4,Diesel,Automatic,Toyota,Mixed,First,36.14
3.68,279,1928,11345,75.25,11,5,Petrol,Manual,Honda,Mixed,Third,14.32
4.98,110,2243,23551,69.5,3,2,Electric,Automatic,Honda,Highway,First,26.32
3.65,373,2196,18960,75.45,12,3,Diesel,Automatic,Hyundai,City,Second,25.06
3.23,242,1850,29363,40.91,4,1,Diesel,Automatic,Ford,Mixed,First,33.0
3.92,303,1767,27310,56.22,6,5,Electric,Manual,Honda,Mixed,First,28.03
2.86,350,1599,11532,72.12,9,3,Diesel,Manual,Honda,Highway,Third,34.64
1.24,147,2096,27040,35.56,0,1,Petrol,Manual,BMW,Mixed,Third,26.41
3.25,177,1816,10943,69.73,11,3,Electric,Automatic,Hyundai,Highway,Third,30.11
4.83,350,1448,19569,39.15,10,3,Diesel,Automatic,BMW,Mixed,Second,26.09
1.7,108,2163,14848,70.41,4,1,Electric,Automatic,Honda,City,First,32.76
3.76,188,1100,13793,60.6,14,1,Diesel,Manual,Honda,Mixed,Second,32.72
1.8,96,2303,10439,39.66,3,4,Diesel,Automatic,Toyota,Mixed,First,36.42
3.14,173,2367,6203,53.67,6,5,Electric,Manual,BMW,Highway,First,30.29
1.39,143,2380,28384,64.1,13,5,Diesel,Manual,Hyundai,Mixed,Second,37.73
2.8,260,2088,14583,61.69,9,3,Diesel,Manual,Honda,Highway,Second,34.42
4.02,393,2365,19411,51.36,6,2,Electric,Automatic,Toyota,City,First,21.17
2.39,216,2419,28023,74.97,7,2,Diesel,Manual,Toyota,Mixed,Second,34.57
3.66,324,965,29073,55.96,3,3,Diesel,Automatic,Ford,Highway,Third,35.92
4.18,353,1115,18117,55.29,3,4,Electric,Manual,Hyundai,City,First,27.18
4.71,282,800,28897,33.11,9,1,Petrol,Automatic,Toyota,City,Third,14.04
1.94,192,1819,28010,76.11,4,3,Petrol,Manual,Hyundai,Highway,Second,25.98
2.6,275,2084,12386,38.86,4,5,Petrol,Automatic,Honda,Highway,Third,19.44
1.61,309,862,8131,56.42,10,2,Petrol,Automatic,Ford,Mixed,Second,23.08
4.97,355,1282,28518,70.18,2,2,Petrol,Manual,Hyundai,City,Third,13.07
4.71,91,2499,25114,40.77,4,2,Petrol,Automatic,Ford,City,Second,10.95
3.16,328,2144,24050,56.37,4,4,Electric,Automatic,Hyundai,Highway,First,29.75
4.37,174,2024,21933,42.03,7,5,Electric,Manual,Hyundai,City,First,25.12
3.08,327,1021,26125,67.98,6,4,Electric,Manual,BMW,Highway,First,34.96
3.49,273,951,22628,58.22,7,1,Diesel,Automatic,Ford,Mixed,First,33.88
1.36,379,1443,17078,72.8,12,3,Petrol,Manual,Hyundai,Highway,Second,24.54
4.02,331,1425,25396,74.73,4,3,Petrol,Automatic,BMW,Mixed,Third,15.59
1.51,176,2285,27580,62.44,11,2,Electric,Manual,BMW,Highway,First,36.57
4.3,320,1016,25929,66.27,10,2,Diesel,Manual,Ford,Mixed,Second,31.41
4.13,290,995,11205,57.46,1,1,Diesel,Manual,Honda,City,Second,31.35
3.83,291,2025,28574,49.22,7,4,Electric,Automatic,Ford,Highway,First,28.28
1.14,327,1794,29619,62.41,8,5,Petrol,Manual,Hyundai,Highway,First,26.38
2.21,270,1814,18869,75.41,1,1,Diesel,Automatic,Honda,Highway,Second,37.76
2.05,327,1446,5658,50.83,13,3,Petrol,Automatic,Ford,Mixed,Third,18.66
2.44,294,2057,28379,45.72,0,3,Diesel,Manual,Ford,Highway,Second,38.05
1.35,271,1964,19382,49.42,11,4,Petrol,Manual,Ford,Highway,First,24.39
4.75,295,1507,17122,51.77,5,1,Diesel,Manual,Ford,City,First,27.22
3.22,305,2321,16059,33.68,2,5,Petrol,Manual,Honda,Highway,First,18.11
2.22,252,2378,18335,54.92,0,1,Petrol,Manual,Hyundai,Highway,Third,22.31
2.59,269,1880,27160,54.72,12,1,Petrol,Automatic,BMW,Highway,Third,20.0
2.79,315,2327,26677,59.42,5,4,Electric,Manual,Ford,Highway,Third,31.68
3.4,180,1965,23075,48.14,11,5,Petrol,Automatic,BMW,City,Second,14.53
3.06,75,1521,15417,60.66,7,3,Petrol,Automatic,BMW,Highway,Second,22.04
4.68,305,2407,16258,73.91,8,2,Diesel,Manual,BMW,Highway,Third,27.04
2.99,196,2362,15139,77.77,12,5,Diesel,Manual,Ford,City,Third,29.64
4.97,173,1439,14557,59.18,5,3,Electric,Automatic,Ford,Mixed,First,25.31
4.41,306,905,12735,32.13,11,4,Diesel,Automatic,Ford,Mixed,First,29.18
1.83,224,964,24514,78.46,5,5,Petrol,Manual,Ford,City,Second,24.97
4.72,326,1014,28428,65.29,0,5,Electric,Automatic,Toyota,City,Third,26.31
1.47,304,1894,25917,46.8,4,3,Electric,Automatic,Hyundai,Mixed,Third,34.47
4.27,358,2488,26931,37.36,2,3,Electric,Automatic,Toyota,Highway,Second,25.21
2.52,109,2402,22351,37.17,6,1,Petrol,Manual,Honda,Mixed,Third,20.21
4.51,357,889,22788,38.39,11,1,Petrol,Automatic,Toyota,Highway,First,16.11
4.47,266,1673,14947,32.28,8,5,Diesel,Automatic,Toyota,City,Third,25.96
4.22,342,2051,20544,75.11,12,2,Diesel,Automatic,Toyota,City,Second,24.24
4.16,333,1902,25014,57.04,10,4,Diesel,Manual,Hyundai,City,Second,27.02
2.22,126,1407,19795,65.0,5,3,Electric,Manual,BMW,Mixed,Third,36.43
1.32,367,1148,24352,71.41,4,1,Petrol,Automatic,Honda,City,Second,23.21
2.61,167,1693,28653,69.58,6,4,Diesel,Automatic,Honda,Mixed,First,36.05
1.69,206,1045,6579,74.13,10,5,Petrol,Automatic,Hyundai,Highway,First,25.29
3.78,156,1071,15987,78.36,8,3,Electric,Manual,Toyota,Highway,First,33.4
2.38,311,1202,10992,51.95,4,3,Petrol,Manual,BMW,Highway,Third,23.89
4.9,268,2492,5050,77.52,14,1,Petrol,Automatic,Ford,City,Second,8.0
3.56,379,1939,11452,66.16,4,2,Electric,Automatic,Hyundai,Highway,First,27.55
4.29,153,2258,10153,33.53,9,3,Diesel,Automatic,BMW,City,Second,25.28
1.53,311,2353,20340,64.09,3,2,Petrol,Automatic,Hyundai,Mixed,Second,20.3
4.45,350,2265,18900,64.34,4,4,Petrol,Automatic,Hyundai,City,Second,8.99
4.69,392,1995,27407,75.29,6,3,Electric,Automatic,Ford,Highway,First,24.5
2.95,321,1839,19970,48.65,2,3,Petrol,Automatic,BMW,City,Second,16.09
3.43,259,1760,25684,59.25,3,2,Petrol,Manual,Toyota,City,First,17.07
4.06,221,1697,7787,30.61,8,1,Petrol,Manual,BMW,Mixed,First,14.89
1.7,371,1879,18381,46.6,14,5,Electric,Manual,BMW,City,First,30.24
3.01,347,2414,20589,33.11,11,4,Petrol,Automatic,Toyota,Highway,Third,15.47
2.59,208,1926,20839,56.09,1,3,Electric,Manual,Ford,City,Second,31.73
1.59,245,1083,7155,70.87,7,1,Diesel,Automatic,BMW,City,Third,37.13
2.47,77,1316,12019,40.32,8,3,Petrol,Manual,Toyota,Highway,Third,25.39
1.27,364,1417,26744,56.37,4,4,Electric,Manual,Hyundai,City,Third,35.86
1.1,304,2101,25614,40.2,6,5,Electric,Manual,Hyundai,Mixed,Third,35.76
1.54,232,1411,12607,36.03,5,3,Petrol,Manual,Toyota,Highway,First,26.75
4.85,118,1549,15928,55.55,0,2,Electric,Manual,Hyundai,Highway,First,30.2
3.2,371,2092,20657,33.96,14,1,Diesel,Automatic,BMW,City,Second,26.66
4.86,107,1199,13598,59.37,7,5,Diesel,Automatic,Toyota,Mixed,Second,29.87
2.73,205,2326,16571,31.57,8,3,Diesel,Manual,BMW,Mixed,First,32.82
2.25,379,885,25581,35.34,9,5,Diesel,Automatic,Honda,Highway,Second,38.68
3.02,288,1119,21206,57.5,10,2,Electric,Manual,Ford,Highway,Second,34.14
2.76,365,1855,16887,59.57,0,3,Electric,Manual,Ford,City,Third,29.43
1.42,103,1135,20028,31.45,14,5,Diesel,Manual,Ford,Highway,Third,43.61
3.56,148,850,20975,58.67,7,3,Diesel,Automatic,Toyota,Mixed,Third,35.36
1.86,305,1902,18839,71.93,2,3,Diesel,Manual,Honda,City,Third,35.65
3.48,342,973,18919,66.12,11,5,Diesel,Manual,Ford,City,Third,31.66
3.6,230,2441,10412,36.56,5,3,Diesel,Automatic,BMW,Mixed,First,28.18
1.61,244,1300,9499,59.62,9,2,Electric,Manual,Ford,Mixed,Third,35.81
1.25,377,2398,9909,63.61,7,5,Diesel,Automatic,Honda,Highway,Third,35.69
4.12,290,875,28553,31.86,4,5,Diesel,Automatic,BMW,Mixed,First,32.95
2.84,78,1115,20478,72.77,7,2,Petrol,Automatic,BMW,City,Third,21.04
1.23,358,2196,16094,75.31,6,2,Electric,Automatic,Toyota,City,Second,30.86
4.98,182,1904,24646,72.52,6,2,Diesel,Automatic,Toyota,Mixed,First,27.19
1.23,274,2463,24373,71.23,6,3,Electric,Automatic,Hyundai,Highway,Second,35.14
3.78,255,1496,12654,67.25,8,3,Petrol,Automatic,Honda,City,Second,13.76
4.93,266,1809,20982,61.67,5,4,Petrol,Automatic,BMW,Highway,First,13.55
1.96,335,1531,23608,63.93,5,3,Diesel,Automatic,Honda,Mixed,First,36.45
1.57,331,1894,26760,70.32,10,2,Diesel,Automatic,Ford,Highway,Third,37.83
1.49,317,1768,7920,63.12,8,4,Diesel,Automatic,Ford,City,First,34.03
2.21,184,1653,29085,46.39,14,2,Diesel,Automatic,Hyundai,Mixed,First,35.82
1.4,190,1465,27925,48.8,5,1,Petrol,Automatic,BMW,City,Third,24.08
3.77,210,1451,10615,74.85,6,5,Electric,Automatic,BMW,City,Third,26.7
1.25,134,1894,9315,30.86,14,1,Diesel,Automatic,Hyundai,Mixed,First,37.07
3.04,345,845,27484,64.94,6,2,Electric,Automatic,Ford,Highway,Third,34.41
4.99,382,1870,17460,77.74,1,3,Diesel,Automatic,BMW,Mixed,Third,25.19
4.26,308,2414,7783,65.31,12,5,Diesel,Manual,Honda,City,Third,23.45
3.46,371,2245,14605,79.7,11,3,Petrol,Manual,BMW,City,Second,11.54
2.23,79,948,17789,64.38,7,3,Diesel,Automatic,Ford,City,Third,38.34
3.5,302,1709,16840,31.72,11,5,Diesel,Automatic,BMW,Mixed,Second,29.64
3.11,264,1953,24192,71.35,10,5,Diesel,Manual,BMW,Mixed,First,32.46
2.7,81,1255,8331,44.23,5,1,Petrol,Manual,Toyota,Mixed,Second,23.09
1.52,246,2462,23562,52.3,3,2,Electric,Automatic,BMW,Mixed,Second,33.02
4.55,246,1676,22181,45.6,10,3,Petrol,Automatic,Hyundai,Highway,Second,14.67
2.8,286,2454,7846,43.43,12,2,Diesel,Manual,Hyundai,City,Second,28.25
1.78,80,1765,5929,51.57,6,2,Diesel,Automatic,Honda,Highway,Second,39.68
2.47,187,1668,9818,48.94,7,4,Diesel,Manual,BMW,City,Second,34.32
2.66,233,2328,24475,61.67,0,1,Electric,Automatic,Honda,City,First,29.11
4.31,108,1728,7262,70.66,9,3,Electric,Manual,Ford,Highway,First,29.11
3.93,122,1823,17775,44.85,12,5,Diesel,Automatic,Ford,Mixed,First,29.89
4.08,287,1800,12549,40.69,12,5,Diesel,Automatic,Toyota,City,Second,25.6
1.04,275,1573,24864,63.34,3,2,Electric,Manual,Toyota,Mixed,Third,38.65
2.66,381,1043,24726,63.52,3,1,Petrol,Automatic,BMW,Highway,Second,22.81
2.93,125,1273,27437,75.06,9,1,Petrol,Manual,BMW,City,First,21.06
1.08,187,1181,28958,30.8,8,3,Electric,Manual,Honda,Mixed,Second,40.37
2.04,322,1926,29243,72.65,12,3,Electric,Manual,Honda,Highway,First,34.33
4.04,355,1288,14409,56.05,5,2,Diesel,Automatic,BMW,City,Third,28.12
1.55,337,1860,14656,61.07,3,2,Electric,Manual,BMW,Highway,Third,36.4
3.14,360,2477,9174,34.57,12,2,Electric,Automatic,Toyota,Mixed,First,23.61
1.86,249,2372,28531,51.63,0,4,Diesel,Manual,Toyota,City,First,35.86
1.05,304,2343,9770,41.37,7,1,Electric,Manual,Toyota,City,Second,32.11
1.96,265,2156,10833,42.71,10,2,Diesel,Manual,BMW,City,Second,32.86
4.9,377,1196,29589,55.2,8,1,Petrol,Manual,Honda,Highway,Second,15.82
4.21,149,1095,28386,70.62,4,5,Petrol,Automatic,Hyundai,Highway,Third,20.57
4.84,204,906,23677,67.19,4,5,Petrol,Automatic,Hyundai,Highway,Third,18.17
2.95,91,1659,7045,59.55,9,1,Diesel,Automatic,Honda,Highway,Third,35.72
1.44,294,1753,6037,56.97,7,5,Petrol,Automatic,Honda,Mixed,Second,21.04
3.19,127,1329,11242,51.37,7,5,Petrol,Automatic,Honda,Highway,First,21.36
2.82,162,1906,14651,78.64,4,5,Diesel,Automatic,Toyota,Highway,First,35.9
4.38,261,1733,29832,58.01,3,3,Diesel,Manual,Ford,Highway,Second,32.93
1.39,172,1087,17321,42.7,5,3,Petrol,Automatic,BMW,Mixed,Second,26.27
2.95,76,1505,11162,41.5,9,1,Petrol,Automatic,Toyota,Mixed,First,19.76
1.6,197,2284,9073,60.57,4,1,Petrol,Automatic,Hyundai,City,First,19.13
2.3,124,1014,22667,56.14,7,4,Electric,Automatic,BMW,Highway,Third,38.27
3.95,300,2104,21035,30.38,8,3,Diesel,Automatic,Honda,City,Second,26.2
2.9,131,1531,11732,71.5,12,1,Diesel,Automatic,Hyundai,City,Third,32.15
2.5,309,2282,27329,65.21,0,3,Diesel,Manual,Honda,Mixed,Third,34.8
2.58,159,1143,8487,63.09,8,4,Diesel,Manual,Honda,Mixed,First,37.37
2.84,301,993,7184,33.44,12,1,Petrol,Automatic,Honda,City,Second,16.84
4.14,302,957,29934,48.1,8,1,Diesel,Manual,BMW,City,First,31.53
4.57,361,1264,18890,76.77,5,1,Electric,Automatic,Hyundai,Highway,Third,27.31
4.82,221,903,24571,73.13,10,1,Electric,Manual,Hyundai,Mixed,Second,28.23
4.15,214,833,14417,44.28,9,2,Petrol,Automatic,Honda,Mixed,Third,16.85
2.26,199,1925,10495,37.85,4,3,Petrol,Manual,Toyota,City,Third,19.55
3.75,210,1438,23681,52.45,6,3,Diesel,Manual,Ford,Mixed,First,33.56
2.75,162,1124,19781,47.79,10,3,Petrol,Automatic,Toyota,City,Second,19.68
2.02,183,1490,12097,64.11,7,4,Petrol,Automatic,BMW,City,Second,20.42
4.36,353,1391,13469,78.32,8,2,Petrol,Manual,Ford,Mixed,Second,13.85
1.15,212,940,17399,48.15,8,3,Electric,Automatic,Toyota,Highway,Second,40.53
4.61,292,1273,21202,33.11,9,3,Diesel,Automatic,Hyundai,Mixed,Third,28.43
2.85,301,1854,24928,74.88,10,1,Petrol,Automatic,Toyota,City,First,15.57
3.55,102,1683,15985,31.9,2,1,Diesel,Automatic,Honda,City,Second,32.05
3.64,345,862,11831,77.64,12,1,Diesel,Automatic,BMW,Highway,Third,33.07
4.58,239,2383,21775,63.23,7,3,Diesel,Automatic,Toyota,City,First,24.18
3.55,209,1910,5968,77.08,0,1,Electric,Manual,Toyota,Highway,First,31.22
3.46,270,1103,15382,39.98,6,3,Diesel,Automatic,Ford,Mixed,First,33.07
1.27,92,1884,10151,32.03,11,4,Diesel,Automatic,Honda,Highway,Second,40.17
3.07,293,1195,15818,54.41,14,4,Petrol,Manual,Ford,City,Third,16.98
1.6,339,1133,25748,52.53,4,5,Petrol,Manual,BMW,City,First,24.0
3.95,222,1585,24691,46.57,12,2,Electric,Manual,BMW,Highway,First,30.24
3.05,154,1210,15792,77.88,12,1,Diesel,Automatic,Honda,Mixed,First,34.33
3.72,178,1083,11125,71.13,1,1,Electric,Manual,Ford,Highway,Third,34.19
1.17,100,1265,9370,63.08,1,2,Diesel,Manual,Honda,City,Third,42.02
1.34,298,879,9838,38.14,7,2,Electric,Manual,Ford,Mixed,Second,37.9
3.87,309,1583,21175,66.72,4,5,Diesel,Manual,Hyundai,Highway,Second,33.6
1.29,379,1900,29661,66.35,13,2,Petrol,Manual,Honda,Highway,Third,24.01
1.29,210,1532,8134,51.25,11,3,Electric,Manual,BMW,Highway,Second,37.96
1.05,225,2363,17691,76.24,10,1,Petrol,Manual,Ford,City,Third,21.05
4.83,368,2184,15431,38.35,2,2,Diesel,Manual,Hyundai,City,Second,24.13
3.95,168,876,16556,43.37,0,3,Electric,Automatic,BMW,City,Second,30.22
2.41,116,1308,6054,33.16,10,2,Petrol,Automatic,Ford,Mixed,Third,21.1
2.19,396,1987,25113,69.77,6,3,Petrol,Manual,Hyundai,Mixed,First,19.51
2.4,136,1832,7669,61.09,10,4,Petrol,Automatic,BMW,Mixed,First,19.19
4.1,131,1998,21659,45.75,11,3,Diesel,Automatic,BMW,City,Second,27.63
3.65,178,1261,21081,38.19,2,5,Electric,Automatic,Hyundai,Mixed,First,31.2
1.74,236,2130,17938,32.01,6,3,Petrol,Manual,BMW,Mixed,First,21.76
1.7,106,2411,10717,38.34,11,2,Diesel,Manual,Ford,Highway,Second,38.0
1.39,188,1044,17282,52.66,1,4,Diesel,Automatic,Ford,City,First,40.45
3.64,155,921,19891,42.36,3,4,Diesel,Manual,BMW,Highway,Third,38.6
4.06,121,984,14297,42.95,1,3,Electric,Automatic,Toyota,City,Third,29.68
2.06,160,831,19201,73.78,3,2,Diesel,Manual,Hyundai,City,First,40.37
1.08,358,1797,21289,55.76,4,4,Diesel,Automatic,Toyota,Mixed,Third,38.05
1.33,367,1561,29406,66.46,14,3,Electric,Manual,Ford,Highway,Third,36.99
4.87,273,1368,29384,31.79,13,3,Electric,Manual,BMW,Highway,First,27.64
2.18,307,1109,17873,48.26,7,3,Diesel,Automatic,Honda,Mixed,Third,36.71
4.08,224,2195,21512,53.96,1,4,Diesel,Automatic,Honda,Highway,Second,31.19
3.5,309,2479,28461,39.32,9,1,Petrol,Automatic,Toyota,Highway,Second,15.13
2.53,205,1629,25710,36.01,2,2,Electric,Automatic,Toyota,City,Second,32.05
1.82,133,2419,24952,73.52,9,5,Electric,Manual,Toyota,Highway,First,35.79
1.49,192,1791,18448,76.97,11,5,Petrol,Manual,Ford,Highway,Third,25.45
3.46,323,1879,20198,33.94,12,2,Diesel,Automatic,Ford,City,First,27.48
4.1,183,1590,12622,47.45,4,1,Diesel,Automatic,BMW,Mixed,First,30.48
3.58,89,2096,13080,77.91,10,2,Diesel,Manual,Ford,City,Third,30.16
3.12,85,1263,7402,34.16,11,3,Diesel,Manual,BMW,Mixed,Third,35.49
1.17,214,1477,23031,62.18,11,2,Petrol,Manual,BMW,Mixed,Third,25.69
4.87,277,2279,8556,78.61,8,2,Electric,Manual,Toyota,City,First,20.12
4.19,88,1778,7193,78.91,9,4,Electric,Automatic,Honda,City,First,24.85
2.17,235,1469,15239,53.56,10,5,Diesel,Automatic,Toyota,Mixed,Second,35.6
4.92,107,2072,24488,38.14,4,5,Petrol,Manual,Ford,City,First,12.75
3.41,250,1497,25739,40.1,14,3,Diesel,Manual,Hyundai,City,Third,31.16
3.33,174,1793,23518,74.48,13,3,Diesel,Automatic,Ford,Highway,First,33.6
3.99,169,877,25287,75.58,8,4,Petrol,Automatic,Honda,City,Second,17.32
4.25,159,1333,24997,60.39,3,3,Petrol,Manual,Ford,City,Third,17.08
3.63,369,907,13583,68.31,9,1,Electric,Automatic,Honda,Highway,Second,30.33
1.51,148,2096,23663,67.0,4,4,Electric,Automatic,Hyundai,Mixed,First,35.35
2.35,142,1563,17875,63.09,14,4,Diesel,Manual,Hyundai,Mixed,First,36.49
4.71,245,814,15686,71.36,8,2,Diesel,Automatic,BMW,City,Second,28.55
1.9,165,1169,22536,64.27,3,2,Electric,Manual,Ford,City,Second,36.94
2.49,172,2127,6294,56.7,4,1,Petrol,Manual,BMW,Mixed,Third,19.62
2.73,293,2495,20448,41.85,4,4,Diesel,Manual,Toyota,City,Third,30.69
2.76,75,1004,26673,67.19,3,4,Diesel,Automatic,Toyota,Mixed,Second,39.47
3.45,191,1936,15367,53.67,3,2,Petrol,Automatic,Toyota,Mixed,Third,16.66
4.77,305,1664,24629,44.74,10,5,Diesel,Automatic,Toyota,Highway,Second,28.5
1.96,185,2076,27452,70.1,4,5,Petrol,Manual,Toyota,Highway,Second,25.03
1.49,232,1240,18337,64.84,11,2,Electric,Automatic,Ford,City,First,34.19
1.79,295,2009,28100,76.87,5,3,Electric,Automatic,BMW,City,Second,31.65
4.55,299,1658,11654,38.27,6,4,Electric,Manual,BMW,Mixed,Third,25.18
3.58,251,1026,24322,62.46,14,1,Electric,Automatic,Honda,City,Second,27.95
2.14,318,1327,24010,42.21,5,5,Electric,Automatic,Toyota,Highway,First,35.83
4.26,387,2491,22333,75.18,14,3,Diesel,Manual,Hyundai,Mixed,Third,24.52
4.45,279,1153,17693,34.97,0,4,Electric,Automatic,Honda,Mixed,Second,27.88
4.39,213,1422,14241,62.81,14,3,Diesel,Automatic,Honda,City,First,26.6
4.68,165,1824,9075,69.55,1,4,Diesel,Automatic,Ford,Mixed,Third,28.3
2.01,313,2376,17651,47.75,6,4,Petrol,Automatic,Honda,Mixed,First,17.89
4.02,155,2383,14275,77.71,13,2,Diesel,Automatic,Hyundai,Mixed,First,26.8
2.84,253,1726,17838,72.54,2,2,Diesel,Automatic,BMW,Highway,Third,35.98
4.37,190,2243,6658,44.73,11,1,Electric,Manual,Honda,Mixed,First,23.71
3.91,161,2443,11932,30.38,9,1,Electric,Manual,Ford,Highway,First,27.62
4.11,139,1984,19248,44.83,10,3,Petrol,Manual,Toyota,Mixed,First,15.21
3.62,202,960,29437,44.07,12,2,Petrol,Automatic,Hyundai,City,Third,17.43
1.71,348,1670,11959,74.5,1,4,Diesel,Manual,Toyota,City,First,36.09
3.18,206,1951,23201,78.36,5,2,Petrol,Manual,Honda,Mixed,Second,18.78
4.94,383,1974,13382,33.52,10,4,Electric,Manual,BMW,City,First,19.71
4.75,256,1243,21844,53.56,3,2,Electric,Automatic,Ford,Highway,Second,28.68
1.17,290,2294,29355,57.42,11,4,Electric,Manual,Hyundai,Mixed,First,34.4
1.66,115,1262,19999,34.65,14,3,Diesel,Automatic,BMW,Highway,Second,41.04
1.53,347,1853,27399,48.87,10,2,Diesel,Manual,Hyundai,Mixed,Third,37.15
3.9,261,1272,11376,45.85,4,5,Petrol,Manual,Ford,Highway,First,19.42
4.27,77,1356,23905,56.8,14,5,Electric,Manual,Ford,City,Second,27.85
1.85,345,879,8476,63.06,5,4,Diesel,Manual,Honda,Highway,Third,40.95
3.02,248,1862,24089,65.17,2,3,Diesel,Automatic,Hyundai,Highway,First,35.51
4.36,108,1039,9366,36.84,0,4,Petrol,Manual,Honda,City,First,17.67
3.93,362,1356,21206,70.65,2,3,Electric,Manual,Hyundai,City,First,27.46
3.17,247,1389,17458,63.93,2,1,Electric,Manual,Hyundai,Mixed,Third,32.34
3.36,231,2160,5027,74.45,5,2,Petrol,Automatic,Toyota,Mixed,Third,14.52
3.03,173,2103,25615,52.47,3,3,Petrol,Manual,Honda,Highway,Second,21.66
2.19,230,1939,16164,74.69,6,4,Petrol,Manual,Hyundai,Mixed,First,20.93
3.26,356,1068,11548,73.29,12,1,Petrol,Automatic,Hyundai,Highway,Second,18.42
3.76,192,1134,8024,51.92,14,4,Electric,Automatic,Ford,Mixed,Second,27.92
4.49,123,1111,6264,49.06,10,5,Electric,Manual,Toyota,City,Second,26.76
3.55,103,1876,14047,76.64,1,5,Petrol,Manual,Ford,City,Second,17.56
4.04,311,1891,17217,65.76,11,2,Diesel,Manual,Honda,City,Second,26.87
1.64,182,1493,11587,76.41,3,2,Diesel,Manual,Honda,City,First,38.55
2.85,387,833,11577,69.85,7,1,Electric,Automatic,Hyundai,Highway,Third,33.09
1.04,92,1185,22635,60.46,10,5,Electric,Manual,BMW,City,Second,39.24
1.99,115,1048,17796,35.79,5,3,Petrol,Manual,Ford,City,Third,24.93
3.91,381,1934,8870,44.57,9,5,Diesel,Manual,Honda,City,Second,26.0
4.97,204,1917,6326,78.44,2,2,Electric,Automatic,Hyundai,City,First,21.67
1.4,187,2233,27561,45.97,9,4,Diesel,Automatic,Hyundai,Mixed,Second,37.16
2.61,258,2002,14217,34.66,11,1,Petrol,Manual,Ford,Highway,Second,19.97
4.2,200,1870,21745,65.38,1,5,Electric,Automatic,Hyundai,Highway,Second,29.27
1.82,281,1593,22602,66.7,14,3,Electric,Manual,Toyota,Mixed,First,33.8
3.22,182,1651,5605,44.27,2,3,Diesel,Manual,BMW,Mixed,Second,34.13
3.93,113,1673,27343,44.88,0,3,Diesel,Automatic,Ford,Highway,First,35.51
3.46,197,2427,23054,53.44,0,1,Electric,Automatic,Ford,Highway,Third,30.01
1.75,227,1175,18003,31.09,1,3,Diesel,Automatic,Ford,Mixed,Third,39.93
2.42,342,1523,15489,69.47,13,3,Diesel,Manual,Hyundai,City,Third,32.49
4.14,384,2410,25827,45.85,2,5,Petrol,Automatic,Hyundai,Highway,First,13.48
3.22,114,1001,22661,72.69,12,1,Diesel,Manual,Ford,Mixed,Second,36.78
1.02,177,1244,21782,70.13,8,4,Electric,Automatic,Ford,City,Third,37.18
4.04,288,1096,18487,63.07,7,4,Petrol,Manual,Toyota,City,Third,15.78
1.14,387,2131,23556,46.24,11,3,Electric,Manual,Honda,Mixed,Second,33.45
3.98,384,1292,24194,55.82,14,2,Petrol,Manual,Toyota,Highway,Third,16.83
1.81,246,1137,19733,52.24,10,1,Petrol,Automatic,Ford,Highway,Third,25.14
4.83,297,1722,11274,46.94,10,2,Diesel,Automatic,Hyundai,City,Second,23.61
2.47,260,2469,27065,72.41,14,1,Diesel,Automatic,Hyundai,Mixed,First,31.04
2.31,229,1889,15844,54.18,8,1,Electric,Manual,Ford,City,First,30.87
1.6,336,1591,24323,71.64,6,5,Diesel,Automatic,Honda,City,Third,35.76
2.22,395,2245,18189,35.26,6,3,Petrol,Automatic,BMW,City,Third,15.22
4.51,259,2363,22328,37.05,4,5,Diesel,Automatic,BMW,Mixed,First,26.32
4.99,244,2452,15971,78.87,6,2,Electric,Automatic,Toyota,Highway,Third,22.78
2.47,359,2316,10965,59.39,3,2,Petrol,Manual,Honda,City,First,15.81
2.79,214,1761,17621,55.49,4,4,Electric,Automatic,BMW,Highway,Third,33.11
3.89,301,1116,11348,56.16,11,5,Diesel,Manual,Honda,Highway,Third,33.25
4.54,273,1741,29154,40.76,0,5,Petrol,Manual,Hyundai,Mixed,First,15.74
3.37,282,1425,28483,65.94,10,5,Electric,Manual,Hyundai,Highway,Second,32.63
2.57,109,874,22580,34.24,3,4,Diesel,Manual,Honda,Highway,Third,43.01
2.65,344,1738,22596,58.67,2,5,Diesel,Manual,Ford,City,Third,33.57
3.78,392,858,5823,58.54,1,5,Electric,Automatic,BMW,Mixed,Second,28.59
1.01,151,1185,12084,75.71,1,5,Petrol,Automatic,BMW,Mixed,Third,27.72
3.48,250,814,17455,56.31,7,5,Electric,Manual,Hyundai,City,Second,30.94
2.42,389,2054,15607,36.85,0,2,Diesel,Automatic,Toyota,City,Second,31.23
4.18,152,2440,21919,58.64,7,3,Electric,Manual,BMW,Highway,First,28.0
1.37,372,998,19236,34.57,8,2,Diesel,Manual,Hyundai,Highway,Second,42.04
3.35,331,2177,24394,40.19,5,5,Petrol,Manual,Hyundai,Mixed,First,16.01
2.92,341,834,21236,31.56,0,1,Electric,Manual,Honda,Mixed,First,34.67
3.57,269,961,15819,55.66,9,1,Petrol,Automatic,Honda,Highway,First,19.71
1.26,309,1781,28921,34.23,11,4,Electric,Manual,Honda,City,Third,34.17
3.32,249,1598,16969,53.47,6,2,Diesel,Automatic,Toyota,Mixed,Third,32.15
3.25,240,1694,22333,76.65,14,4,Petrol,Automatic,BMW,City,Second,14.63
3.24,364,1270,16700,65.99,14,4,Diesel,Automatic,Toyota,Highway,First,32.71
3.41,246,1330,5543,33.87,4,1,Electric,Automatic,Toyota,Mixed,Third,29.32
3.71,306,1591,8900,41.21,14,2,Diesel,Manual,Honda,Mixed,Third,29.35
4.22,207,1651,16945,63.68,8,3,Electric,Automatic,Hyundai,Highway,Second,28.21
2.08,396,2246,9224,74.74,6,2,Petrol,Manual,Ford,Highway,Third,19.68
4.3,380,1147,18758,31.65,4,4,Diesel,Automatic,Hyundai,City,Third,28.02
2.99,198,1493,19949,70.62,12,5,Diesel,Manual,Hyundai,City,Third,33.04
1.31,118,1734,7866,58.09,1,4,Electric,Manual,Hyundai,Highway,Third,40.1
1.23,233,1712,23630,57.3,13,2,Electric,Automatic,Hyundai,Highway,Third,36.92
2.34,346,946,23220,77.89,3,1,Electric,Automatic,Toyota,Highway,Third,36.49
4.14,362,2197,13268,67.38,1,2,Petrol,Automatic,Honda,Mixed,Second,11.67
3.83,185,1474,29944,72.51,8,3,Diesel,Manual,Honda,Highway,First,35.61
4.15,93,2239,28360,47.7,1,5,Electric,Automatic,Hyundai,Mixed,Third,27.96
3.07,380,1486,17813,57.72,1,5,Electric,Automatic,Ford,Highway,First,31.73
2.76,94,2317,21732,60.77,1,4,Diesel,Automatic,BMW,Mixed,Second,34.59
1.59,196,2382,9601,46.08,0,2,Petrol,Manual,Hyundai,City,Second,20.79
2.31,303,2079,17930,58.51,8,1,Diesel,Automatic,Hyundai,City,First,31.25
2.74,278,1759,9333,41.83,7,3,Electric,Automatic,Ford,Mixed,First,29.32
1.35,162,1485,10399,37.17,1,4,Diesel,Manual,Toyota,City,Second,40.02
1.88,163,1926,27080,48.7,1,2,Electric,Automatic,Hyundai,City,Third,33.89
3.39,396,920,22839,66.96,4,1,Electric,Manual,Ford,Mixed,First,31.61
3.94,294,1218,23569,75.81,11,2,Diesel,Manual,Toyota,Highway,First,33.8
4.99,349,1149,12436,52.89,12,1,Diesel,Manual,Toyota,Highway,Third,28.93
4.73,80,2480,25195,62.14,13,2,Petrol,Manual,Hyundai,Mixed,First,12.17
3.57,398,841,28693,35.15,11,2,Electric,Manual,Toyota,City,Third,28.97
2.68,81,2190,19947,75.22,13,4,Electric,Manual,Hyundai,Highway,Second,33.29
3.54,104,828,18961,58.43,3,2,Electric,Manual,Hyundai,Highway,First,36.82
4.14,297,1765,13086,69.02,1,2,Electric,Manual,Honda,City,Third,25.66
1.47,289,1584,8682,69.72,7,4,Electric,Manual,BMW,Mixed,Third,35.03
2.64,210,813,23230,42.82,7,4,Diesel,Manual,BMW,Mixed,Second,39.11
4.36,92,1719,6854,56.46,12,5,Electric,Manual,Honda,Highway,First,28.58
2.54,152,1617,7985,78.02,3,5,Diesel,Manual,Hyundai,Mixed,Third,36.8
3.29,298,1624,15817,34.48,13,4,Petrol,Manual,Ford,City,First,14.91
3.35,149,2308,24278,64.15,3,3,Electric,Manual,Toyota,Mixed,Third,30.12
1.74,359,2012,12496,78.11,8,1,Petrol,Automatic,Honda,Mixed,First,18.73
2.45,228,1671,5558,45.03,3,4,Diesel,Manual,Honda,Mixed,First,35.78
2.34,197,1094,24280,73.07,14,5,Diesel,Automatic,Honda,Mixed,Third,36.85
1.1,259,2006,6254,76.68,9,2,Petrol,Automatic,Honda,City,Third,19.82
1.1,100,1663,20667,67.35,10,4,Electric,Automatic,BMW,Mixed,First,37.41
4.33,84,1347,23065,41.57,8,4,Diesel,Automatic,Hyundai,Highway,First,33.94
2.09,382,1860,21078,46.7,2,5,Diesel,Automatic,Honda,Mixed,Second,34.63
3.07,144,1807,26655,31.79,1,5,Diesel,Automatic,Honda,Highway,Third,37.2
2.19,103,1837,15006,71.57,14,3,Diesel,Manual,Honda,City,First,34.79
4.76,265,1434,11283,72.48,10,5,Diesel,Automatic,Ford,Mixed,First,26.74
2.04,98,1394,13854,61.64,7,5,Diesel,Manual,Ford,Highway,Third,41.57
2.72,263,1982,17308,47.63,11,5,Petrol,Manual,Toyota,Mixed,First,17.87
4.49,85,2317,8325,33.84,2,2,Electric,Automatic,Hyundai,Mixed,First,24.89
4.37,146,2152,22625,67.65,12,4,Electric,Manual,Honda,Highway,Second,27.64
1.74,362,1413,8143,66.33,1,4,Electric,Manual,Toyota,City,Second,33.44
4.21,150,1906,8037,75.63,12,5,Electric,Automatic,Toyota,City,Third,23.12
2.83,193,2379,29737,66.53,10,3,Petrol,Manual,Hyundai,City,Third,16.67
2.93,88,2403,17417,71.43,7,5,Petrol,Automatic,Ford,City,Third,15.85
1.53,171,2383,23165,67.3,14,3,Electric,Automatic,Hyundai,City,Second,30.62
1.32,146,2392,9675,61.53,7,4,Diesel,Automatic,Toyota,City,Second,34.77
3.91,298,2410,22861,51.35,4,3,Electric,Automatic,Hyundai,Mixed,Second,24.65
2.99,366,1845,12148,75.11,8,3,Diesel,Automatic,Ford,Mixed,First,30.19
2.75,272,1955,12551,62.55,10,1,Diesel,Manual,Toyota,Highway,Second,34.57
3.92,130,1264,21490,49.92,5,3,Petrol,Automatic,Hyundai,City,Second,16.9
4.06,95,2279,7668,34.17,4,3,Diesel,Automatic,Honda,City,Third,27.38
1.64,140,2125,26319,44.54,11,2,Petrol,Manual,Honda,City,Second,21.54
3.44,172,1754,28654,57.19,2,4,Electric,Automatic,Hyundai,Highway,Second,32.82
1.54,395,1729,22548,43.78,6,5,Petrol,Automatic,Hyundai,Mixed,First,21.1
4.01,226,2090,19912,41.06,13,1,Diesel,Automatic,Ford,Mixed,Second,27.44
3.63,263,1598,22541,56.37,14,3,Diesel,Automatic,Toyota,City,Third,28.48
4.83,344,1194,7246,38.49,8,2,Diesel,Automatic,Hyundai,Mixed,First,26.45
1.28,393,1943,11653,70.02,3,2,Electric,Automatic,Toyota,Mixed,Second,32.88
1.23,255,1045,16133,54.22,10,5,Petrol,Automatic,Honda,Mixed,Second,24.95
2.13,395,1367,12649,58.69,6,5,Electric,Manual,Toyota,City,Second,31.37
2.05,182,837,21895,37.37,11,4,Petrol,Automatic,BMW,Mixed,First,24.19
1.99,382,1044,13441,46.23,2,3,Electric,Manual,Ford,Mixed,First,35.41
4.63,234,820,5888,50.5,10,2,Electric,Automatic,Ford,Highway,Second,28.29
2.0,130,1933,14215,70.41,1,1,Diesel,Automatic,Toyota,City,Third,35.83
2.09,161,2429,29367,68.51,12,4,Electric,Automatic,Ford,Mixed,Second,31.16
4.04,355,1193,13791,41.15,10,3,Electric,Manual,Toyota,City,First,25.7
2.8,222,2233,24406,60.81,0,5,Petrol,Manual,Toyota,Mixed,First,19.82
4.11,294,1786,23914,42.17,5,3,Electric,Manual,Honda,City,First,25.88
1.26,196,2471,16075,79.41,4,5,Diesel,Automatic,Toyota,Mixed,Third,36.62
2.95,262,807,27699,77.61,1,3,Electric,Automatic,Ford,Mixed,Second,34.75
1.13,184,2267,20204,58.16,12,1,Petrol,Manual,BMW,Highway,Second,24.96
1.25,331,1127,23448,64.95,12,4,Petrol,Manual,Hyundai,City,First,23.62
4.63,87,1089,14950,70.07,2,5,Electric,Automatic,Ford,Mixed,Second,29.28
1.56,79,1310,10413,66.05,8,1,Electric,Automatic,BMW,Highway,Third,38.97
3.13,161,1711,11537,64.99,2,2,Petrol,Automatic,Ford,Highway,Third,20.73
2.64,208,1160,8569,77.93,6,1,Diesel,Manual,BMW,City,Second,35.41
2.39,121,2422,6242,59.82,0,1,Electric,Manual,Ford,City,Second,30.73
4.6,264,1515,9329,61.82,6,1,Diesel,Automatic,Hyundai,Highway,Second,29.56
1.09,275,1018,15487,72.46,8,5,Diesel,Automatic,Honda,City,Second,39.05
3.66,356,1205,23309,63.49,11,2,Electric,Automatic,Honda,City,Second,26.29
4.85,162,1552,8395,66.65,10,4,Diesel,Manual,Hyundai,City,Second,26.76
3.24,378,1722,21824,41.71,7,1,Petrol,Automatic,Ford,Mixed,First,15.62
4.75,214,1631,26615,48.56,6,5,Diesel,Manual,BMW,City,First,28.36
1.21,155,2444,29565,37.37,9,5,Petrol,Manual,Toyota,City,First,22.26
2.68,222,1593,24127,55.29,13,4,Electric,Manual,Ford,Highway,Third,34.07
2.04,71,2043,13039,52.79,7,3,Diesel,Automatic,Hyundai,Highway,Third,38.35
3.92,329,1394,13198,79.86,12,2,Petrol,Automatic,Honda,Highway,Third,15.61
4.93,233,906,6586,60.56,3,2,Petrol,Manual,Honda,City,Third,14.05
2.03,75,1380,22209,69.32,14,1,Electric,Manual,Ford,City,First,34.84
3.62,218,1408,8824,46.7,1,3,Diesel,Automatic,BMW,Highway,Second,34.51
1.79,274,2109,22652,71.58,13,2,Petrol,Manual,Hyundai,Highway,Second,22.36
3.26,187,807,28999,60.75,13,1,Petrol,Automatic,Hyundai,Mixed,Second,20.58
2.86,158,1605,8436,64.85,10,3,Electric,Automatic,BMW,Mixed,Third,30.31
4.89,223,988,13089,44.72,8,5,Diesel,Automatic,BMW,Mixed,First,28.92
3.43,236,880,21057,57.43,14,1,Diesel,Automatic,Ford,City,Second,31.85
2.4,230,907,6310,61.7,2,3,Petrol,Manual,Ford,City,Third,22.35
1.46,339,2144,14819,59.45,13,4,Diesel,Automatic,Honda,Highway,Third,35.68
1.6,125,2402,20465,75.76,10,2,Diesel,Manual,Honda,Mixed,Third,37.07
1.9,297,1485,18457,74.91,3,1,Diesel,Manual,BMW,City,Second,36.91
2.0,218,1145,5477,78.55,6,5,Diesel,Manual,Toyota,Mixed,First,38.65
4.4,115,1127,13906,63.37,1,1,Diesel,Automatic,Toyota,Mixed,Second,32.61
3.24,213,1354,14868,78.6,13,2,Diesel,Automatic,Toyota,City,First,30.76
3.09,307,1101,23546,71.62,14,2,Diesel,Manual,Hyundai,Mixed,First,34.24
1.46,341,999,5508,43.54,7,3,Petrol,Automatic,Ford,Highway,Second,25.05
4.44,189,1692,12319,51.37,11,5,Petrol,Automatic,BMW,Highway,Second,14.68
3.89,289,2242,5381,41.92,9,3,Diesel,Automatic,Honda,City,Third,24.63
1.27,77,1862,20287,30.21,7,5,Diesel,Automatic,Toyota,Mixed,Third,39.96
3.83,344,1106,6845,39.4,11,1,Electric,Automatic,Honda,Highway,Second,28.38
3.17,135,1827,28684,30.2,4,1,Petrol,Manual,Ford,Mixed,Second,20.72
1.33,148,2456,17562,65.99,8,3,Electric,Automatic,BMW,Highway,First,35.4
2.83,155,1900,14910,51.28,7,4,Petrol,Automatic,Toyota,Highway,First,20.46
2.94,193,1267,29101,45.63,0,2,Electric,Manual,Toyota,Mixed,Third,35.49
1.66,271,978,29893,68.09,8,3,Electric,Automatic,BMW,City,First,35.57
4.78,219,1444,9629,71.62,12,3,Electric,Manual,Honda,City,Second,23.4
4.4,115,1075,10704,78.76,13,1,Petrol,Manual,Ford,City,First,15.06
3.68,182,1975,6776,62.1,13,2,Petrol,Automatic,Ford,Mixed,First,13.41
2.85,160,1987,29487,53.08,4,3,Diesel,Manual,Ford,Mixed,First,35.94
2.65,210,2113,20513,45.26,8,1,Petrol,Manual,Honda,Mixed,Second,19.08
3.6,358,2201,23668,41.12,8,1,Petrol,Automatic,Honda,City,Third,11.51
3.18,287,1420,20228,40.65,9,3,Petrol,Manual,Toyota,Mixed,First,18.67
1.25,146,1437,6244,50.46,9,3,Petrol,Automatic,Honda,City,Second,22.71
3.05,221,2133,6333,79.59,2,1,Diesel,Manual,Hyundai,Highway,First,34.55
4.23,392,1729,8669,30.04,7,3,Diesel,Automatic,BMW,City,First,24.71
2.84,308,2212,22584,39.86,6,2,Petrol,Manual,Honda,City,Second,15.97
1.21,184,2481,23178,39.42,14,1,Electric,Automatic,Ford,City,First,31.17
4.15,388,982,20579,65.86,6,1,Electric,Automatic,Honda,Mixed,Second,27.28
1.81,163,2129,27565,47.62,11,3,Petrol,Manual,Toyota,City,Third,20.82
2.03,117,871,22838,52.86,9,3,Diesel,Manual,BMW,Highway,First,43.59
1.66,260,2042,6933,37.43,1,3,Electric,Automatic,BMW,Highway,Second,34.9
2.32,81,1518,5746,50.25,1,2,Diesel,Manual,Ford,Highway,First,40.89
4.03,225,1996,28754,35.16,1,1,Diesel,Manual,BMW,Highway,First,33.83
3.08,241,2476,14032,56.65,12,4,Electric,Manual,Hyundai,Highway,First,28.79
1.82,365,2095,29357,34.9,10,2,Petrol,Automatic,BMW,Highway,Second,21.1
4.51,246,1525,11827,69.53,1,2,Diesel,Automatic,Ford,City,Second,27.64
4.52,126,2291,21197,58.33,13,1,Electric,Automatic,BMW,Mixed,Second,23.4
4.48,272,1068,5792,66.2,3,4,Diesel,Manual,Honda,Mixed,Third,30.9
1.96,254,1843,11927,50.93,6,1,Electric,Manual,Toyota,Highway,First,35.41
2.8,190,1377,22651,49.07,1,2,Petrol,Manual,Honda,City,Second,21.39
4.94,295,1794,14742,34.91,4,3,Petrol,Automatic,Hyundai,Highway,First,12.9
4.09,271,1614,11369,56.19,13,1,Petrol,Automatic,Hyundai,Highway,First,14.67
1.11,399,2326,19800,55.73,6,1,Diesel,Automatic,Toyota,Highway,First,37.09
1.26,285,946,24074,53.41,8,3,Petrol,Automatic,Toyota,Highway,Second,27.84
2.86,112,2252,12874,67.03,7,4,Petrol,Manual,Toyota,Mixed,Third,18.67
4.64,92,1988,21676,71.63,8,4,Petrol,Manual,Toyota,Mixed,Third,14.65
3.15,224,1689,11864,67.54,6,1,Petrol,Manual,BMW,City,Third,16.98
2.99,255,1109,9022,37.19,2,3,Electric,Automatic,Honda,City,Third,30.47
1.42,318,1317,23032,61.1,0,1,Electric,Manual,Hyundai,Highway,Second,40.2
3.63,306,813,16008,34.02,9,3,Diesel,Manual,BMW,Mixed,Third,33.82
4.29,362,931,17102,64.73,6,2,Electric,Automatic,Toyota,Highway,Third,29.03
2.52,203,1554,20342,49.09,12,3,Electric,Automatic,Ford,Mixed,Second,31.59
4.1,390,1238,16110,36.62,10,1,Electric,Manual,Ford,Mixed,Second,26.63
4.86,91,1542,10171,73.1,5,5,Electric,Automatic,Honda,City,First,24.46
1.82,157,1539,14589,60.7,1,4,Electric,Manual,Hyundai,City,First,35.71
3.09,222,2497,23077,47.74,0,1,Petrol,Manual,Hyundai,Mixed,Third,17.84
2.15,194,1594,11710,31.54,11,3,Diesel,Automatic,Honda,City,First,33.76
4.17,148,1062,22421,56.87,9,3,Electric,Automatic,Toyota,Highway,Second,31.43
3.31,120,1442,25236,76.16,3,4,Electric,Manual,Toyota,Mixed,First,33.71
3.54,285,2048,10459,59.82,13,1,Diesel,Automatic,Hyundai,Mixed,First,27.65
4.19,245,1057,19937,78.58,3,5,Electric,Automatic,Hyundai,Mixed,Second,29.09
2.58,322,2057,14754,36.82,5,2,Electric,Manual,Hyundai,Highway,Third,32.24
4.66,315,2159,12048,58.42,10,5,Diesel,Manual,Toyota,Mixed,First,25.17
3.13,296,1208,27568,69.91,4,2,Petrol,Manual,Ford,City,First,19.5
1.63,175,1774,14483,56.28,8,2,Petrol,Automatic,Honda,Highway,Third,24.28
3.78,262,1847,22545,34.55,7,1,Diesel,Automatic,Honda,Mixed,First,29.91
4.17,385,1070,22413,59.14,8,2,Petrol,Automatic,BMW,Highway,Third,16.74
2.27,371,1918,17449,60.59,9,3,Petrol,Manual,BMW,Highway,Second,20.6
4.43,105,941,20354,66.44,6,2,Petrol,Automatic,Ford,City,Second,16.4
4.62,273,1701,5978,68.06,8,2,Petrol,Manual,Hyundai,City,Third,10.81
2.11,336,1773,13709,68.54,2,4,Electric,Automatic,Ford,City,Second,30.33
4.93,337,1904,20760,63.17,8,4,Diesel,Manual,BMW,Mixed,Second,25.97
1.56,239,1073,16023,40.79,1,1,Petrol,Automatic,BMW,Mixed,Second,25.61
1.81,108,1075,26513,50.21,8,1,Petrol,Manual,Honda,City,Second,25.65
1.74,208,1264,21521,68.81,12,3,Diesel,Manual,Ford,City,Second,37.87
4.58,361,2031,16145,77.67,5,4,Electric,Manual,Toyota,Mixed,Second,23.55
3.62,121,2119,26192,33.95,3,5,Petrol,Manual,BMW,City,First,16.89
1.61,356,1862,19491,56.78,11,1,Petrol,Automatic,Honda,Highway,First,21.69
2.76,358,1087,23839,45.63,13,1,Electric,Automatic,Hyundai,Highway,First,32.73
3.46,210,1947,12392,41.27,11,4,Diesel,Automatic,Ford,Highway,Second,31.66
1.33,215,1675,16447,55.29,12,4,Petrol,Automatic,BMW,Mixed,First,22.55
4.53,383,2106,24650,60.3,10,3,Petrol,Automatic,Toyota,City,Third,8.27
4.21,253,1677,26033,30.49,1,4,Diesel,Manual,BMW,Highway,Third,33.81
3.02,221,979,13587,69.01,12,2,Electric,Automatic,Toyota,Mixed,Third,31.26
4.87,270,1920,15129,70.99,9,5,Diesel,Automatic,Ford,City,First,23.58
2.67,197,2014,18907,78.28,2,2,Petrol,Manual,Toyota,City,Second,18.98
4.94,356,1897,26637,39.03,4,2,Electric,Automatic,Toyota,Highway,Third,24.77
3.67,380,1246,10428,59.73,8,2,Electric,Automatic,Honda,City,First,25.31
3.54,322,1584,27369,51.33,6,1,Electric,Automatic,Ford,City,First,26.97
1.66,335,2320,7589,46.74,10,2,Diesel,Manual,BMW,Highway,Second,35.65
4.53,257,1360,28560,58.28,11,1,Diesel,Manual,Hyundai,Highway,Second,32.25
2.71,299,1283,8034,69.12,12,4,Diesel,Automatic,Ford,City,First,31.32
1.65,340,1648,5169,31.15,10,5,Petrol,Manual,Ford,Mixed,Second,20.79
1.05,328,1521,8239,78.47,2,5,Diesel,Automatic,Hyundai,Mixed,Second,38.8
3.24,368,915,8415,70.49,12,2,Electric,Manual,BMW,Highway,Second,31.82
3.11,267,1334,24952,67.56,3,5,Petrol,Manual,Honda,City,Second,19.43
3.88,392,1921,16408,68.02,13,1,Petrol,Automatic,BMW,Highway,Second,13.16
4.56,125,2151,8484,49.45,11,4,Petrol,Manual,Hyundai,Mixed,First,12.35
1.32,388,1206,26219,67.58,10,2,Electric,Automatic,BMW,Mixed,Third,35.31
3.93,272,2136,23225,49.34,1,3,Diesel,Manual,Ford,City,First,29.17
1.75,340,1493,19923,74.94,13,5,Electric,Automatic,Honda,Highway,First,34.4
4.43,178,1971,28262,38.86,7,5,Diesel,Manual,Toyota,Highway,First,32.08
4.28,185,2165,25936,44.62,5,2,Petrol,Automatic,BMW,Mixed,First,13.77
3.16,161,1294,11844,57.57,2,5,Petrol,Automatic,Toyota,Highway,First,22.12
3.84,207,1747,24410,45.96,12,5,Electric,Automatic,Honda,Highway,Second,28.99
2.26,372,822,27573,51.21,4,3,Diesel,Automatic,Toyota,Highway,Third,40.04
2.88,126,1928,8965,54.62,4,1,Petrol,Manual,BMW,City,Second,18.31
4.29,119,2498,12184,72.82,11,2,Electric,Automatic,Hyundai,Mixed,Third,23.15
2.84,140,2402,26863,56.16,0,2,Electric,Manual,Ford,Highway,First,34.3
2.43,151,1357,10380,48.12,12,3,Diesel,Manual,Ford,City,First,35.12
2.98,174,2416,22530,42.39,4,3,Diesel,Automatic,Toyota,Highway,First,34.08
4.31,157,1740,25710,50.43,5,1,Diesel,Automatic,Ford,Highway,First,32.48
2.34,71,2482,20285,55.79,9,4,Petrol,Automatic,Ford,Mixed,First,19.05
1.7,153,2045,5111,67.31,9,2,Electric,Automatic,Hyundai,City,First,30.96
3.85,112,1654,21143,36.05,10,5,Diesel,Manual,Toyota,Highway,First,34.7
4.3,223,1838,21976,41.08,10,1,Electric,Automatic,Hyundai,Mixed,Third,25.16
1.4,396,1690,12413,48.98,10,2,Petrol,Automatic,Hyundai,City,First,18.63
1.96,163,2456,19726,48.02,12,1,Petrol,Automatic,Honda,Highway,First,20.64
1.57,367,877,29563,49.59,1,4,Diesel,Automatic,Toyota,Mixed,First,40.81
2.39,202,2145,22622,69.68,2,2,Petrol,Manual,Hyundai,Highway,Third,23.17
2.8,134,1606,10983,46.21,9,5,Electric,Manual,BMW,Highway,Third,34.35
4.0,359,2064,24178,55.09,4,2,Electric,Manual,Ford,City,First,24.68
3.6,326,1841,15321,61.2,13,1,Petrol,Automatic,Toyota,Mixed,Second,13.07
3.48,282,1567,16061,41.61,12,4,Petrol,Manual,Honda,City,Third,14.88
2.41,217,1253,8598,65.93,2,1,Petrol,Automatic,Hyundai,Highway,First,23.76
4.37,130,2266,25187,57.36,4,1,Electric,Manual,BMW,Mixed,Third,27.08
2.89,218,1727,6526,52.34,4,3,Petrol,Automatic,Ford,Highway,Second,20.01
4.92,157,1076,12909,70.49,7,1,Diesel,Manual,Ford,Highway,First,32.66
3.54,393,2247,6969,42.17,9,4,Diesel,Automatic,BMW,Highway,Third,28.1
1.51,347,2299,14143,74.16,8,5,Electric,Automatic,Toyota,Mixed,Second,30.72
3.7,151,1850,22886,58.05,7,3,Petrol,Manual,Ford,Highway,Third,19.73
2.3,198,1313,25851,60.46,11,1,Petrol,Automatic,Ford,Mixed,Third,21.85
3.75,355,1263,16528,73.75,2,2,Petrol,Manual,Ford,Highway,First,19.57
1.28,349,1606,27791,70.88,14,3,Diesel,Manual,Hyundai,City,First,36.6
1.7,339,1623,13301,60.08,0,4,Diesel,Manual,Hyundai,Mixed,Third,38.18
4.42,361,1162,7354,67.66,13,2,Diesel,Automatic,Ford,Highway,Second,28.78
1.91,272,2206,10319,51.67,14,4,Diesel,Manual,Honda,City,First,31.99
4.35,93,1550,5225,57.37,2,2,Diesel,Automatic,Ford,Mixed,Third,30.71
2.12,380,1324,19520,33.1,0,5,Electric,Automatic,Toyota,City,Third,32.16
3.57,277,2205,8011,34.49,12,4,Electric,Manual,Honda,Highway,First,27.27
3.78,349,2007,9126,71.47,10,2,Petrol,Manual,Toyota,City,First,11.39
3.05,274,2017,5613,32.98,8,4,Petrol,Automatic,BMW,Highway,Third,16.98
2.22,221,2285,19082,38.47,11,3,Diesel,Automatic,BMW,Highway,First,34.86
1.85,95,855,21482,69.79,12,4,Petrol,Manual,Hyundai,Mixed,Third,26.81
1.13,263,2053,10458,30.06,2,4,Electric,Automatic,Hyundai,Highway,Second,36.62
2.22,307,1288,14002,44.12,13,2,Electric,Automatic,Hyundai,Highway,First,33.56
3.61,390,1851,27300,59.2,7,4,Petrol,Automatic,BMW,Mixed,First,14.31
4.75,144,2406,24721,59.77,5,5,Diesel,Manual,Toyota,Mixed,Third,28.01
4.48,232,1521,7699,68.86,2,1,Electric,Manual,Honda,Highway,First,29.1
4.06,368,2007,27301,55.3,8,3,Petrol,Manual,Hyundai,Highway,Second,15.58
4.15,98,2248,12517,55.47,7,2,Diesel,Automatic,BMW,Mixed,Third,28.47
3.66,234,2198,6019,66.27,2,4,Petrol,Manual,Hyundai,Mixed,Second,15.19
2.04,255,840,24409,54.93,6,4,Diesel,Manual,Ford,City,Second,39.17
4.63,123,2307,20903,60.42,4,4,Diesel,Automatic,Honda,City,Second,26.14
3.68,364,1803,24912,74.89,1,3,Electric,Manual,Toyota,City,Second,27.16
3.24,111,1059,25270,50.07,13,1,Electric,Manual,Hyundai,Mixed,Third,33.58
1.44,354,1240,27615,49.26,7,5,Petrol,Manual,Ford,Mixed,First,25.06
2.79,207,1725,26566,30.18,0,5,Petrol,Automatic,Ford,Mixed,Second,20.79
2.84,256,1655,18698,60.67,3,2,Diesel,Automatic,Honda,City,Second,32.59
4.46,273,883,21150,31.49,10,1,Electric,Manual,BMW,Highway,Third,30.53
3.19,111,845,10578,55.21,12,1,Diesel,Automatic,BMW,Highway,Second,37.29
2.52,357,1239,11729,70.21,10,3,Diesel,Manual,Hyundai,Highway,Second,36.75
4.91,95,2494,11961,57.5,11,4,Diesel,Manual,Hyundai,Mixed,Second,25.65
1.44,125,2342,16171,43.48,12,1,Diesel,Manual,BMW,Highway,Second,39.1
2.69,322,1785,18947,69.31,3,4,Diesel,Manual,Toyota,Highway,First,36.54
1.17,191,2261,27397,43.49,12,3,Diesel,Automatic,Toyota,Mixed,Second,37.17
3.96,175,935,22180,66.65,9,2,Petrol,Manual,Ford,Mixed,Third,19.41
4.67,199,2006,6957,60.51,13,2,Electric,Automatic,Honda,Mixed,First,21.92
2.12,227,1995,24450,38.5,4,4,Electric,Automatic,Toyota,Mixed,Third,32.86
4.43,300,1708,18300,75.26,3,4,Diesel,Manual,Hyundai,Mixed,First,29.44
2.17,377,1660,24064,40.03,0,1,Diesel,Manual,Toyota,City,First,35.48
4.64,160,1587,9441,79.48,13,3,Diesel,Manual,Honda,Mixed,Second,28.38
4.02,91,1389,18011,30.37,6,2,Electric,Manual,Hyundai,Highway,Second,32.82
4.22,359,1755,24332,43.17,9,1,Electric,Automatic,Honda,Highway,Third,26.46
1.07,179,1489,25115,39.99,10,5,Diesel,Automatic,BMW,City,First,39.04
4.85,118,1338,6101,30.7,1,1,Electric,Automatic,Honda,Mixed,First,26.79
3.91,198,1943,26868,66.62,9,4,Diesel,Automatic,Honda,Highway,Second,31.91
2.22,142,2104,14229,64.67,2,5,Diesel,Manual,Honda,Highway,First,38.89
4.32,122,2131,25615,69.62,4,1,Diesel,Manual,Hyundai,Mixed,Second,30.87
2.13,237,1507,18615,42.83,7,3,Petrol,Automatic,Honda,City,Second,19.88
4.49,114,2100,19732,52.22,9,2,Electric,Automatic,Honda,Mixed,Third,24.93
1.45,174,2353,17366,62.96,7,5,Electric,Automatic,Ford,Mixed,Second,33.23
3.81,219,1094,14970,51.99,13,3,Electric,Manual,Hyundai,Mixed,Second,29.5
3.16,215,852,17992,64.87,1,1,Diesel,Manual,Honda,Mixed,First,37.9
1.39,273,1605,5981,61.7,8,4,Petrol,Automatic,Toyota,Mixed,Third,21.8
1.97,368,2255,26554,35.73,5,4,Diesel,Manual,Honda,City,Third,33.39
1.05,236,851,21130,69.05,8,3,Diesel,Automatic,Toyota,Highway,Third,44.19
2.88,270,1527,23815,66.03,13,4,Diesel,Automatic,BMW,Mixed,Second,32.84
2.21,203,871,13566,62.79,3,2,Petrol,Manual,BMW,Highway,Third,27.31
3.39,280,827,11349,37.75,2,3,Diesel,Manual,Hyundai,Highway,Second,37.77
2.19,117,1268,25281,43.4,13,3,Diesel,Automatic,Hyundai,Mixed,Second,37.95
2.2,195,1563,15728,49.66,13,4,Petrol,Manual,BMW,Highway,Second,23.34
3.97,308,1685,12548,44.0,4,3,Diesel,Manual,Hyundai,Mixed,Second,30.26
1.19,76,1711,23375,41.39,4,1,Diesel,Manual,Toyota,Mixed,Third,42.77
4.61,341,1346,24312,70.27,3,5,Electric,Manual,Toyota,Mixed,Third,27.15
4.41,106,2224,26814,61.91,12,5,Petrol,Manual,Ford,City,First,12.58
3.67,280,1000,8446,58.27,6,4,Electric,Manual,Hyundai,Mixed,Third,30.27
3.37,234,2434,28159,41.3,7,2,Diesel,Automatic,Hyundai,Mixed,First,29.97
4.57,194,1619,26545,75.9,14,2,Petrol,Automatic,Ford,Highway,Third,15.07
1.74,261,2289,17820,39.56,4,4,Petrol,Automatic,Honda,City,Third,18.58
1.32,287,2475,23953,69.75,14,4,Diesel,Automatic,Toyota,Highway,Third,36.14
1.96,283,2418,7872,78.33,8,3,Electric,Manual,Honda,Highway,Second,32.34
4.18,131,1359,14368,66.35,6,2,Diesel,Automatic,Ford,Mixed,Third,31.44
1.14,397,1178,6335,79.64,12,5,Petrol,Manual,Hyundai,City,Third,21.62
3.33,230,2000,10413,62.55,12,4,Petrol,Automatic,Honda,City,First,12.82
4.98,135,1875,21496,40.87,6,5,Diesel,Automatic,Hyundai,Mixed,Third,27.59
4.42,355,878,25156,40.19,7,5,Diesel,Manual,Ford,City,Second,30.06
3.09,308,2208,18423,46.23,11,2,Diesel,Manual,BMW,Mixed,Third,30.45
1.25,89,1633,10294,30.36,3,5,Diesel,Automatic,Hyundai,City,First,39.11
4.33,257,2399,15037,64.08,9,3,Electric,Manual,Honda,City,Third,21.99
3.4,151,1831,6987,43.43,12,3,Electric,Manual,Honda,Mixed,Third,28.58
1.46,271,2037,9829,70.76,12,2,Electric,Manual,Ford,City,First,31.35
1.38,201,824,23369,47.96,5,3,Electric,Manual,Honda,City,Third,39.08
4.64,106,1249,16434,54.0,4,4,Petrol,Automatic,Toyota,City,First,14.7
3.68,201,1567,26475,78.28,0,2,Petrol,Manual,Hyundai,Highway,First,21.76
4.32,146,1554,19548,42.11,14,5,Electric,Automatic,Toyota,Mixed,Second,26.08
4.52,158,2280,21636,66.06,13,4,Diesel,Automatic,Ford,Highway,Second,28.1
3.29,322,2284,29699,67.76,12,2,Petrol,Automatic,Toyota,City,First,12.41
3.07,263,997,14428,41.05,8,5,Diesel,Automatic,Toyota,City,Second,32.84
2.72,245,1917,22007,55.05,1,5,Electric,Automatic,Hyundai,Highway,Second,33.31
2.27,102,1236,8156,47.51,5,5,Petrol,Automatic,Hyundai,City,First,21.56
2.74,127,2350,16328,68.6,14,5,Petrol,Automatic,BMW,City,Third,14.82
4.1,270,1489,8389,61.12,14,5,Petrol,Manual,Toyota,Mixed,Third,13.85
3.41,97,2201,24801,53.8,7,2,Petrol,Automatic,Hyundai,City,Third,15.52
4.57,104,1386,14458,68.97,2,3,Electric,Manual,Toyota,Mixed,Second,29.38
2.77,194,903,7945,41.76,4,5,Petrol,Manual,Toyota,Mixed,Second,22.88
3.43,390,1426,14352,67.68,13,4,Electric,Automatic,Ford,Highway,Third,28.22
3.53,111,1862,15486,73.27,6,2,Petrol,Automatic,Ford,Highway,First,19.09
3.37,154,1257,13632,73.93,3,1,Electric,Automatic,Toyota,City,First,30.13
3.81,257,1163,7092,69.18,13,3,Electric,Manual,Ford,Highway,First,30.18
1.95,180,934,24089,50.4,11,4,Diesel,Manual,Hyundai,Mixed,Second,40.58
3.05,340,1173,8759,79.09,4,5,Electric,Manual,Toyota,Highway,Third,33.35
1.42,394,2055,10112,48.98,0,2,Diesel,Automatic,Ford,Mixed,First,35.44
2.54,174,838,21937,61.93,3,2,Petrol,Manual,Hyundai,Highway,Third,27.39
2.95,389,1618,9904,38.05,13,5,Diesel,Automatic,Toyota,City,Third,28.25
3.61,110,846,18258,79.02,13,4,Electric,Manual,Toyota,Highway,Second,34.55
4.8,284,835,6112,65.2,6,2,Diesel,Automatic,Ford,City,First,27.31
3.4,140,894,7777,67.67,11,3,Petrol,Automatic,Hyundai,Highway,Second,21.06
3.97,125,1784,28481,33.29,9,4,Diesel,Automatic,Toyota,Mixed,Third,31.31
3.03,305,2184,20587,68.17,6,5,Electric,Manual,Toyota,Highway,Third,30.82
3.54,350,2348,15025,68.74,9,4,Electric,Manual,BMW,Highway,Third,27.09
1.28,174,1969,6314,63.59,9,4,Petrol,Manual,Toyota,Mixed,First,23.11
2.02,231,1167,24877,44.6,3,1,Petrol,Manual,BMW,Mixed,First,25.46
2.45,260,864,18562,54.48,11,5,Diesel,Manual,BMW,Highway,First,39.82
2.89,78,2051,16304,35.52,5,3,Petrol,Automatic,Hyundai,Mixed,Third,19.13
1.18,129,1553,29674,53.58,12,5,Electric,Automatic,Honda,Mixed,Third,37.55
1.56,374,2343,28857,42.19,4,1,Diesel,Automatic,BMW,Highway,First,37.01
2.11,294,1615,12015,47.45,0,5,Diesel,Automatic,Hyundai,City,Third,34.64
4.89,376,2378,17117,38.13,7,5,Diesel,Manual,Ford,Highway,Third,25.88
2.33,257,1555,10710,41.5,11,3,Diesel,Manual,BMW,Highway,Third,37.17
2.93,139,980,17588,33.83,6,1,Petrol,Automatic,Honda,City,First,20.45
1.78,362,2324,22606,76.0,14,5,Diesel,Automatic,Ford,Highway,Second,34.19
3.44,356,1396,25967,56.52,4,5,Diesel,Manual,BMW,Highway,Second,35.49
2.12,238,1978,26904,49.84,12,2,Diesel,Manual,BMW,Mixed,Second,35.71
1.83,131,1586,29256,56.75,9,5,Electric,Automatic,Honda,Highway,First,37.83
3.07,83,2358,20436,61.41,9,3,Electric,Automatic,Toyota,City,Third,27.48
1.02,233,1426,26815,76.09,6,2,Petrol,Manual,Honda,City,Second,25.84
1.03,314,2258,20196,38.93,14,1,Electric,Manual,Hyundai,Mixed,Second,33.4
1.88,77,1922,23089,44.78,9,4,Electric,Manual,Hyundai,Highway,First,37.88
1.15,223,1415,21901,78.79,2,3,Petrol,Automatic,Honda,Highway,Third,28.2
1.43,105,2195,22604,48.56,7,1,Petrol,Automatic,Honda,Highway,Third,25.13
2.36,117,2386,7506,31.13,4,2,Diesel,Manual,Honda,Highway,First,36.87
4.21,154,2185,25709,37.38,1,4,Diesel,Automatic,Honda,City,Second,28.5
3.29,97,911,17072,31.32,1,1,Petrol,Automatic,Honda,City,Third,20.91
3.05,265,1252,21136,79.5,3,3,Diesel,Manual,BMW,Mixed,Third,36.11
2.17,277,1555,19343,43.94,6,2,Diesel,Automatic,Ford,Highway,Second,37.83
4.73,273,1992,10479,76.18,13,3,Diesel,Automatic,Hyundai,City,First,22.66
2.59,376,1383,15434,79.79,9,3,Petrol,Automatic,Hyundai,Highway,Second,20.05
1.35,173,938,28820,59.99,3,2,Electric,Manual,Ford,City,Third,39.92
3.47,299,1030,8090,31.66,8,5,Electric,Manual,Honda,City,First,28.71
1.46,170,2062,11497,34.08,1,3,Petrol,Automatic,Ford,Mixed,Second,22.91
2.38,98,1783,26552,54.08,5,2,Petrol,Automatic,Honda,Highway,Second,24.3
3.03,196,1052,19691,50.31,3,3,Diesel,Automatic,Hyundai,Mixed,First,36.41
4.5,79,2259,11993,60.31,5,5,Petrol,Automatic,Toyota,Mixed,Third,12.88
2.97,175,1360,5973,51.94,9,2,Petrol,Manual,Hyundai,Mixed,First,19.79
3.81,236,2245,26661,76.7,8,1,Petrol,Automatic,Hyundai,Mixed,First,13.9
4.97,326,2126,13257,56.74,9,1,Petrol,Automatic,Toyota,Mixed,Third,8.25
1.53,364,871,11092,64.69,11,1,Diesel,Automatic,Ford,Mixed,Second,37.7
2.1,346,2086,7906,74.82,8,4,Diesel,Automatic,BMW,Mixed,First,32.1
2.58,134,1021,5570,37.34,8,3,Petrol,Manual,Honda,Highway,First,24.88
2.69,340,1900,17084,41.49,8,3,Petrol,Automatic,Honda,Mixed,Second,16.67
2.64,257,861,5307,35.37,2,2,Electric,Manual,Hyundai,Highway,Third,36.85
4.63,386,2294,8742,36.98,11,4,Electric,Manual,Toyota,Highway,Second,22.5
3.86,207,1980,13974,55.63,10,3,Petrol,Automatic,Hyundai,City,Second,12.12
3.43,174,1605,5765,46.06,13,2,Electric,Manual,Hyundai,Mixed,First,28.73
2.24,103,924,13964,51.16,8,5,Electric,Manual,Ford,Highway,First,39.36
4.3,179,1540,29198,79.12,2,3,Diesel,Manual,Honda,City,Third,31.47
4.82,102,960,12735,37.84,9,3,Diesel,Automatic,BMW,City,First,28.98
4.28,300,1340,21202,57.04,2,5,Diesel,Manual,Toyota,Mixed,Second,31.65
1.01,386,1425,19431,34.94,4,5,Electric,Manual,BMW,Mixed,Second,37.29
3.55,335,2414,16377,45.92,5,3,Petrol,Automatic,Toyota,Mixed,Third,12.64
1.2,251,2358,18274,56.38,8,5,Diesel,Manual,Honda,Mixed,First,37.18
2.03,134,905,19297,77.33,0,2,Electric,Automatic,Ford,Highway,First,40.39
1.24,70,1954,13036,49.56,14,3,Petrol,Automatic,BMW,Highway,Third,24.96
3.42,202,2180,12596,33.25,7,3,Diesel,Automatic,Toyota,Mixed,Third,29.82
3.75,149,1575,21923,49.41,13,1,Electric,Automatic,Hyundai,Mixed,First,28.19
1.46,340,801,29369,37.29,13,3,Diesel,Automatic,Honda,Highway,Third,41.56
2.54,310,1032,7049,41.5,3,1,Electric,Manual,Ford,Mixed,Second,33.88
2.82,97,1168,24667,60.9,9,5,Diesel,Automatic,Hyundai,City,Third,35.69
2.48,292,2074,9675,33.37,6,5,Electric,Manual,Ford,Highway,Second,32.27
1.48,92,1745,6663,53.24,5,2,Petrol,Manual,Toyota,City,Second,23.5
2.68,178,1931,11476,60.47,14,1,Diesel,Automatic,Hyundai,City,Second,30.52
4.0,176,2099,17028,51.09,5,3,Diesel,Manual,Ford,City,First,28.98
1.28,214,979,24823,30.96,6,1,Electric,Manual,Honda,City,Second,38.64
1.32,208,1092,20077,79.28,3,5,Petrol,Automatic,BMW,Mixed,Third,26.63
2.42,353,1383,12143,48.36,5,5,Petrol,Automatic,BMW,Mixed,Second,19.34
4.77,367,1594,24631,68.93,2,2,Diesel,Automatic,Hyundai,Mixed,First,27.45
3.67,168,974,24884,46.28,4,5,Electric,Manual,Honda,Mixed,First,33.4
3.71,386,922,6910,53.75,12,1,Diesel,Manual,Honda,Highway,First,32.94
2.45,192,1026,5732,49.42,12,3,Electric,Manual,Ford,Mixed,First,33.87
3.37,389,1243,24897,47.13,13,3,Petrol,Manual,Hyundai,Highway,Third,19.16
1.04,356,1227,9609,31.09,14,1,Diesel,Automatic,Honda,City,First,35.95
3.54,150,1906,16134,48.0,12,2,Electric,Manual,Ford,Highway,Third,30.59
4.65,79,1564,9456,74.47,1,3,Petrol,Manual,Honda,Mixed,First,16.57
3.45,77,2481,19512,64.52,2,1,Electric,Automatic,Hyundai,City,First,27.12
4.49,274,1431,8335,37.27,12,1,Diesel,Manual,Honda,City,Third,26.62
3.9,384,864,20545,59.56,8,5,Electric,Automatic,Honda,Mixed,Second,28.17
1.48,266,2104,17814,74.61,5,5,Diesel,Manual,Honda,City,Third,36.01
4.61,267,2214,29552,65.0,2,2,Petrol,Automatic,BMW,City,Second,10.87
1.27,99,1227,12056,37.43,1,2,Electric,Manual,Toyota,City,Third,39.06
3.14,89,1417,7753,73.39,4,2,Petrol,Automatic,Hyundai,Highway,Second,21.94
1.57,117,1724,6372,45.08,9,1,Petrol,Manual,BMW,City,First,22.24
1.05,199,1611,19234,52.7,13,1,Diesel,Manual,Toyota,City,Second,38.59
2.69,362,906,14636,56.31,4,5,Diesel,Automatic,Honda,Highway,Second,37.44
2.18,201,2371,8376,72.53,0,3,Petrol,Automatic,Honda,Mixed,First,19.08
2.94,123,1458,13481,76.58,2,2,Diesel,Automatic,BMW,Highway,First,37.84
3.31,350,2085,15257,76.48,6,4,Petrol,Manual,Ford,Highway,Second,17.32
1.17,334,1982,21447,30.4,8,2,Diesel,Automatic,Hyundai,Mixed,Second,36.68
1.49,284,1064,25329,76.09,4,5,Diesel,Automatic,Toyota,Mixed,Third,40.53
3.23,359,2291,21713,32.72,3,1,Electric,Manual,Honda,Highway,First,29.8
2.37,112,2025,9858,43.29,2,5,Electric,Automatic,Hyundai,City,First,31.02
3.92,143,954,23347,55.75,9,5,Diesel,Automatic,Honda,Mixed,First,33.75
3.61,347,1836,24472,54.0,12,5,Petrol,Automatic,Honda,City,Third,12.23
4.38,395,2120,21524,60.24,8,4,Petrol,Manual,Honda,Mixed,Third,11.36
3.77,311,1695,18619,53.97,13,4,Petrol,Manual,Hyundai,City,Second,13.17
2.72,199,2321,9539,76.72,6,2,Diesel,Manual,BMW,Highway,Third,34.75
3.69,263,2420,23857,42.03,11,1,Diesel,Automatic,Hyundai,Highway,Third,29.56
2.1,101,1792,10594,43.7,6,5,Petrol,Manual,Hyundai,Highway,Third,24.87
2.23,175,1044,8903,76.04,13,3,Electric,Manual,Ford,Highway,First,36.78
4.16,273,2123,10364,33.84,12,2,Electric,Manual,Ford,Mixed,Second,23.92
2.79,70,2185,5449,60.48,7,2,Petrol,Automatic,BMW,Highway,Third,19.87
4.19,314,2177,25830,64.09,9,5,Diesel,Manual,Ford,City,Third,26.42
4.29,141,2344,26078,55.28,0,2,Diesel,Manual,BMW,Highway,Third,32.74
4.43,375,1185,9806,64.71,10,5,Petrol,Manual,Honda,Highway,First,15.44
4.67,84,1558,5869,38.64,3,2,Electric,Manual,Honda,Highway,Second,29.83
2.72,122,2135,11079,72.63,12,1,Petrol,Automatic,Hyundai,Highway,Second,19.15
2.28,77,1213,12307,37.0,12,2,Petrol,Manual,Honda,Mixed,Third,23.64
3.33,399,2101,8659,50.04,4,2,Petrol,Manual,Ford,Mixed,Second,14.45
2.48,115,1514,8602,33.76,4,3,Electric,Manual,Toyota,Mixed,First,34.68
3.4,394,1558,13584,57.26,0,1,Petrol,Automatic,Hyundai,City,Third,14.62
3.82,183,1546,23832,63.49,2,1,Electric,Automatic,BMW,City,Second,28.31
3.75,216,1392,19385,77.06,1,1,Diesel,Manual,Honda,Highway,Third,36.18
2.5,235,2179,15983,66.97,11,2,Electric,Automatic,Hyundai,City,First,27.42
1.67,208,2348,28976,57.06,6,4,Electric,Manual,Hyundai,City,Third,32.98
2.72,186,1638,24337,76.63,12,2,Petrol,Automatic,Hyundai,City,First,17.7
1.57,368,815,10131,53.92,13,5,Diesel,Automatic,Honda,City,Third,35.77
4.56,345,1792,6358,58.06,4,3,Petrol,Manual,BMW,Mixed,Third,12.06
2.38,346,1868,29603,59.8,2,1,Electric,Automatic,Hyundai,Mixed,Second,31.8
1.62,382,2144,21771,50.5,10,5,Electric,Automatic,Hyundai,City,Second,29.25
1.1,247,1450,18603,71.92,7,5,Petrol,Manual,Hyundai,City,First,24.45
3.58,399,2149,21246,39.26,0,4,Diesel,Manual,Honda,Mixed,First,30.22
3.55,223,947,22216,57.74,0,1,Electric,Automatic,Ford,Highway,First,34.55
2.36,270,1154,13441,66.11,13,2,Electric,Automatic,BMW,Mixed,Second,31.98
1.29,184,2059,15219,75.2,5,1,Electric,Automatic,Hyundai,City,Third,33.37
2.64,228,1502,14720,74.2,0,3,Diesel,Automatic,Hyundai,City,First,34.34
2.24,111,1412,25577,55.44,3,1,Petrol,Manual,Hyundai,City,Third,23.88
3.71,316,904,23222,62.16,5,5,Diesel,Automatic,Honda,Mixed,Third,33.24
3.42,137,2297,14552,49.71,0,5,Diesel,Manual,Ford,City,Second,31.32
2.46,395,1195,16301,53.41,12,2,Electric,Manual,Hyundai,Mixed,Second,31.64
1.87,265,2269,14515,75.31,8,2,Diesel,Manual,Hyundai,Highway,Third,36.88
4.95,159,1405,5891,76.54,14,2,Electric,Automatic,Honda,City,First,21.86
2.82,180,2043,26972,74.77,3,3,Diesel,Automatic,BMW,City,Second,32.89
3.75,214,1650,22689,36.92,8,1,Diesel,Manual,BMW,Highway,Third,34.32
1.56,344,1241,20085,72.5,8,4,Petrol,Manual,Ford,Mixed,Second,23.98
2.94,248,2468,26667,77.42,12,1,Diesel,Manual,BMW,City,Third,29.72
1.11,310,1672,25932,48.06,5,2,Petrol,Manual,Hyundai,City,Second,23.86
3.02,395,1466,9192,55.93,12,3,Electric,Manual,Honda,City,First,26.81
4.86,388,1851,21128,68.95,6,1,Electric,Automatic,Hyundai,City,First,20.47
2.54,222,1593,27836,58.1,14,5,Petrol,Automatic,Hyundai,Highway,Second,21.42
1.16,173,1274,29837,79.67,12,1,Electric,Automatic,Ford,Mixed,Second,38.09
1.12,144,1427,23724,52.79,0,5,Electric,Automatic,BMW,Highway,Second,41.73
2.55,197,2128,23177,65.7,4,1,Diesel,Manual,BMW,Mixed,First,35.45
1.64,268,2228,27778,69.63,2,1,Petrol,Manual,BMW,Highway,Second,24.9
1.09,223,2336,15362,54.71,9,1,Electric,Automatic,Hyundai,Highway,First,35.34
4.02,125,1301,21708,72.85,9,2,Petrol,Manual,Honda,Mixed,Second,18.48
2.83,347,1147,14177,57.31,12,5,Diesel,Manual,Honda,City,Second,32.52
2.16,88,2063,29232,50.58,5,3,Electric,Manual,Hyundai,City,Third,34.08
4.6,228,1817,29498,35.39,3,4,Electric,Automatic,Toyota,Highway,First,28.09
1.46,95,1369,11644,49.67,14,5,Petrol,Automatic,Hyundai,Highway,Second,25.91
4.82,238,1494,9782,66.7,12,2,Electric,Automatic,BMW,Highway,First,25.18
2.26,92,2160,15052,76.06,13,5,Petrol,Automatic,Hyundai,City,Third,17.55
4.55,116,825,24521,42.58,12,3,Electric,Automatic,Toyota,Mixed,First,29.06
3.41,82,2232,8898,47.76,8,5,Diesel,Automatic,Hyundai,City,First,29.16
4.31,286,1900,22219,37.7,6,2,Diesel,Manual,BMW,Highway,First,31.1
4.94,391,1016,9154,64.54,14,2,Petrol,Automatic,Ford,City,First,8.73
2.15,263,2151,7778,78.01,13,4,Electric,Manual,Honda,City,First,28.5
4.84,213,1636,18809,62.05,14,3,Electric,Automatic,Toyota,City,First,21.77
2.56,142,1573,11409,60.85,3,4,Petrol,Automatic,Ford,Mixed,First,21.07
2.54,225,1846,17523,57.67,12,1,Diesel,Manual,Honda,Highway,Second,36.22
2.36,146,1469,9313,34.42,10,2,Diesel,Automatic,Ford,City,Second,34.1
3.17,238,1517,27030,66.48,5,4,Diesel,Manual,Hyundai,City,First,33.76
1.62,356,1109,12608,60.1,1,2,Petrol,Automatic,Hyundai,Highway,First,25.61
3.21,154,1398,25105,63.07,13,2,Diesel,Manual,Honda,City,Second,33.45
3.17,251,1066,18717,74.94,2,1,Petrol,Automatic,Honda,City,Third,18.85
4.05,384,2238,29295,69.2,14,2,Diesel,Manual,Hyundai,City,Second,25.19
4.33,366,1445,16864,69.05,10,4,Diesel,Automatic,Hyundai,City,Third,25.8
2.76,181,2090,16214,76.36,6,3,Petrol,Manual,Honda,Highway,First,21.17
2.21,299,2156,17876,79.5,10,5,Electric,Automatic,Honda,City,First,27.98
2.04,165,1822,23055,59.06,11,4,Electric,Automatic,Honda,Mixed,Second,33.07
1.78,237,1249,5916,35.44,3,1,Electric,Automatic,BMW,City,Second,33.65
1.23,225,1364,26972,52.96,13,5,Diesel,Automatic,BMW,Mixed,Second,39.5
2.37,174,2434,14325,69.38,11,2,Diesel,Automatic,Hyundai,Highway,First,34.03
2.08,262,2070,27880,31.39,9,4,Electric,Automatic,BMW,City,Second,30.17
4.87,399,1859,23220,32.84,6,5,Diesel,Manual,Toyota,Mixed,Second,26.16
3.23,201,2224,23522,33.36,8,4,Diesel,Manual,Hyundai,Mixed,Third,32.21
2.39,207,827,9007,66.55,13,2,Electric,Manual,Toyota,City,First,33.16
3.32,339,1019,23289,55.06,12,4,Petrol,Manual,Ford,City,First,17.24
1.56,107,1205,25373,48.44,4,1,Electric,Manual,Toyota,Highway,First,42.14
2.78,114,2437,8485,35.28,13,5,Electric,Manual,Ford,Highway,Second,30.82
3.5,232,1070,26181,66.61,0,5,Petrol,Automatic,Toyota,City,First,18.99
2.96,322,2474,24116,46.05,4,5,Diesel,Automatic,Ford,Highway,Second,32.3
2.61,238,1591,29098,43.27,5,4,Electric,Automatic,Ford,Highway,Third,34.75
4.98,354,2334,15961,62.62,13,2,Electric,Manual,Hyundai,Highway,First,21.83
4.52,343,1762,22705,57.95,10,4,Diesel,Automatic,Honda,Highway,Third,28.35
3.49,89,2109,16908,48.12,1,4,Diesel,Manual,Honda,City,Third,32.33
3.28,308,2277,8354,62.07,7,5,Petrol,Manual,Hyundai,City,First,13.04
3.48,339,1633,18509,43.56,12,2,Diesel,Manual,Ford,Mixed,First,30.66
1.81,379,1116,12101,69.74,1,3,Electric,Automatic,Honda,Highway,Second,36.66
2.58,100,2413,9743,41.47,14,2,Diesel,Automatic,Honda,City,Third,29.94
1.16,383,2120,13951,37.94,13,4,Diesel,Manual,Toyota,Mixed,Third,35.3
2.9,173,1137,12014,69.12,8,1,Petrol,Automatic,BMW,Highway,Second,22.27
3.17,239,2130,8412,65.39,13,2,Petrol,Automatic,Hyundai,Mixed,First,13.92
1.91,255,2251,29209,39.13,12,5,Electric,Manual,BMW,Highway,Third,34.4
4.86,197,1150,22741,35.81,1,1,Electric,Automatic,Ford,City,Second,26.31
4.64,279,1310,24865,71.92,2,3,Diesel,Automatic,Toyota,Mixed,Third,29.94
3.89,350,1324,14140,68.83,7,3,Electric,Manual,Honda,City,Third,26.35
3.13,322,1291,15271,46.36,10,1,Electric,Manual,Toyota,Highway,Second,32.3
4.48,88,2417,23150,62.91,5,3,Diesel,Automatic,Hyundai,Highway,Third,30.18
1.52,269,808,13219,36.21,0,1,Diesel,Automatic,Ford,Highway,Second,43.25
4.16,289,2320,12163,55.35,14,4,Diesel,Automatic,Toyota,Mixed,Second,24.6
1.5,205,2383,7470,30.94,3,1,Petrol,Manual,Toyota,Mixed,Third,21.75
4.18,292,1360,15730,49.58,4,4,Petrol,Manual,Toyota,Mixed,Third,16.18
2.1,72,1239,21543,33.74,13,5,Diesel,Manual,Honda,City,First,38.26
4.51,305,2375,24276,53.76,10,5,Petrol,Automatic,Ford,Mixed,First,9.81
4.78,297,1591,26710,51.08,2,3,Petrol,Automatic,Honda,Highway,Third,15.44
1.6,211,1931,9113,52.22,0,1,Petrol,Manual,Toyota,City,First,22.13
2.85,78,2068,18414,32.27,2,4,Electric,Manual,Honda,Highway,First,35.09
4.92,259,2078,12749,48.08,12,5,Diesel,Manual,Honda,Highway,Second,26.99
2.93,234,832,29182,67.82,8,5,Diesel,Automatic,Hyundai,Mixed,Third,36.91
4.45,208,1846,16914,48.45,1,5,Electric,Automatic,BMW,Mixed,First,26.06
3.35,345,1644,20007,65.76,0,3,Petrol,Automatic,BMW,Mixed,First,17.07
2.5,360,1365,16923,48.47,6,5,Diesel,Automatic,Hyundai,Highway,First,36.26
2.14,122,848,26383,51.16,12,2,Petrol,Manual,Hyundai,City,Third,24.49
1.81,244,1261,18042,58.19,6,3,Electric,Automatic,Honda,Mixed,Second,35.3
4.05,179,1389,22954,77.53,4,1,Petrol,Automatic,Honda,Mixed,Third,17.25
2.55,272,1135,18181,35.44,1,2,Electric,Manual,Ford,City,Second,33.67
3.05,205,2181,17130,31.65,13,3,Electric,Manual,BMW,Highway,First,30.43
2.97,73,1945,8405,60.4,0,3,Petrol,Manual,Honda,Highway,Third,22.78
3.31,224,2267,15862,77.45,12,4,Petrol,Automatic,Ford,City,Second,12.45
4.46,241,1158,26911,79.49,4,2,Diesel,Manual,BMW,Mixed,First,32.51
4.92,116,2425,20249,54.21,9,2,Electric,Automatic,Ford,City,First,20.91
2.63,163,1145,17939,53.4,3,2,Petrol,Manual,Ford,Mixed,Third,23.8
4.31,117,992,18967,62.25,8,5,Petrol,Automatic,Hyundai,City,Second,16.0
4.06,309,2239,10848,57.78,4,5,Diesel,Automatic,Toyota,Highway,First,28.67
3.29,282,2200,11817,61.7,10,1,Diesel,Manual,Toyota,Highway,First,31.8
4.82,393,2286,23011,73.7,9,1,Diesel,Manual,Toyota,Highway,First,26.33
1.8,208,1555,11143,67.32,11,1,Electric,Automatic,Ford,Highway,Second,35.3
1.44,274,2484,19509,54.84,11,5,Diesel,Manual,Honda,City,Second,33.76
4.42,142,1969,15058,53.09,1,4,Electric,Automatic,Toyota,City,First,24.85
2.76,73,1277,13396,61.98,3,1,Diesel,Manual,Honda,Mixed,Second,38.66
4.39,145,1627,27942,52.79,12,3,Electric,Automatic,BMW,City,First,25.19
4.57,398,1689,16771,52.89,11,5,Diesel,Automatic,Toyota,Mixed,First,25.11
1.25,146,1452,10272,30.82,8,4,Electric,Manual,Ford,City,Second,36.37
4.53,373,1207,16366,38.7,7,3,Diesel,Automatic,Hyundai,City,Second,26.44
2.79,325,1085,29265,54.43,2,3,Diesel,Automatic,Ford,City,Third,34.97
3.04,171,1650,20424,71.13,7,5,Petrol,Automatic,Honda,City,Third,17.39
3.51,175,910,18428,43.94,12,2,Electric,Automatic,BMW,Highway,Second,32.88
4.71,108,1419,21024,56.13,1,4,Petrol,Manual,Ford,City,Second,15.95
1.08,383,1592,8747,47.25,2,5,Electric,Automatic,Hyundai,Mixed,Second,34.83
2.91,344,849,14297,35.24,13,2,Petrol,Automatic,Hyundai,Highway,Second,20.49
3.75,157,1837,6607,77.91,4,5,Diesel,Manual,BMW,City,First,30.3
3.89,280,1957,26458,72.73,10,5,Petrol,Manual,Toyota,City,First,13.45
3.77,146,1387,28537,33.92,11,3,Diesel,Automatic,Ford,Mixed,Third,32.73
1.54,146,1395,28117,65.99,13,5,Electric,Automatic,Ford,Highway,Second,38.46
2.2,97,2166,21450,47.38,9,2,Diesel,Automatic,Hyundai,Highway,Third,37.39
2.43,314,1469,20535,79.74,9,3,Petrol,Manual,Honda,Highway,Second,22.62
4.22,135,2109,29384,45.12,7,2,Electric,Automatic,Ford,Highway,Second,28.66
2.12,335,1113,12645,41.94,0,2,Petrol,Automatic,Hyundai,Mixed,Second,22.41
1.84,274,1405,14470,58.39,3,3,Diesel,Manual,Honda,City,First,37.32
4.83,127,1096,9158,71.76,0,2,Diesel,Automatic,Toyota,City,Third,29.52
1.04,270,2429,14005,39.63,0,1,Petrol,Manual,Toyota,Highway,Second,25.33
4.99,294,1368,21786,65.47,11,5,Electric,Automatic,Hyundai,Mixed,Third,23.55
3.71,211,1987,12925,33.07,4,3,Petrol,Manual,Hyundai,City,Third,14.72
4.31,153,1631,18640,75.95,5,3,Diesel,Automatic,Toyota,Highway,First,32.32
2.18,212,2320,9166,34.05,14,1,Electric,Automatic,Hyundai,Highway,First,30.66
1.06,102,1409,24309,75.71,0,1,Petrol,Manual,BMW,Mixed,Second,29.74
3.95,221,815,20076,54.54,10,1,Diesel,Manual,Ford,Mixed,Third,33.94
4.34,227,2167,24377,52.4,5,1,Electric,Automatic,BMW,Mixed,First,24.94
3.96,210,1901,14278,78.67,4,4,Petrol,Manual,Honda,Highway,Third,17.87
1.57,320,2169,5771,79.52,3,3,Electric,Manual,Hyundai,Mixed,Third,32.78
4.01,372,871,16440,62.51,9,2,Diesel,Manual,Hyundai,Highway,Second,33.64
4.08,181,1069,28755,36.36,4,3,Petrol,Automatic,Honda,City,Third,17.22
3.63,213,1086,27097,55.31,7,3,Petrol,Automatic,Ford,Highway,First,21.04
4.06,278,865,13167,56.46,8,3,Diesel,Manual,Toyota,Highway,Second,34.53
4.38,293,1679,6556,55.72,10,1,Diesel,Manual,BMW,City,Second,26.1
3.45,112,867,16150,58.47,13,1,Diesel,Manual,Ford,Mixed,Second,35.83
1.35,333,2016,6151,30.94,11,4,Petrol,Automatic,Toyota,Mixed,First,19.22
2.95,313,1878,26698,65.56,1,3,Diesel,Manual,Toyota,Highway,Second,36.49
1.31,72,1779,22601,65.62,5,5,Petrol,Manual,Hyundai,Highway,Third,28.95
2.63,194,2202,17534,35.77,2,4,Petrol,Automatic,Honda,City,Second,17.16
2.63,337,1773,25328,58.51,14,1,Electric,Manual,Hyundai,Mixed,First,30.12
1.26,153,1991,13039,58.42,1,3,Diesel,Automatic,Honda,City,First,37.63
2.4,85,2232,23426,64.12,11,1,Diesel,Automatic,Hyundai,Highway,Second,36.47
1.44,128,1307,19659,34.27,13,2,Electric,Manual,BMW,Highway,Third,39.8
4.23,246,2360,11303,61.33,12,1,Petrol,Automatic,Hyundai,City,First,8.55
4.79,132,2466,24053,44.04,0,1,Petrol,Automatic,BMW,City,First,10.95
1.29,118,1636,23497,55.35,3,4,Petrol,Automatic,Ford,Mixed,First,26.19
4.82,376,1925,7977,68.67,7,2,Diesel,Automatic,Ford,City,Second,22.27
3.09,315,1685,17541,65.28,2,5,Petrol,Manual,Hyundai,Mixed,First,18.76
2.2,358,1593,25762,35.95,4,5,Electric,Automatic,Ford,Mixed,First,32.53
1.31,355,1221,28611,59.56,13,5,Petrol,Manual,Toyota,City,First,23.02
3.0,84,1574,27645,78.46,9,3,Diesel,Automatic,BMW,City,Second,34.07
4.18,324,1277,5422,37.84,4,5,Diesel,Automatic,Honda,Mixed,First,29.08
3.83,161,1725,16985,72.65,4,3,Petrol,Manual,BMW,City,First,16.19
1.2,348,919,21474,65.13,10,1,Petrol,Automatic,Hyundai,Mixed,Second,24.79
1.29,275,2114,8372,68.7,8,5,Diesel,Manual,Ford,Mixed,Second,36.7
2.61,163,1287,21083,44.1,14,4,Petrol,Automatic,Ford,Highway,Third,22.43
2.18,294,1984,27420,44.39,7,2,Electric,Automatic,Toyota,Mixed,First,31.57
1.93,370,2496,6942,75.3,7,2,Diesel,Manual,Ford,Highway,Second,34.24
2.12,387,877,25189,47.99,12,1,Petrol,Automatic,Hyundai,City,Third,19.96
4.21,268,1861,14950,33.15,12,2,Petrol,Automatic,Hyundai,Mixed,First,11.9
4.72,340,2217,21282,60.03,0,2,Petrol,Manual,Honda,Mixed,Second,12.04
2.62,303,1240,21481,36.24,0,1,Electric,Automatic,BMW,City,Second,31.97
4.62,115,2363,6479,69.83,1,1,Diesel,Automatic,BMW,City,First,25.47
2.29,133,1261,9626,62.09,13,1,Electric,Automatic,BMW,City,First,31.68
2.91,299,1411,15777,73.74,7,4,Petrol,Automatic,Honda,Mixed,Third,18.25
1.9,318,2117,10147,69.24,9,1,Electric,Automatic,Honda,City,First,28.46
3.56,315,2223,25031,35.61,0,1,Petrol,Manual,Honda,City,First,14.86
4.92,144,2459,10443,49.05,14,1,Petrol,Manual,Toyota,Highway,First,11.48
3.41,226,1716,5079,68.73,3,5,Diesel,Automatic,Honda,Highway,Second,33.35
2.43,292,1915,10577,50.87,8,5,Diesel,Automatic,Ford,Mixed,Third,32.5
3.59,259,1408,17901,78.62,1,4,Petrol,Automatic,Toyota,City,Third,16.31
1.49,121,805,7223,66.79,2,4,Petrol,Manual,Ford,City,Third,27.03
4.55,157,1480,7569,30.77,10,2,Petrol,Automatic,BMW,Highway,Second,15.24
3.01,382,1694,14964,74.0,5,5,Diesel,Automatic,Hyundai,Mixed,First,31.23
2.8,135,1070,18768,35.04,12,4,Diesel,Automatic,BMW,City,Second,34.61
3.34,219,2443,25902,37.03,14,4,Petrol,Automatic,Honda,Mixed,Third,13.74
3.5,89,1610,22507,66.72,10,2,Diesel,Manual,Hyundai,Highway,First,36.39
1.29,102,1358,21249,73.25,9,1,Petrol,Automatic,BMW,City,First,24.58
3.73,397,898,7623,56.82,2,3,Electric,Automatic,Toyota,Highway,Third,30.51
1.97,350,1325,6403,44.45,14,2,Diesel,Automatic,Honda,Highway,First,35.94
3.86,115,993,23962,47.57,14,3,Petrol,Automatic,BMW,Highway,Second,20.3
4.29,142,1980,21715,47.14,3,2,Electric,Automatic,Hyundai,City,Third,25.42
4.22,382,2489,12485,46.33,8,2,Petrol,Automatic,Ford,Mixed,Second,8.8
3.21,202,1938,16800,42.15,8,1,Electric,Automatic,BMW,City,First,27.0
3.08,124,1195,22123,60.44,9,4,Diesel,Manual,Toyota,Highway,Third,38.92
1.57,130,1569,17798,75.02,4,5,Diesel,Automatic,Hyundai,Mixed,First,39.73
4.1,77,2480,29617,45.35,6,2,Petrol,Manual,BMW,Highway,Third,17.85
2.09,341,1823,9980,39.33,8,1,Diesel,Manual,Ford,City,Third,32.99
2.99,315,2345,8878,71.93,7,3,Diesel,Automatic,Honda,Mixed,Third,28.97
2.14,245,1679,6949,67.09,10,4,Electric,Automatic,Honda,City,Third,29.69
1.54,185,2037,24844,76.54,6,2,Diesel,Automatic,Honda,Mixed,Third,37.73
3.52,386,1544,23512,38.28,11,3,Electric,Manual,Hyundai,Highway,First,29.89
1.22,340,1482,25881,37.21,7,2,Electric,Manual,Ford,Highway,Third,38.97
3.99,262,2356,23538,57.07,4,5,Electric,Manual,Ford,Highway,Second,28.3
2.27,219,814,26614,60.72,4,5,Diesel,Automatic,BMW,City,Third,38.29
1.0,200,2242,28828,54.01,4,4,Petrol,Automatic,Honda,City,Second,22.74
3.04,171,1167,22621,59.95,0,3,Petrol,Manual,Hyundai,Highway,First,25.27
1.19,379,1437,14958,39.02,5,5,Diesel,Manual,Honda,Highway,Third,41.21
2.1,339,1652,13697,53.98,4,1,Electric,Automatic,Honda,Mixed,Third,31.89
3.83,361,2036,26624,62.9,7,4,Diesel,Manual,BMW,Mixed,Second,29.45
1.25,279,1499,20493,51.64,7,2,Petrol,Manual,BMW,City,Third,23.6
4.36,136,804,15033,63.97,1,3,Electric,Manual,BMW,Mixed,First,31.92
1.02,79,1030,26199,52.56,10,3,Diesel,Manual,Toyota,City,First,43.3
1.99,118,2024,14586,46.68,5,1,Electric,Manual,Toyota,City,Third,33.18
3.96,180,2225,5256,45.18,11,5,Electric,Manual,Hyundai,Mixed,Second,25.1
2.27,390,1972,6720,50.55,10,3,Petrol,Manual,Hyundai,Mixed,First,17.18
1.41,288,2407,18241,31.15,9,1,Electric,Automatic,BMW,Mixed,Third,31.51
2.44,126,2315,21234,63.43,9,1,Diesel,Manual,Ford,Highway,Second,36.93
2.08,352,1811,28731,72.26,14,2,Electric,Automatic,Hyundai,Highway,Second,32.66
4.37,182,2049,12076,47.73,5,1,Electric,Automatic,Toyota,Mixed,First,24.8
2.25,202,1385,6071,32.3,2,4,Diesel,Manual,Toyota,Highway,Third,39.96
4.16,140,968,6622,79.34,0,3,Petrol,Automatic,Honda,City,First,16.77
4.57,152,1560,7066,43.18,6,4,Petrol,Manual,BMW,Highway,Second,16.87
2.74,126,1591,13642,36.33,9,1,Diesel,Automatic,Ford,Highway,First,36.7
4.64,340,1799,5897,48.49,4,1,Electric,Automatic,BMW,Highway,Third,24.61
2.51,180,951,26559,66.93,11,4,Diesel,Manual,Toyota,City,First,37.44
4.86,145,1815,13273,44.7,11,2,Diesel,Automatic,Ford,City,Second,25.0
1.36,227,1023,25558,58.74,9,1,Diesel,Manual,Hyundai,Mixed,First,42.09
3.75,89,1303,10781,50.78,4,4,Petrol,Automatic,Honda,Highway,Second,20.61
2.98,200,2373,25328,35.89,10,4,Electric,Manual,Toyota,Highway,Second,31.27
2.55,398,843,27810,46.51,7,3,Diesel,Manual,Honda,City,Second,35.9
3.53,191,1496,18622,66.24,11,2,Petrol,Automatic,BMW,Highway,First,18.77
3.82,110,1303,18284,60.6,4,5,Petrol,Manual,Ford,City,Third,18.42
1.02,236,2064,15399,35.99,4,4,Electric,Manual,BMW,Highway,Second,38.49
1.67,199,1729,26819,38.17,0,3,Diesel,Automatic,Honda,Mixed,First,39.5
3.85,92,1642,14883,62.04,1,5,Electric,Manual,Toyota,City,Second,29.64
3.67,348,1150,14371,70.67,4,3,Diesel,Automatic,Honda,City,First,30.07
4.86,320,822,24319,47.47,6,3,Petrol,Automatic,Toyota,City,Second,13.2
4.04,78,2459,27217,59.77,2,2,Petrol,Automatic,Honda,Highway,First,17.43
4.8,82,1397,15707,38.53,11,1,Electric,Manual,BMW,Mixed,Second,27.32
3.81,376,1866,13088,45.57,14,2,Diesel,Automatic,Honda,City,Second,24.85
2.19,389,1265,18140,31.01,0,5,Electric,Manual,Hyundai,Mixed,Second,34.65
1.42,121,839,21845,68.41,10,2,Diesel,Automatic,BMW,City,Third,40.63
4.13,278,1102,16093,50.05,11,1,Electric,Automatic,Honda,Mixed,First,26.97
3.58,107,974,21500,70.81,1,2,Petrol,Automatic,Honda,Highway,Third,23.5
1.19,169,1798,10785,65.42,2,2,Electric,Manual,Ford,Highway,First,39.68
2.44,262,2355,11507,71.44,11,2,Diesel,Automatic,BMW,Mixed,Second,30.82
4.83,260,2284,10830,44.28,8,4,Electric,Manual,Ford,Mixed,First,22.12
3.0,120,1420,9561,39.26,7,4,Diesel,Manual,BMW,Highway,First,37.79
2.73,210,2016,19519,78.6,14,2,Electric,Manual,Toyota,Mixed,Second,29.98
2.83,237,1043,29511,65.87,3,1,Diesel,Manual,BMW,Mixed,Second,38.58
1.84,380,1635,5659,71.7,7,1,Diesel,Manual,BMW,Mixed,Second,35.32
2.47,178,1079,23506,30.66,12,1,Diesel,Automatic,Honda,City,First,35.53
2.48,276,1859,16535,47.72,8,1,Electric,Manual,Hyundai,Mixed,Second,31.42
1.21,369,1356,19002,67.14,2,3,Electric,Automatic,BMW,City,Second,34.72
4.07,179,1697,22970,33.9,5,2,Petrol,Automatic,Ford,Highway,First,17.93
2.67,265,2363,9682,58.37,7,2,Diesel,Manual,Hyundai,Highway,Third,33.79
4.29,221,1977,28183,51.45,9,3,Petrol,Automatic,BMW,Highway,First,15.43
4.4,312,1846,20702,30.88,6,1,Petrol,Automatic,Hyundai,Mixed,First,12.36
1.85,197,1518,15939,41.8,8,5,Diesel,Manual,Toyota,Highway,First,40.53
3.63,174,1731,13826,44.24,6,5,Petrol,Manual,Hyundai,City,Second,16.03
2.89,79,890,28371,35.59,0,3,Electric,Automatic,Toyota,City,First,35.58
4.52,217,1189,29359,61.58,8,5,Petrol,Manual,Hyundai,Mixed,Third,16.98
1.86,209,2182,24266,42.12,11,4,Electric,Manual,Hyundai,City,First,31.65
3.71,259,1349,10249,43.88,4,2,Diesel,Automatic,Ford,City,First,29.99
3.43,163,1730,24195,74.91,5,5,Diesel,Manual,Ford,Highway,Second,36.35
2.18,298,2051,17645,53.36,1,4,Diesel,Manual,Honda,City,Second,34.27
1.55,132,2025,26911,49.61,14,2,Petrol,Manual,Hyundai,Highway,Third,25.31
3.61,94,2173,23268,66.19,1,4,Diesel,Manual,Toyota,Highway,First,35.69
3.95,337,1861,14710,75.48,12,2,Diesel,Manual,Hyundai,City,First,26.57
2.26,350,1532,13813,31.25,3,2,Electric,Manual,BMW,City,First,31.56
3.58,80,1299,17769,52.41,3,5,Petrol,Automatic,Toyota,Mixed,First,20.01
2.58,389,1866,19161,60.54,4,3,Petrol,Manual,BMW,Mixed,First,18.62
3.85,270,1670,26457,45.93,6,5,Diesel,Automatic,Honda,City,First,29.23
1.8,195,2449,14729,68.62,12,1,Petrol,Automatic,BMW,Highway,Second,20.42
4.56,375,1316,20680,78.57,10,4,Diesel,Automatic,Honda,Highway,Third,29.23
2.15,259,867,21147,77.17,11,1,Electric,Automatic,Honda,Mixed,First,34.79
2.47,158,922,26800,43.3,14,2,Petrol,Manual,Honda,Highway,First,25.9
1.23,185,1135,27184,41.32,0,5,Petrol,Automatic,BMW,Mixed,Second,28.18
1.45,246,1976,28279,77.87,9,1,Electric,Manual,Honda,Highway,First,37.43
3.06,83,1773,15262,52.93,3,1,Petrol,Automatic,Honda,City,Second,18.28
2.07,326,1578,27699,40.41,12,1,Diesel,Automatic,Ford,City,Third,33.58
4.34,278,2492,26314,65.35,8,2,Petrol,Manual,Hyundai,Highway,First,13.99
1.06,350,1985,7365,44.22,7,2,Petrol,Manual,Honda,Mixed,Third,22.09
2.52,397,2037,18195,43.36,2,2,Electric,Automatic,Toyota,City,First,27.72
2.35,394,2199,16037,73.96,5,1,Electric,Manual,Toyota,Mixed,Third,29.71
1.08,174,2266,16230,38.12,10,4,Diesel,Automatic,Ford,City,Third,35.61
1.5,216,1222,22238,33.22,8,5,Petrol,Manual,BMW,Highway,First,27.97
2.65,348,2361,20552,43.46,7,5,Petrol,Manual,BMW,City,Third,15.23
2.97,78,1738,7728,60.35,6,2,Electric,Automatic,BMW,Highway,Second,33.12
2.62,187,1603,22299,36.15,6,1,Diesel,Manual,Honda,Mixed,Second,36.75
3.12,163,1433,20477,53.58,0,4,Petrol,Automatic,BMW,City,Third,19.29
3.38,213,2053,28557,61.37,14,3,Diesel,Manual,BMW,Mixed,Third,31.49
1.04,358,1882,9938,72.44,4,2,Petrol,Automatic,Hyundai,Mixed,Second,21.96
2.86,83,895,5131,41.49,6,3,Electric,Automatic,Honda,Highway,First,36.18
4.85,326,2085,24977,70.87,13,5,Electric,Automatic,Honda,Mixed,Second,20.99
3.08,255,1153,5293,41.75,12,5,Electric,Manual,Toyota,City,Third,29.11
3.71,276,2135,19727,63.84,1,4,Electric,Automatic,Toyota,Highway,Second,28.81
2.25,241,1959,15488,51.53,14,4,Electric,Automatic,Hyundai,Highway,First,31.85
4.1,339,1766,25069,35.73,5,3,Electric,Manual,Ford,Highway,Second,29.04
4.09,290,1722,29400,65.71,13,5,Diesel,Automatic,Honda,Mixed,First,28.5
3.09,221,1272,29146,40.89,1,4,Electric,Automatic,Toyota,City,Third,31.76
4.9,180,2455,11846,38.83,2,4,Diesel,Automatic,BMW,City,Second,23.71
1.5,252,1229,12584,47.92,0,5,Electric,Manual,Honda,City,Second,36.69
1.07,141,1774,28694,62.66,2,5,Petrol,Manual,Honda,Highway,First,29.93
4.08,352,1336,26740,41.7,14,1,Petrol,Automatic,Honda,Highway,Second,15.76
4.23,143,1969,21670,39.18,6,4,Petrol,Manual,Toyota,City,Second,14.29
1.48,284,2347,13641,30.5,4,3,Diesel,Automatic,Hyundai,Mixed,First,35.09
2.06,397,886,16432,53.58,3,2,Electric,Manual,Toyota,Highway,Second,37.62
1.07,92,908,27970,51.43,14,2,Diesel,Automatic,BMW,City,First,41.64
2.17,137,2246,15895,41.69,14,5,Electric,Automatic,BMW,Mixed,Third,30.35
4.09,162,2168,10303,32.68,12,3,Petrol,Automatic,Ford,Highway,Second,14.11
3.07,390,2089,24500,51.46,11,1,Diesel,Manual,Toyota,Highway,First,32.45
2.39,393,2409,27258,69.41,7,4,Electric,Automatic,Toyota,Highway,First,30.19
2.49,132,1793,28354,65.76,7,1,Diesel,Automatic,Ford,City,Second,34.8
1.01,293,2317,29532,73.04,0,3,Diesel,Manual,Ford,Highway,First,41.82
2.2,294,2156,13444,30.48,8,1,Petrol,Manual,Honda,Highway,Third,20.8
3.59,172,1621,14611,78.32,13,5,Petrol,Automatic,Honda,Mixed,Third,15.68
4.9,284,2236,15528,47.07,8,2,Petrol,Manual,BMW,City,Second,8.64
4.39,261,2437,22619,79.52,1,5,Petrol,Automatic,Hyundai,Mixed,Third,11.99
1.09,229,1736,5999,42.63,1,4,Petrol,Manual,BMW,Highway,Second,27.32
4.59,276,1804,8760,53.58,7,5,Electric,Manual,Toyota,City,Second,22.89
4.13,338,1448,9116,47.7,11,3,Electric,Automatic,Hyundai,City,First,22.99
4.12,263,990,9411,47.79,10,3,Petrol,Automatic,Honda,Highway,First,17.24
2.83,221,1732,26941,72.11,5,4,Petrol,Automatic,Ford,City,First,18.09
2.59,306,941,26736,67.32,2,4,Petrol,Manual,Ford,City,First,22.36
2.21,157,1896,15362,79.61,11,2,Diesel,Automatic,BMW,Mixed,Second,34.74
1.26,80,1639,16113,60.68,1,1,Petrol,Manual,Toyota,City,First,26.19
1.91,256,1990,8683,53.16,4,2,Electric,Automatic,Toyota,City,First,30.42
1.99,283,967,23645,34.5,14,5,Electric,Automatic,Ford,Mixed,Third,34.34
2.94,84,1365,19982,79.83,7,1,Diesel,Automatic,BMW,Highway,Second,38.22
3.99,335,2082,6853,57.58,5,4,Electric,Manual,BMW,Mixed,Third,24.84
2.9,366,2262,18079,65.02,11,3,Petrol,Automatic,Honda,Highway,Third,15.91
1.23,142,1934,11895,50.34,2,5,Diesel,Manual,Honda,Highway,Third,42.48
4.83,121,1543,24374,57.39,11,2,Diesel,Automatic,Honda,Highway,First,30.73
4.77,197,1472,17935,77.13,11,4,Electric,Automatic,Hyundai,Mixed,Second,24.73
4.14,97,1663,17552,38.32,8,1,Petrol,Manual,BMW,Highway,Third,18.99
4.97,134,1638,21053,44.62,7,1,Petrol,Manual,BMW,Mixed,Third,14.44
3.18,86,1330,5862,37.6,9,3,Petrol,Manual,Honda,Mixed,Second,20.28
4.85,207,2113,9527,69.61,5,4,Diesel,Automatic,Ford,Highway,First,27.53
1.3,388,1773,17247,33.1,0,4,Electric,Automatic,Honda,Highway,Third,36.45
2.46,298,1361,22603,34.08,1,5,Electric,Manual,Hyundai,Mixed,Second,34.74
1.9,323,2333,8795,44.92,3,5,Electric,Automatic,Ford,Mixed,First,30.15
1.78,279,974,17796,55.71,1,1,Petrol,Manual,BMW,Highway,First,28.1
1.56,363,1101,17734,50.31,2,2,Diesel,Manual,Hyundai,Highway,First,42.17
3.49,300,984,5527,32.24,13,1,Diesel,Automatic,Hyundai,Highway,First,32.99
4.13,310,2162,28753,77.87,7,5,Electric,Manual,Ford,Mixed,First,25.83
3.31,139,1309,7922,77.64,8,5,Electric,Automatic,Honda,Mixed,Second,30.46
1.59,173,1618,10849,43.97,5,5,Diesel,Manual,Honda,Mixed,First,39.44
4.24,273,2133,22546,66.58,3,1,Electric,Automatic,Toyota,Highway,Third,27.02
3.54,122,2330,17956,58.93,10,4,Diesel,Manual,Ford,City,Second,29.44
2.55,399,2169,22230,41.87,1,2,Diesel,Automatic,Honda,City,Third,30.64
3.7,123,1904,11959,43.11,6,2,Electric,Manual,Hyundai,City,Third,27.68
2.04,345,2197,8086,54.56,9,5,Diesel,Automatic,Honda,City,First,30.26
2.38,100,955,14962,50.96,10,3,Diesel,Automatic,Honda,City,First,36.85
4.67,204,1586,24667,44.56,6,1,Electric,Automatic,Hyundai,Mixed,Second,26.05
2.16,127,1594,20419,70.38,9,4,Electric,Manual,Ford,Highway,Second,37.28
2.88,174,1231,8323,54.07,8,5,Electric,Automatic,Toyota,Highway,Third,33.71
4.56,335,2323,5445,62.74,4,3,Diesel,Manual,Honda,Highway,First,27.26
3.83,79,1560,22409,39.46,9,5,Electric,Manual,Honda,Highway,First,32.8
1.25,322,946,14963,56.68,3,3,Electric,Manual,Honda,Highway,Third,40.81
1.59,364,1280,22743,45.9,9,2,Diesel,Automatic,Ford,City,First,35.89
1.03,225,1234,29594,56.32,5,3,Diesel,Manual,Hyundai,Highway,Second,45.47
3.52,227,2342,27497,69.04,11,2,Electric,Manual,Hyundai,Highway,Third,29.31
2.79,106,2492,20437,68.45,1,2,Electric,Automatic,Hyundai,City,First,29.11
1.54,188,868,21855,47.71,1,1,Diesel,Automatic,Hyundai,Highway,Third,44.48
4.83,136,2429,21411,64.71,11,3,Diesel,Automatic,Hyundai,City,First,23.71
3.12,311,1674,15847,77.06,8,4,Petrol,Automatic,Hyundai,City,First,14.83
1.97,368,985,8236,61.28,6,4,Diesel,Manual,Honda,Mixed,First,37.73
3.0,282,1703,25332,37.42,6,3,Diesel,Manual,Honda,Highway,Second,36.31
3.72,377,1481,18487,63.99,12,1,Petrol,Manual,Hyundai,Highway,Third,16.95
1.3,170,1003,16848,35.25,4,4,Electric,Manual,Hyundai,Highway,Second,42.22
2.1,125,1353,18155,73.61,6,5,Petrol,Manual,Ford,City,Second,23.2
4.23,393,812,16255,55.83,8,4,Diesel,Automatic,Ford,Mixed,Third,29.85
2.84,308,1465,27556,49.26,9,1,Petrol,Manual,BMW,Highway,Third,21.99
3.19,300,2097,6979,32.85,4,2,Petrol,Automatic,Honda,City,First,13.27
2.73,161,2121,26305,49.04,8,2,Petrol,Automatic,Hyundai,City,First,17.15
1.18,348,850,14007,75.16,0,2,Petrol,Manual,Honda,City,Third,26.02
1.66,178,1299,7326,31.05,12,1,Petrol,Manual,BMW,City,First,22.25
2.78,386,1168,7330,53.73,14,2,Petrol,Manual,Ford,Mixed,First,17.73
1.84,237,1523,29030,76.56,11,2,Electric,Automatic,BMW,Mixed,Third,34.38
1.2,369,2479,6002,49.74,2,1,Petrol,Automatic,Toyota,City,Second,17.79
4.37,287,1156,14734,51.41,6,5,Petrol,Automatic,Ford,Highway,Third,16.7
4.92,291,1826,11448,58.93,3,4,Petrol,Manual,Honda,Mixed,Third,12.03
4.17,230,2077,11837,53.15,14,1,Petrol,Automatic,Ford,Highway,Second,13.12
4.42,85,2298,17396,38.43,1,1,Diesel,Automatic,BMW,Highway,First,31.07
1.97,347,1646,27851,30.93,11,3,Petrol,Automatic,Hyundai,Mixed,Second,20.12
4.84,126,2329,12354,60.49,13,2,Petrol,Automatic,BMW,Highway,Second,11.54
1.79,131,1055,19251,76.04,2,5,Petrol,Manual,BMW,Mixed,Third,27.49
4.81,396,2433,7529,35.32,6,3,Electric,Automatic,Hyundai,Mixed,First,18.93
4.98,311,1973,18209,40.55,7,5,Petrol,Manual,Honda,Highway,First,12.88
3.85,159,2311,22814,48.51,10,2,Diesel,Manual,Honda,Highway,Second,31.97
4.92,141,1078,8912,70.44,8,2,Electric,Manual,Ford,City,Third,25.85
3.28,395,1882,22916,43.46,5,2,Diesel,Manual,BMW,Mixed,Second,31.4
2.04,99,1245,23276,74.1,9,4,Electric,Automatic,Ford,Highway,First,38.28
2.75,357,912,16316,32.75,8,5,Electric,Manual,Hyundai,Mixed,First,32.89
3.37,155,1635,6421,77.05,3,5,Petrol,Manual,Toyota,City,Third,17.41
1.29,303,1554,18510,58.04,11,3,Petrol,Automatic,Honda,City,Third,20.88
3.49,304,2392,29966,62.94,4,1,Electric,Automatic,Hyundai,City,Second,25.07
4.92,382,2312,27152,48.38,0,2,Petrol,Automatic,Honda,City,Third,8.33
1.76,334,2230,24202,69.1,13,2,Petrol,Automatic,Ford,City,Second,16.74
4.17,356,1166,16152,38.33,8,3,Electric,Manual,Toyota,City,Third,25.93
4.63,396,1883,10617,32.45,8,5,Electric,Automatic,BMW,City,Second,19.82
4.77,338,1128,6195,49.78,8,4,Diesel,Automatic,Honda,City,First,25.37
4.84,255,1527,11229,72.68,2,5,Electric,Manual,BMW,Mixed,First,25.92
3.09,200,2292,10305,67.75,12,4,Diesel,Manual,Ford,Highway,First,32.61
4.91,360,1805,13077,55.86,14,4,Diesel,Automatic,Honda,Mixed,First,23.22
4.03,346,2390,20880,58.61,9,5,Petrol,Manual,Ford,Mixed,First,11.88
1.65,389,1519,14345,36.49,9,2,Petrol,Automatic,BMW,Highway,First,22.35
2.91,249,1886,22226,72.03,9,4,Electric,Automatic,Ford,Highway,Third,31.35
3.87,359,983,10200,69.35,7,3,Electric,Manual,Ford,City,Third,27.22
1.99,232,1822,27305,62.82,2,3,Diesel,Manual,Ford,Highway,Third,40.61
3.56,340,1110,14874,53.31,12,4,Diesel,Manual,Hyundai,Mixed,Second,31.97
3.67,165,2361,5294,78.22,5,2,Petrol,Manual,Hyundai,City,Third,13.32
1.65,331,976,11097,73.95,4,4,Electric,Automatic,Honda,Mixed,Third,35.62
3.26,357,2398,11412,62.22,7,3,Electric,Automatic,Ford,Highway,Second,26.62
4.09,152,2252,13836,48.59,2,3,Electric,Manual,Ford,Mixed,Second,27.23
3.0,294,1896,16825,60.9,13,5,Electric,Automatic,Ford,Mixed,First,27.29
1.05,292,1646,11678,58.77,0,2,Petrol,Manual,Hyundai,City,Third,24.13
1.04,187,1990,20735,49.71,11,5,Petrol,Automatic,BMW,City,Third,21.71
2.43,261,2048,26404,45.33,8,1,Diesel,Automatic,Ford,Mixed,Second,33.68
4.7,148,2400,10743,50.35,9,4,Petrol,Automatic,Toyota,Highway,First,12.07
1.91,147,2404,21494,58.7,8,5,Diesel,Automatic,Honda,City,Third,33.57
3.54,216,808,13775,51.41,2,2,Petrol,Automatic,Hyundai,Mixed,Second,20.09
1.89,176,1035,16417,43.18,1,4,Petrol,Automatic,BMW,City,Second,23.97
2.29,340,1509,14678,68.05,3,4,Electric,Manual,Toyota,City,Third,31.73
4.39,313,1723,9864,56.57,13,4,Diesel,Manual,Ford,Highway,Second,28.91
3.92,142,1484,18467,33.38,7,4,Diesel,Manual,Hyundai,Mixed,Second,33.05
1.38,95,1593,6648,48.42,5,4,Diesel,Automatic,Ford,Mixed,Third,39.63
2.71,279,1851,20677,74.25,9,2,Petrol,Manual,Honda,Mixed,First,18.81
1.12,161,1607,20918,67.76,14,1,Electric,Automatic,Hyundai,Mixed,Third,36.1
2.92,194,2469,27765,46.16,14,3,Petrol,Automatic,Toyota,Mixed,First,15.45
3.65,142,826,7381,76.91,0,1,Electric,Automatic,BMW,City,Second,30.96
1.47,192,1349,21489,33.83,14,3,Petrol,Manual,BMW,City,Third,23.26
2.16,378,2019,16745,78.06,7,5,Diesel,Automatic,Honda,City,Third,31.14
2.59,253,2026,10818,42.29,4,4,Petrol,Automatic,BMW,City,First,16.32
4.68,256,884,14886,30.45,12,5,Diesel,Manual,BMW,Highway,Second,32.16
4.97,267,1853,5381,51.69,5,5,Electric,Manual,Honda,Highway,Third,25.22
1.18,147,1265,9356,47.95,4,3,Diesel,Manual,Toyota,Mixed,Third,42.37
4.04,255,1922,10918,56.95,9,2,Diesel,Automatic,Hyundai,Highway,Second,29.61
2.49,322,2013,6316,69.84,4,4,Diesel,Automatic,Hyundai,City,First,30.51
2.57,82,811,10454,72.12,2,5,Diesel,Manual,Honda,City,Third,39.25
4.02,368,2426,18107,50.06,13,1,Electric,Automatic,Ford,City,Second,19.87
4.67,145,1812,9074,51.49,3,4,Petrol,Automatic,Honda,City,Third,11.74
4.8,120,1853,26188,37.41,4,2,Petrol,Automatic,Honda,City,Third,12.69
3.31,344,1861,19811,32.38,10,4,Petrol,Manual,Honda,Mixed,Third,15.81
2.43,218,1371,22290,62.06,10,5,Petrol,Automatic,Honda,Mixed,First,20.89
4.15,288,2117,12621,33.22,1,1,Diesel,Manual,BMW,City,Second,27.46
2.0,191,2183,22046,66.69,5,5,Electric,Manual,BMW,Mixed,Third,33.83
3.26,280,2478,28102,56.95,1,2,Electric,Manual,Toyota,Highway,Third,30.9
2.43,349,1713,21126,39.93,3,3,Petrol,Automatic,Honda,Highway,Third,21.28
3.63,95,979,13654,56.98,11,1,Petrol,Automatic,Hyundai,City,First,17.52
1.96,242,1596,17872,39.15,0,2,Electric,Automatic,Ford,Mixed,Third,34.77
1.77,225,1935,22326,51.94,3,2,Electric,Manual,BMW,City,Second,33.92
4.67,307,2267,19951,69.98,13,5,Diesel,Manual,Hyundai,Mixed,First,24.92
1.41,151,1844,13349,53.1,6,5,Electric,Automatic,BMW,City,Second,33.81
3.02,342,1968,27799,37.43,14,5,Electric,Automatic,Toyota,City,Third,25.62
1.88,137,2322,24693,66.19,13,3,Diesel,Manual,Ford,City,Third,34.62
1.16,113,1969,22710,39.34,7,4,Diesel,Automatic,BMW,Highway,First,41.71
1.14,130,1240,15909,66.93,1,4,Diesel,Manual,Ford,Mixed,Third,43.88
1.7,192,1686,15760,53.97,2,5,Electric,Manual,Ford,Mixed,Second,36.56
4.47,265,1220,16584,52.69,0,5,Electric,Manual,Hyundai,Highway,Second,30.87
2.13,399,2139,7106,72.57,14,3,Electric,Manual,BMW,Highway,Second,30.22
4.8,392,1989,18669,65.43,6,4,Diesel,Automatic,Ford,Mixed,Third,24.44
3.33,180,2475,26183,31.65,3,3,Electric,Manual,Honda,Mixed,Third,29.35
2.75,327,2026,7938,44.81,10,2,Electric,Manual,Ford,City,First,26.8
3.32,158,2319,7483,73.55,9,4,Diesel,Automatic,Ford,City,First,27.92
3.07,267,2448,6375,30.92,7,5,Petrol,Manual,BMW,Mixed,Second,14.94
4.04,351,1267,29240,57.26,4,1,Petrol,Manual,Honda,Mixed,Second,17.34
2.13,269,1512,15015,66.39,8,2,Electric,Manual,Ford,City,First,32.22
2.41,168,1184,21628,61.09,5,1,Diesel,Manual,BMW,Highway,First,41.28
4.58,96,1113,23732,68.03,10,3,Diesel,Automatic,BMW,Mixed,Second,31.5
4.79,158,1570,20060,66.28,9,3,Electric,Automatic,Ford,Mixed,First,25.34
4.57,215,2078,21863,64.6,1,3,Electric,Automatic,Toyota,Highway,Third,27.17
2.68,251,1758,15654,71.08,0,5,Petrol,Automatic,Toyota,Highway,Third,21.6
4.12,326,1716,23319,62.28,0,3,Diesel,Manual,Hyundai,Highway,First,33.06
2.91,258,822,19253,50.12,11,1,Electric,Manual,Toyota,Mixed,First,33.54
2.99,309,1138,27141,53.6,11,2,Diesel,Automatic,Toyota,Mixed,Third,34.03
1.82,265,2316,16565,65.84,13,5,Electric,Manual,BMW,Mixed,Third,31.14
3.36,366,1622,5087,73.82,13,2,Petrol,Automatic,BMW,City,Second,11.84
1.74,234,2334,14432,43.61,8,3,Electric,Manual,Ford,Highway,First,34.45
2.33,376,1165,13764,47.1,0,4,Petrol,Automatic,Ford,Highway,Third,23.16
4.42,340,2195,5178,76.54,2,5,Petrol,Automatic,BMW,City,First,8.74
1.83,77,1714,21546,58.93,11,3,Electric,Automatic,Ford,City,Third,33.55
1.28,107,2422,7640,38.95,1,5,Electric,Automatic,BMW,City,Third,33.19
1.28,183,2042,14197,63.18,14,4,Petrol,Manual,Toyota,City,First,20.95
4.76,125,1274,23732,79.54,14,1,Diesel,Manual,Ford,Highway,Second,32.47
3.03,207,2246,7421,71.17,14,1,Diesel,Manual,Toyota,City,Third,28.81
2.64,171,2179,15947,67.29,11,1,Petrol,Automatic,Hyundai,City,First,15.74
4.24,246,2283,25682,40.4,3,4,Petrol,Automatic,Ford,Highway,Third,15.09
4.34,238,2326,25526,73.81,0,2,Electric,Manual,BMW,Highway,First,28.45
2.33,355,826,25887,56.29,14,4,Electric,Manual,BMW,Highway,First,36.22
3.77,330,1741,6217,74.46,0,4,Petrol,Manual,Hyundai,Highway,Third,17.68
4.08,292,1601,7474,46.49,3,3,Petrol,Manual,BMW,Mixed,Second,15.19
3.62,268,1600,5929,33.1,12,1,Diesel,Automatic,Toyota,Mixed,Third,29.0
1.61,280,1659,12958,53.8,12,5,Diesel,Automatic,BMW,Mixed,Third,35.64
4.5,356,2046,29892,43.49,13,2,Diesel,Manual,Hyundai,Mixed,Second,26.46
3.16,249,1663,6502,65.76,3,5,Petrol,Manual,Honda,Highway,Second,20.35
2.13,319,1489,5420,77.86,6,3,Petrol,Manual,Honda,Mixed,First,20.79
2.7,300,1971,18580,64.55,7,3,Diesel,Automatic,Toyota,City,First,30.67
1.15,92,2247,20840,74.35,12,2,Diesel,Manual,Honda,City,Second,37.62
1.51,117,1538,10830,52.65,7,5,Electric,Automatic,BMW,City,Second,34.6
4.06,178,2174,25742,68.58,7,2,Electric,Automatic,Hyundai,Mixed,Third,26.14
1.0,365,2009,22833,72.15,13,2,Petrol,Manual,Toyota,Mixed,Second,22.16
2.67,75,1214,10811,65.54,13,1,Electric,Manual,Honda,City,Third,32.64
3.09,107,1781,13619,55.39,11,5,Petrol,Manual,BMW,Mixed,Third,18.98
1.22,238,1228,29255,61.29,13,1,Petrol,Automatic,BMW,Highway,Third,27.04
4.89,352,840,29972,65.03,8,1,Petrol,Manual,Ford,Mixed,Second,15.43
1.9,272,1704,18527,42.65,0,1,Diesel,Manual,Ford,City,Second,36.98
2.22,394,1811,21223,70.48,8,4,Electric,Automatic,Hyundai,City,Third,28.65
2.22,382,2216,5106,77.52,9,3,Electric,Automatic,Toyota,Mixed,Second,27.45
1.92,342,1502,9049,53.26,7,3,Electric,Automatic,Honda,Mixed,First,32.05
1.01,313,878,13289,65.05,0,4,Electric,Manual,Honda,City,First,38.8
3.92,396,1516,6903,66.85,6,2,Diesel,Automatic,BMW,City,Third,26.47
4.87,116,1343,29033,63.11,8,5,Electric,Automatic,Honda,Mixed,Second,27.3
1.9,318,2273,24954,57.36,3,5,Electric,Automatic,Hyundai,Mixed,First,31.7
3.65,148,1273,16493,74.08,12,5,Diesel,Automatic,Ford,City,Third,30.82
3.97,179,1965,10376,52.45,14,1,Electric,Automatic,BMW,City,First,23.14
4.39,82,2074,5042,33.06,12,5,Electric,Manual,Toyota,City,Third,23.75
2.69,159,1093,27769,72.23,8,5,Diesel,Automatic,BMW,City,Third,36.05
2.21,349,1409,6577,63.7,0,5,Diesel,Automatic,Honda,City,Third,33.94
2.3,290,935,17382,72.46,8,3,Diesel,Automatic,Hyundai,City,First,35.42
3.85,142,1283,27449,36.93,5,4,Diesel,Manual,Toyota,City,Third,33.58
4.27,303,2135,10885,31.54,3,2,Petrol,Manual,BMW,Mixed,Third,12.83
1.73,329,1613,13576,76.72,11,4,Diesel,Automatic,Honda,Highway,First,37.04
2.48,182,1354,18106,37.39,11,5,Electric,Automatic,BMW,Highway,Third,34.68
4.61,115,2455,16663,70.48,4,2,Electric,Automatic,Toyota,Mixed,First,23.95
4.23,343,845,8577,71.16,14,2,Electric,Automatic,Honda,Highway,Third,27.65
4.94,112,2059,24622,65.44,6,4,Electric,Manual,Ford,Mixed,Second,25.83
4.02,277,1871,21142,36.56,9,4,Petrol,Manual,Toyota,Mixed,Second,14.59
2.57,172,997,10244,63.37,12,4,Petrol,Manual,Ford,Mixed,First,22.18
3.36,193,883,7134,74.45,3,4,Petrol,Automatic,Ford,Mixed,Third,19.99
3.64,79,1342,8892,51.28,7,1,Electric,Automatic,Honda,Highway,First,32.26
1.31,398,1984,9321,50.68,2,3,Electric,Manual,BMW,Mixed,Third,33.77
3.18,256,2251,10776,52.14,1,3,Diesel,Manual,BMW,City,First,30.34
3.84,100,870,15584,34.11,0,5,Diesel,Automatic,Hyundai,Mixed,Second,35.82
1.67,225,1319,21119,74.6,13,1,Electric,Manual,Toyota,Highway,First,37.97
4.12,129,1697,10828,73.46,12,2,Diesel,Manual,Toyota,Highway,Second,32.31
3.34,318,1712,25199,79.9,5,4,Diesel,Manual,Honda,Highway,Second,34.92
4.81,339,1875,5295,59.26,1,5,Electric,Manual,Honda,Highway,Second,25.52
1.17,286,1868,5413,67.56,7,2,Petrol,Manual,Hyundai,City,First,21.27
2.06,71,1092,27340,40.13,14,3,Electric,Automatic,Hyundai,Mixed,First,36.53
3.41,93,1737,15187,63.38,10,2,Electric,Automatic,Ford,City,Second,27.89
2.19,275,1611,27662,62.49,9,4,Diesel,Automatic,Hyundai,Mixed,First,35.75
3.86,389,2288,19316,75.06,12,4,Diesel,Automatic,BMW,Mixed,Third,25.4
4.04,268,2373,11668,71.54,3,3,Electric,Manual,Ford,City,Second,23.73
1.41,183,1666,20344,76.92,8,4,Petrol,Automatic,Hyundai,City,Third,22.23
3.06,349,1179,13195,73.44,3,1,Electric,Manual,BMW,Highway,Second,33.7
3.04,224,1806,21561,73.43,3,5,Petrol,Manual,BMW,Mixed,Third,19.75
2.48,234,2301,9354,33.19,12,3,Petrol,Automatic,Ford,Mixed,Second,15.85
4.73,291,1061,27298,72.3,11,3,Electric,Automatic,Ford,Mixed,Second,25.94
4.31,160,1379,10482,60.37,7,2,Electric,Automatic,BMW,Mixed,Second,27.13
3.79,236,2002,21076,49.02,11,3,Electric,Automatic,Honda,Mixed,First,25.8
3.86,276,1156,20376,32.83,12,5,Petrol,Manual,Ford,Mixed,Third,17.0
2.85,351,2242,8271,63.88,7,1,Diesel,Manual,Toyota,Highway,Second,32.48
4.68,134,1497,28071,46.41,4,2,Petrol,Manual,Honda,Mixed,First,17.02
3.78,73,2024,15674,53.39,2,5,Petrol,Automatic,Toyota,Highway,Second,18.92
3.92,226,1836,10392,64.09,11,3,Petrol,Automatic,Hyundai,Mixed,Third,13.25
4.45,318,1242,21673,75.59,1,4,Diesel,Manual,Ford,Mixed,Second,31.44
2.1,326,1525,19309,71.27,14,4,Petrol,Manual,Ford,City,First,18.82
4.23,304,1085,29809,52.53,8,5,Petrol,Automatic,BMW,Mixed,Second,16.07
1.78,375,2081,21791,49.39,13,1,Petrol,Automatic,Ford,City,Second,16.5
2.38,143,1369,5693,41.99,8,4,Diesel,Manual,Toyota,City,Second,35.7
2.34,256,2371,6169,48.62,4,5,Petrol,Manual,Honda,City,Second,16.7
4.91,131,1639,13623,35.55,13,2,Diesel,Manual,Hyundai,Highway,First,29.98
4.43,233,2313,12782,78.56,12,3,Diesel,Automatic,Honda,City,Second,23.35
3.8,125,1297,18856,58.7,14,1,Electric,Manual,Toyota,City,Third,28.54
3.91,180,1504,14174,36.39,7,1,Electric,Manual,Hyundai,City,Third,27.72
3.25,287,2156,16352,47.64,6,2,Electric,Automatic,BMW,Mixed,Second,26.91
4.79,309,1361,24428,57.35,2,1,Diesel,Manual,Ford,Highway,First,32.1
2.99,90,831,10530,56.64,11,5,Electric,Manual,Ford,Highway,Third,36.6
2.52,210,2433,9992,31.78,4,1,Electric,Manual,BMW,Highway,Second,32.28
1.65,334,842,25308,77.54,14,1,Electric,Automatic,Toyota,Highway,Second,37.37
4.14,208,2174,28354,43.77,12,1,Diesel,Automatic,BMW,Mixed,First,27.83
3.94,139,2157,8312,30.81,8,5,Petrol,Manual,Toyota,City,Second,13.18
2.54,187,1358,18065,33.82,3,3,Electric,Automatic,Hyundai,Mixed,First,33.87
1.1,267,1069,9318,59.01,2,4,Electric,Manual,Honda,Highway,Third,41.25
4.36,274,2236,19059,36.89,6,1,Electric,Manual,Honda,Mixed,Second,24.64
1.05,283,1742,6688,32.09,7,2,Electric,Automatic,BMW,Mixed,First,34.53
3.81,125,2398,5467,48.98,4,2,Diesel,Manual,Ford,Highway,Second,31.92
4.88,356,1842,14537,61.14,12,5,Petrol,Automatic,BMW,City,Second,8.0
2.75,362,2170,7422,35.59,7,3,Petrol,Automatic,Ford,Mixed,Third,14.68
1.94,244,2436,28663,45.67,4,1,Electric,Manual,BMW,Highway,Second,35.22
3.82,197,836,25891,50.89,8,5,Petrol,Manual,BMW,Mixed,First,20.43
4.27,394,2442,19604,37.97,6,4,Electric,Automatic,Honda,Mixed,First,21.59
3.19,361,891,9721,55.3,4,3,Electric,Automatic,Ford,Mixed,First,30.5
4.87,357,984,26755,34.26,12,3,Petrol,Manual,Honda,City,Second,12.46
1.21,295,1527,14203,32.33,8,5,Petrol,Automatic,Ford,Mixed,Second,23.03
3.02,133,1851,12541,55.99,4,2,Diesel,Manual,Hyundai,Mixed,Third,34.84
3.87,117,2371,14869,42.39,7,3,Electric,Manual,Hyundai,City,Second,25.6
4.45,271,1171,19785,34.77,11,2,Petrol,Automatic,Hyundai,Mixed,First,14.07
1.72,129,1631,18679,51.2,3,3,Diesel,Manual,Toyota,Mixed,First,40.49
4.2,326,2353,17542,75.76,8,3,Petrol,Automatic,Honda,City,Third,8.92
3.21,134,1144,22870,66.21,11,3,Petrol,Manual,Honda,Highway,First,23.25
2.59,308,2242,19461,70.78,5,4,Electric,Manual,Hyundai,Mixed,First,30.09
1.53,358,2019,16038,73.6,5,2,Diesel,Manual,BMW,Highway,First,38.4
4.46,107,877,17252,78.63,13,4,Electric,Manual,Honda,Highway,Third,31.69
1.63,94,966,14770,68.16,2,2,Petrol,Manual,Ford,Highway,Third,30.43
2.24,128,1913,8749,60.42,12,4,Diesel,Manual,Honda,City,First,33.93
2.16,366,1063,16817,48.27,2,4,Electric,Automatic,Honda,City,First,32.57
4.49,227,2295,29443,39.08,3,4,Diesel,Automatic,Ford,Mixed,Second,27.78
3.69,126,2031,7503,64.33,0,5,Petrol,Manual,Hyundai,Highway,Second,19.47
4.19,117,1523,12855,79.75,5,4,Diesel,Automatic,Hyundai,City,First,29.57
2.0,397,2094,18378,53.37,0,3,Petrol,Automatic,Ford,City,Second,17.56
3.5,125,2086,16329,66.18,10,1,Electric,Automatic,Honda,Highway,First,29.57
3.29,134,2329,28439,54.75,3,4,Petrol,Automatic,Honda,City,First,16.04
4.33,337,1311,16101,51.6,14,1,Petrol,Automatic,Hyundai,Highway,Second,14.33
4.62,138,1375,21783,50.52,12,1,Diesel,Manual,Toyota,City,Third,29.12
1.05,285,2347,25766,55.23,6,3,Diesel,Manual,Hyundai,Highway,Third,40.29
3.7,158,1521,17149,48.34,11,1,Electric,Manual,Ford,City,Third,28.1
1.21,350,2135,19619,67.44,5,1,Diesel,Manual,Toyota,City,First,35.9
3.2,326,1997,22923,73.71,7,1,Electric,Manual,Toyota,City,First,27.21
2.15,229,1230,19985,74.14,3,2,Petrol,Automatic,Ford,City,Third,21.71
2.23,303,1567,20026,41.38,8,4,Petrol,Automatic,BMW,Highway,Third,22.0
2.41,200,1262,13428,74.8,9,4,Diesel,Manual,Hyundai,Mixed,Third,37.21
3.49,118,900,28569,47.08,7,1,Petrol,Manual,Honda,Mixed,First,22.6
2.34,216,1839,26294,45.47,13,3,Petrol,Automatic,Hyundai,City,First,17.83
3.93,385,2081,14119,66.34,14,2,Electric,Manual,Ford,Mixed,Second,23.37
2.62,71,1043,25893,45.23,4,3,Diesel,Manual,Honda,City,Second,39.29
1.27,398,2171,27435,32.65,13,3,Electric,Automatic,BMW,Mixed,Second,31.5
4.14,214,2072,27536,48.68,5,1,Petrol,Manual,Ford,City,Third,14.01
2.14,130,904,29995,66.07,4,5,Petrol,Manual,Hyundai,Mixed,First,27.41
2.73,342,1493,9124,46.35,14,1,Petrol,Manual,Toyota,Mixed,Second,17.42
3.74,118,2490,23779,61.48,5,5,Diesel,Manual,Ford,City,Second,29.68
2.33,200,2110,25334,63.01,0,2,Petrol,Manual,Ford,Mixed,Second,22.09
1.23,112,1992,21375,66.69,3,5,Petrol,Automatic,Hyundai,City,Second,23.53
2.5,126,2243,5449,74.86,8,1,Electric,Manual,BMW,Mixed,Third,30.93
4.78,119,1870,21763,51.63,3,1,Diesel,Manual,Hyundai,Highway,First,32.23
3.57,247,1866,20034,38.32,1,3,Petrol,Automatic,Hyundai,Highway,First,18.58
3.69,362,2144,14442,45.95,5,1,Electric,Manual,BMW,Highway,First,27.87
3.53,115,1617,28669,51.61,1,1,Petrol,Manual,BMW,City,Second,19.59
1.8,239,1020,17643,65.69,2,4,Electric,Automatic,Ford,City,Third,35.48
2.67,340,2336,7301,30.66,6,4,Petrol,Automatic,Toyota,City,Third,13.29
4.0,208,2264,12710,45.79,3,3,Diesel,Automatic,Hyundai,Highway,Third,30.33
1.41,316,943,10792,68.99,0,5,Diesel,Automatic,Toyota,Mixed,First,40.4
2.11,217,1689,14659,63.54,8,5,Electric,Automatic,BMW,City,First,31.04
2.11,299,1851,12216,66.59,5,4,Petrol,Manual,BMW,Highway,Third,22.55
2.73,349,1589,16712,70.59,8,2,Diesel,Automatic,Hyundai,City,Second,30.99
4.92,194,1352,9905,69.16,2,4,Petrol,Automatic,Ford,City,First,12.22
1.27,261,1643,20766,64.11,4,2,Diesel,Automatic,Hyundai,Mixed,First,39.1
3.07,149,1458,10999,51.98,8,5,Electric,Automatic,Ford,City,Second,29.32
1.72,163,1636,29991,79.18,5,4,Diesel,Manual,Honda,City,Second,39.11
4.88,295,1818,28506,58.45,1,1,Petrol,Automatic,Ford,Mixed,First,12.68
1.45,134,1990,21983,40.14,14,2,Petrol,Manual,Hyundai,City,Second,21.81
2.61,157,2458,12288,44.64,0,2,Petrol,Manual,Hyundai,City,Second,17.92
3.95,157,2409,16266,64.68,8,2,Electric,Automatic,Ford,Mixed,Second,24.97
3.82,270,1550,20586,76.24,0,5,Electric,Manual,Toyota,City,Second,28.55
2.69,283,1048,29305,38.94,13,3,Petrol,Manual,Ford,City,Second,20.13
2.39,273,1574,6567,34.12,14,1,Petrol,Manual,Honda,Highway,Third,20.85
2.59,158,1563,20110,74.08,4,4,Diesel,Automatic,Honda,Mixed,First,36.32
2.06,130,2180,21082,75.76,0,2,Diesel,Automatic,Toyota,Highway,Third,39.0
1.82,340,1934,6094,43.82,4,5,Diesel,Manual,Honda,Mixed,Third,35.39
2.93,163,1491,16135,48.86,4,2,Petrol,Automatic,Hyundai,City,Third,18.62
2.07,376,1619,18508,63.01,6,4,Diesel,Automatic,Toyota,Highway,First,36.67
2.15,96,1518,17345,46.5,6,1,Petrol,Automatic,Toyota,Highway,First,25.05
3.63,283,1033,14684,73.86,10,2,Electric,Manual,Toyota,Highway,First,32.03
4.87,143,823,11191,35.38,9,5,Diesel,Automatic,Ford,Highway,Third,32.2
3.41,130,1849,22842,31.9,0,5,Petrol,Automatic,Ford,Mixed,First,19.0
1.31,255,2204,13046,40.42,8,3,Petrol,Manual,Toyota,City,Third,20.42
1.3,100,1805,9934,44.3,0,5,Electric,Automatic,Honda,City,Second,35.74
4.81,288,2169,19038,35.65,4,3,Electric,Manual,Hyundai,Highway,First,25.61
2.19,81,2201,6354,33.28,6,1,Electric,Automatic,Hyundai,City,Second,30.34
1.37,371,1321,11473,67.78,11,4,Electric,Automatic,Ford,City,Third,32.06
3.4,101,816,29788,38.21,7,3,Diesel,Automatic,BMW,Mixed,First,37.29
3.49,229,1044,25278,75.7,1,2,Electric,Automatic,Toyota,City,First,30.89
3.59,306,1517,17794,48.4,13,2,Petrol,Manual,BMW,City,Second,14.37
2.07,296,1569,29416,63.53,0,4,Petrol,Automatic,Hyundai,City,Third,21.31
1.06,250,2447,7963,41.27,3,5,Petrol,Manual,Ford,City,Third,20.94
4.86,386,1516,19503,42.02,11,2,Petrol,Manual,Ford,Highway,First,13.33
2.0,115,2362,8042,58.74,14,3,Petrol,Automatic,Ford,Mixed,First,18.17
3.7,149,2406,11973,58.03,3,4,Electric,Automatic,Ford,Mixed,First,26.44
3.83,204,2025,12139,68.44,9,2,Petrol,Automatic,Ford,Mixed,First,13.63
3.44,329,2071,16226,67.89,11,5,Electric,Automatic,Toyota,City,First,23.67
2.25,377,917,11930,63.53,5,5,Electric,Automatic,BMW,Highway,Third,35.23
2.08,316,808,19762,52.46,0,2,Electric,Automatic,Hyundai,Mixed,First,36.42
3.39,228,1397,23116,74.53,13,4,Electric,Automatic,Hyundai,Highway,Second,31.12
4.46,272,822,29254,61.13,0,1,Diesel,Automatic,Ford,Mixed,First,33.03
4.79,181,1039,10340,79.51,2,2,Diesel,Automatic,Ford,Highway,First,32.43
1.42,361,2408,10111,70.97,4,5,Diesel,Manual,Ford,City,Third,33.57
1.62,379,826,8081,32.22,11,1,Diesel,Automatic,Honda,City,Third,35.65
4.78,188,1783,12802,46.03,5,4,Diesel,Automatic,Hyundai,Mixed,Third,27.4
3.95,86,1904,14462,58.59,4,5,Petrol,Manual,Ford,Mixed,Second,17.36
4.53,296,2419,28911,66.07,12,4,Diesel,Automatic,BMW,Mixed,Third,24.7
1.81,186,998,20580,57.52,12,2,Petrol,Automatic,Honda,City,First,22.55
3.35,112,2378,26252,69.31,12,4,Petrol,Manual,Toyota,City,Third,15.33
3.8,184,1574,22913,44.13,4,5,Electric,Automatic,Honda,Mixed,Second,29.35
3.72,352,891,22465,39.2,8,2,Electric,Manual,Honda,Mixed,First,30.39
2.63,106,1650,12994,32.7,1,5,Electric,Automatic,Honda,City,First,32.0
1.06,371,1907,8531,58.67,11,5,Diesel,Automatic,BMW,Mixed,Second,35.29
3.33,182,1099,14343,64.43,11,1,Petrol,Automatic,Hyundai,Mixed,Third,18.56
2.01,104,1095,5716,46.31,0,3,Diesel,Manual,Ford,Mixed,Third,41.28
2.8,201,1446,11229,60.68,5,4,Electric,Manual,BMW,City,Third,31.38
4.83,297,2277,21588,32.61,8,4,Electric,Manual,BMW,City,Third,21.05
2.6,216,2104,28168,34.96,6,1,Petrol,Manual,Ford,Highway,Second,22.21
4.36,191,1800,17021,65.09,7,4,Petrol,Automatic,Honda,Highway,Second,15.63
1.75,150,1882,16301,48.4,4,1,Electric,Manual,Toyota,Highway,Third,37.9
3.69,242,1708,9094,63.57,9,4,Diesel,Automatic,Honda,Highway,Second,31.5
4.91,223,1670,26866,71.59,3,4,Diesel,Automatic,Honda,Mixed,First,28.46
1.41,219,2165,27124,72.63,5,5,Petrol,Automatic,Hyundai,City,Third,21.15
1.03,127,1552,14524,38.61,2,1,Electric,Automatic,Honda,City,First,37.17
2.73,132,2288,28603,54.31,0,4,Diesel,Automatic,Toyota,Highway,First,37.08
1.37,225,1141,27538,66.7,10,3,Petrol,Manual,BMW,Mixed,First,26.64
3.99,391,2433,15041,68.7,3,1,Petrol,Automatic,Honda,City,Third,9.24
4.66,237,861,26226,69.23,8,1,Petrol,Automatic,BMW,City,Third,14.48
2.74,235,1575,13103,41.41,3,1,Diesel,Manual,Hyundai,Mixed,Third,35.7
2.03,154,1424,23402,39.63,0,5,Petrol,Automatic,Toyota,Mixed,Second,24.67
2.74,206,2252,26435,59.5,13,1,Diesel,Manual,Ford,Highway,Third,34.92
3.89,258,2481,20090,67.05,3,5,Petrol,Automatic,Ford,Highway,First,14.88
1.04,71,1055,20915,45.96,6,3,Diesel,Manual,Hyundai,Mixed,Third,45.03
3.36,175,1627,13709,35.24,2,2,Electric,Automatic,Toyota,City,Second,28.79
3.45,141,1813,29219,65.84,9,5,Diesel,Automatic,BMW,Mixed,Third,32.73
3.55,195,2170,6438,44.98,5,4,Electric,Manual,Hyundai,Mixed,Second,27.62
1.97,239,2349,25470,38.32,14,1,Petrol,Automatic,Honda,City,First,16.7
3.86,274,2127,26511,37.39,13,2,Diesel,Automatic,BMW,City,First,26.25
1.37,382,1414,23436,45.75,0,5,Petrol,Manual,Honda,Highway,First,27.28
1.8,264,1044,28913,59.63,10,4,Electric,Manual,Honda,Mixed,First,37.26
4.51,227,1556,20029,47.92,3,2,Petrol,Automatic,BMW,Highway,First,16.51
3.95,210,1623,28531,31.03,2,3,Petrol,Manual,Honda,Mixed,First,18.38
1.05,344,1579,25752,34.85,13,5,Petrol,Automatic,Ford,Mixed,Second,22.8
1.99,76,1531,9517,44.53,0,5,Electric,Manual,BMW,City,First,35.95
1.86,123,2235,23696,62.99,2,3,Electric,Manual,Hyundai,Mixed,Third,35.59
2.08,173,1677,26961,34.93,14,5,Diesel,Manual,Ford,Mixed,Second,37.33
1.99,130,2040,15905,58.03,3,1,Diesel,Automatic,Hyundai,City,Second,35.26
1.25,156,1315,6244,35.99,4,5,Diesel,Automatic,Toyota,City,Third,38.94
2.84,327,1273,7416,40.58,5,1,Diesel,Automatic,Hyundai,City,Third,31.85
3.93,247,835,20293,38.61,1,5,Petrol,Manual,BMW,Mixed,Third,20.27
3.43,311,2001,11490,33.36,1,4,Electric,Automatic,Hyundai,City,Third,25.62
3.69,272,2210,27552,63.57,5,4,Electric,Automatic,Toyota,Mixed,Third,26.58
1.32,100,1840,16683,53.17,4,2,Petrol,Manual,Honda,Highway,First,28.04
4.81,358,1629,10839,71.55,0,4,Diesel,Manual,BMW,City,Second,26.27
4.35,149,1871,29992,34.94,2,3,Electric,Automatic,Ford,Highway,Third,29.87
4.22,80,1885,19850,37.24,10,2,Petrol,Automatic,Ford,Highway,Third,16.79
4.29,323,1892,29790,45.32,4,4,Petrol,Automatic,Hyundai,City,Second,12.02
4.73,356,2482,17170,68.29,14,1,Diesel,Automatic,Ford,City,Second,20.29
3.18,245,1165,28481,45.29,12,5,Diesel,Automatic,Toyota,Mixed,First,34.03
1.8,195,1985,16967,50.42,11,4,Electric,Manual,Ford,City,Second,32.1
3.47,116,1744,10009,45.08,11,1,Electric,Automatic,Hyundai,Highway,Third,30.31
3.97,275,1775,22966,34.01,1,2,Diesel,Automatic,Ford,Highway,Second,32.55
3.95,176,2311,19312,76.97,0,5,Electric,Automatic,Honda,Highway,Third,28.78
3.09,344,1230,13924,57.43,8,4,Diesel,Manual,Honda,Mixed,Second,33.64
1.27,192,1658,20921,69.39,14,2,Petrol,Manual,Ford,Mixed,Second,24.25
2.48,203,2312,29260,62.92,4,4,Petrol,Automatic,BMW,City,First,17.75
4.68,176,1029,23811,55.71,1,2,Petrol,Automatic,Ford,City,Third,15.66
3.34,374,1169,10721,34.48,9,4,Electric,Automatic,Honda,City,First,26.55
3.15,398,977,13423,62.14,3,1,Diesel,Automatic,Honda,Highway,First,35.36
2.08,119,2233,9930,37.77,2,3,Petrol,Manual,Toyota,Highway,Third,23.84
2.47,164,1367,9353,50.72,6,1,Petrol,Automatic,Hyundai,Highway,Second,23.12
4.58,337,2413,12832,61.46,0,5,Electric,Automatic,Toyota,City,First,20.43
3.67,92,2093,26759,69.11,14,4,Electric,Automatic,BMW,City,Second,26.03
4.15,123,2029,21786,64.25,9,3,Petrol,Manual,Hyundai,Highway,Second,17.55
2.82,323,1592,27951,63.58,11,3,Electric,Manual,Ford,City,First,29.57
3.52,304,1699,26249,37.45,11,5,Electric,Manual,Ford,Mixed,First,28.55
1.99,128,1774,29530,47.31,3,5,Electric,Manual,BMW,City,First,35.53
3.82,233,881,21448,32.15,6,3,Electric,Manual,Honda,Highway,Second,33.82
2.71,328,1645,23621,65.97,10,5,Diesel,Automatic,Ford,City,Third,31.32
2.77,383,1561,12770,77.63,9,5,Electric,Manual,Toyota,Mixed,Third,29.74
3.6,285,2016,21556,43.21,12,4,Electric,Automatic,Honda,Highway,First,27.63
4.75,252,1417,20094,34.38,4,1,Diesel,Automatic,Ford,City,Second,27.27
1.26,126,2012,12935,53.78,3,2,Electric,Automatic,Honda,City,First,34.53
4.3,214,2099,7675,72.83,3,3,Electric,Manual,Hyundai,City,Second,24.19
2.17,159,1897,16240,57.6,10,2,Petrol,Manual,Ford,City,Third,19.8
2.78,380,1833,9005,32.34,11,3,Petrol,Manual,Ford,Mixed,Third,16.14
1.09,114,2458,11544,78.71,13,3,Petrol,Automatic,Honda,City,First,19.71
2.2,326,1015,22332,71.43,1,1,Diesel,Automatic,Hyundai,City,First,36.73
3.01,90,1089,19388,36.58,7,3,Electric,Manual,Toyota,Highway,Third,37.04
1.22,90,1244,19959,76.09,11,3,Diesel,Manual,Hyundai,Mixed,Second,42.57
2.96,121,1722,6694,52.53,3,1,Diesel,Manual,Toyota,Highway,Third,37.36
4.71,240,1351,26141,48.59,1,5,Electric,Automatic,BMW,Mixed,Second,27.35
1.42,136,992,27666,53.05,8,2,Electric,Automatic,Hyundai,City,First,37.76
4.06,182,2462,19753,71.73,13,3,Petrol,Manual,Toyota,Mixed,Third,12.68
2.64,369,1088,21526,62.97,13,1,Electric,Automatic,Honda,Highway,First,32.78
3.62,229,1382,11001,32.96,12,3,Diesel,Automatic,Toyota,City,Third,29.12
2.04,335,2472,11652,77.88,11,1,Petrol,Manual,BMW,Highway,First,19.02
1.64,389,1967,19985,37.39,9,2,Diesel,Automatic,Toyota,Highway,Third,36.25
1.64,301,2212,9581,67.28,12,4,Electric,Automatic,Hyundai,Mixed,Third,30.08
1.28,394,2230,10087,61.81,6,5,Petrol,Automatic,Toyota,City,First,17.69
1.74,137,2193,6460,39.38,14,4,Electric,Manual,Hyundai,Highway,Third,34.39
3.66,97,1656,8887,38.54,2,1,Petrol,Automatic,BMW,Highway,Third,19.79
4.53,185,2264,19878,73.52,14,3,Petrol,Automatic,Toyota,Mixed,Third,10.47
4.26,120,1580,13484,50.98,6,5,Petrol,Manual,Toyota,Highway,Third,18.68
3.74,250,1695,14835,62.73,0,2,Electric,Manual,BMW,City,First,28.07
1.44,329,1719,20643,55.2,11,5,Petrol,Automatic,Toyota,City,First,19.67
2.16,148,2474,15910,66.37,0,3,Petrol,Automatic,Hyundai,Mixed,Third,20.02
2.24,342,1363,22221,53.96,3,4,Electric,Automatic,Ford,Highway,Third,35.31
2.0,177,2352,10846,44.37,3,1,Diesel,Manual,Ford,Mixed,First,35.85
3.06,143,812,13463,48.17,3,4,Electric,Manual,Hyundai,Mixed,Third,35.5
3.14,244,1786,18336,72.95,8,5,Electric,Automatic,Toyota,Highway,Second,30.86
2.43,253,1139,7369,53.4,5,3,Petrol,Manual,Hyundai,City,First,20.7
2.42,92,1664,18992,40.67,2,1,Electric,Manual,BMW,Mixed,Third,35.79
4.31,343,1111,24558,76.73,5,3,Electric,Manual,Hyundai,City,Second,27.08
4.16,198,1532,27369,69.83,1,3,Electric,Manual,Ford,City,Third,28.76
2.23,360,1927,5882,32.78,1,5,Petrol,Manual,Honda,Highway,Third,21.4
4.66,389,1138,8171,79.95,6,4,Electric,Manual,BMW,Highway,Third,27.3
4.81,255,2021,7040,64.75,13,3,Petrol,Automatic,Toyota,City,Second,8.0
2.31,128,1099,28116,38.01,2,3,Electric,Automatic,Hyundai,City,Second,35.75
2.42,70,2267,11372,41.86,6,3,Petrol,Automatic,BMW,City,First,17.9
3.02,200,1158,27369,64.62,2,1,Petrol,Manual,Ford,Mixed,Third,23.03
4.76,136,2191,12562,68.99,11,3,Electric,Automatic,Toyota,City,Third,21.06
4.51,362,968,16776,41.95,11,3,Diesel,Automatic,Hyundai,Mixed,Second,28.27
1.41,354,1972,10900,42.85,1,5,Electric,Manual,Hyundai,Highway,Third,36.32
2.57,158,1560,12965,45.36,3,3,Diesel,Automatic,Toyota,Highway,Third,38.01
3.21,169,1567,26700,59.9,14,3,Petrol,Automatic,Honda,City,Third,16.41
3.01,258,1781,13465,38.59,3,5,Diesel,Automatic,Honda,Highway,Second,34.66
1.78,310,841,5589,35.21,2,1,Diesel,Automatic,BMW,City,Third,37.37
4.44,339,1001,10063,63.94,8,4,Petrol,Manual,Hyundai,Mixed,Third,14.87
3.71,288,1769,25017,68.95,5,5,Diesel,Automatic,BMW,City,First,29.18
4.35,245,2067,23374,55.05,4,1,Electric,Manual,Toyota,Highway,Third,28.33
4.44,302,2492,27899,48.19,12,4,Diesel,Manual,BMW,City,Second,24.29
3.99,220,1263,21240,51.6,11,3,Petrol,Automatic,Hyundai,Highway,Second,17.96
2.76,346,1248,6258,49.42,11,5,Diesel,Manual,Honda,Mixed,Third,33.46
3.44,298,1712,18598,78.0,5,3,Petrol,Manual,Honda,Highway,First,19.28
1.64,240,1597,7866,68.4,12,5,Petrol,Manual,Toyota,Highway,Third,24.05
3.69,292,1593,25122,40.4,10,4,Electric,Manual,Ford,Highway,Third,30.61
1.72,282,1236,21955,49.21,7,1,Petrol,Automatic,BMW,Highway,Third,25.38
3.78,351,1330,13736,57.2,4,5,Diesel,Automatic,Toyota,Highway,Second,32.48
1.92,110,1364,25606,60.65,12,1,Electric,Manual,Honda,Highway,Third,38.94
1.47,191,2420,17704,53.41,14,3,Electric,Manual,Hyundai,City,Second,31.21
1.66,296,2096,5637,70.51,12,3,Diesel,Manual,Hyundai,Mixed,First,34.38
1.01,363,2253,29616,68.38,3,4,Diesel,Manual,Ford,City,Third,37.17
3.87,157,1671,9882,55.26,6,4,Electric,Automatic,Ford,Mixed,Second,27.68
3.93,336,1012,20828,72.72,11,2,Petrol,Manual,Honda,City,Second,15.3
3.06,98,1748,25776,67.55,13,2,Electric,Automatic,Ford,Mixed,Second,30.72
1.65,316,1927,8672,68.93,4,4,Electric,Manual,Ford,Mixed,Third,33.46
1.33,385,991,17329,77.82,3,3,Electric,Manual,Hyundai,City,First,36.31
1.08,313,2482,19967,43.32,13,1,Petrol,Manual,BMW,City,Second,19.11
1.66,130,2203,28641,43.38,4,4,Diesel,Automatic,Hyundai,Mixed,Third,38.1
4.56,216,1904,9711,74.45,10,1,Diesel,Automatic,Hyundai,Highway,Second,28.2
1.97,243,1504,18235,68.61,3,2,Diesel,Automatic,Honda,Mixed,Second,37.53
2.42,347,1348,27027,76.33,7,1,Petrol,Manual,Honda,Highway,Third,23.59
1.42,211,2200,5159,33.16,7,4,Petrol,Automatic,BMW,Mixed,Second,20.47
1.89,113,953,15144,61.39,0,3,Diesel,Manual,Toyota,Highway,Second,44.79
3.08,213,2465,19793,37.23,13,4,Diesel,Manual,Ford,City,Third,28.94
3.43,124,1370,14923,55.19,11,5,Diesel,Automatic,Ford,City,First,31.53
1.98,376,1039,10938,37.79,2,5,Diesel,Manual,Hyundai,Highway,First,40.33
1.23,230,1173,16354,36.4,10,5,Petrol,Automatic,Hyundai,Highway,First,26.8
2.56,354,1604,14924,30.61,3,3,Diesel,Manual,BMW,Highway,First,36.89
1.94,394,1598,5580,61.51,1,4,Electric,Manual,Ford,Highway,Third,35.05
1.88,267,2027,29795,47.95,13,5,Diesel,Manual,Hyundai,City,Third,34.52
4.84,228,1410,28970,35.26,12,4,Petrol,Manual,Hyundai,Mixed,First,14.29
3.47,149,2173,9474,46.14,4,2,Electric,Manual,Honda,City,Third,27.33
3.23,100,1487,14941,38.45,10,5,Electric,Automatic,Toyota,Mixed,First,30.75
2.66,181,1573,12073,77.08,7,5,Electric,Manual,BMW,City,Second,31.31
2.72,115,942,14662,46.0,11,3,Petrol,Manual,Toyota,Highway,Second,25.13
3.16,274,2012,10059,46.7,1,4,Diesel,Automatic,Toyota,City,Second,29.78
3.79,121,1071,18457,71.99,13,3,Petrol,Automatic,BMW,City,First,16.39
3.81,207,2355,9328,62.39,8,3,Petrol,Manual,Ford,Highway,Second,15.65
1.69,143,2123,22778,65.51,12,4,Electric,Automatic,Hyundai,Highway,First,35.2
3.0,110,1225,5921,61.8,6,2,Electric,Manual,BMW,City,Third,32.0
2.65,146,845,7773,77.31,5,4,Petrol,Automatic,Hyundai,City,Second,21.15
4.48,256,894,9462,40.35,7,2,Electric,Automatic,Honda,Mixed,Second,27.05
3.53,121,863,25960,79.45,13,3,Petrol,Manual,Toyota,Mixed,Second,21.26
3.13,156,1212,24818,71.55,1,2,Electric,Automatic,Honda,City,Third,32.31
1.46,178,2466,11733,59.45,13,2,Diesel,Manual,Toyota,Mixed,First,35.44
3.42,294,1832,16774,63.12,4,2,Diesel,Manual,Ford,Highway,Second,34.02
1.47,317,1258,14310,62.44,3,5,Diesel,Manual,BMW,City,Second,38.49
2.35,138,2232,6865,32.92,7,5,Electric,Automatic,Ford,City,First,28.91
1.57,189,1269,22108,40.9,12,3,Electric,Manual,Toyota,Mixed,Second,37.18
3.77,136,1609,5711,78.07,0,4,Diesel,Automatic,Honda,City,Second,30.75
1.83,130,1305,12710,56.72,11,2,Petrol,Manual,Toyota,City,Second,22.87
2.57,396,1896,26464,48.92,2,5,Petrol,Automatic,Ford,Highway,First,20.24
4.58,260,883,18446,68.1,9,4,Diesel,Automatic,Ford,City,Second,28.57
1.82,258,858,18394,56.23,7,2,Electric,Automatic,Honda,Mixed,Third,36.39
3.03,220,1844,5390,30.66,4,4,Petrol,Automatic,Honda,Highway,First,19.02
2.68,355,2281,14262,66.81,3,1,Petrol,Manual,Ford,Mixed,Second,17.06
1.07,165,1717,9487,66.61,5,2,Petrol,Manual,Toyota,City,Third,24.25
4.17,381,956,15620,38.26,11,4,Electric,Manual,Toyota,Mixed,Third,27.28
1.28,378,2152,18570,77.83,4,2,Petrol,Manual,BMW,Mixed,Third,21.87
2.9,332,2396,29500,41.2,2,2,Petrol,Automatic,Ford,Highway,Third,18.44
3.24,166,1375,28131,52.89,12,1,Diesel,Manual,BMW,City,Third,33.7
3.51,182,1636,11066,35.74,10,4,Electric,Automatic,Ford,Highway,Second,30.03
3.75,194,1479,9494,60.16,13,3,Diesel,Automatic,BMW,City,Third,28.5
2.01,201,1002,8572,48.77,4,5,Petrol,Manual,Hyundai,Highway,First,26.93
1.04,190,2464,17670,47.66,3,2,Electric,Manual,Toyota,City,Second,34.42
3.89,266,1929,20939,71.35,0,2,Electric,Manual,Toyota,Highway,Second,30.57
3.14,363,1945,21260,30.48,0,2,Diesel,Manual,Hyundai,City,Third,31.29
4.34,191,1117,29153,69.9,13,2,Diesel,Manual,Honda,Highway,Third,34.2
4.29,351,2005,15249,58.57,14,5,Electric,Automatic,Hyundai,Mixed,Second,21.8
4.37,329,2438,7311,79.3,6,3,Electric,Manual,Toyota,Highway,First,24.31
2.94,108,2139,16071,59.47,3,1,Diesel,Manual,Ford,Mixed,Second,34.82
2.33,123,2448,11773,32.77,0,3,Petrol,Manual,BMW,Highway,Second,22.74
4.17,230,1205,11905,32.53,5,5,Electric,Automatic,Toyota,Mixed,Third,27.82
2.81,358,1785,8642,74.16,10,4,Petrol,Manual,Hyundai,City,First,15.15
1.73,269,1748,11338,72.06,11,1,Diesel,Automatic,Ford,Mixed,Third,35.13
4.42,345,1893,21346,47.29,14,1,Electric,Automatic,Toyota,City,Third,20.81
4.53,85,1983,23993,60.9,10,4,Diesel,Automatic,Hyundai,Mixed,Third,28.73
2.87,242,2063,14622,54.48,11,2,Electric,Manual,Toyota,City,Third,27.65
1.3,317,2346,20655,78.36,10,5,Electric,Automatic,Hyundai,Mixed,First,31.74
2.55,287,1961,15105,77.5,10,4,Diesel,Automatic,Hyundai,Highway,Third,34.01
4.21,156,1294,11240,79.19,0,3,Diesel,Automatic,Toyota,City,Third,30.64
4.61,151,1478,19797,73.32,7,3,Petrol,Manual,Ford,City,First,14.35
1.81,131,2070,12806,75.48,11,4,Diesel,Automatic,Toyota,Mixed,Second,35.51
1.27,356,2366,5757,40.86,12,5,Diesel,Manual,Toyota,Highway,Third,35.98
4.51,111,2347,26470,71.55,8,1,Petrol,Automatic,Ford,City,Second,11.28
2.56,81,2066,11220,65.44,10,1,Diesel,Automatic,Toyota,City,Third,32.28
3.17,390,2443,15104,78.14,2,2,Petrol,Manual,BMW,Highway,Third,16.74
4.87,303,2159,26986,58.56,6,5,Petrol,Automatic,BMW,Highway,First,12.37
1.27,398,2245,19316,34.26,12,3,Diesel,Automatic,BMW,Highway,First,35.75
3.59,200,1634,14326,59.87,14,3,Petrol,Automatic,Hyundai,City,Second,13.59
1.3,184,993,27505,64.33,4,2,Petrol,Manual,Honda,Mixed,Third,28.98
2.5,287,1107,13956,41.02,2,3,Petrol,Manual,Toyota,Mixed,First,22.74
4.22,206,2468,24109,49.71,4,2,Diesel,Manual,Honda,City,Third,27.39
2.73,175,1305,24752,59.93,9,2,Diesel,Automatic,BMW,City,Third,34.57
4.99,248,1080,8497,48.71,6,4,Petrol,Automatic,Ford,City,Second,11.47
3.24,85,1474,29558,48.75,6,1,Diesel,Automatic,BMW,City,Third,34.35
2.28,311,1732,14864,36.65,8,5,Electric,Manual,Toyota,Highway,First,33.96
1.88,295,2262,27026,77.04,7,5,Petrol,Manual,Honda,City,Second,19.22
2.4,311,1514,13774,67.52,3,1,Electric,Manual,Honda,City,First,31.64
2.49,210,1407,26150,30.06,14,5,Diesel,Automatic,Hyundai,City,Second,33.77
1.27,268,1282,19039,68.28,4,3,Electric,Manual,Ford,Highway,Second,40.34
2.48,181,2046,26017,66.99,4,3,Diesel,Manual,BMW,Highway,Third,38.4
2.86,196,916,6821,30.49,9,5,Diesel,Automatic,Ford,Highway,Second,37.32
3.89,90,1767,22569,48.48,11,4,Petrol,Manual,Toyota,City,Second,15.9
3.63,216,991,17717,60.34,1,5,Electric,Automatic,Hyundai,Highway,Third,33.65
3.84,158,1587,23021,52.64,11,2,Petrol,Automatic,BMW,City,Second,14.71
1.03,372,1417,28620,68.9,6,2,Electric,Manual,Toyota,City,Second,36.3
1.87,272,1315,15372,51.27,6,1,Diesel,Manual,Ford,Mixed,First,38.6
3.65,154,2353,13380,37.69,8,3,Diesel,Automatic,Hyundai,Highway,First,30.92
2.94,236,1106,6746,78.82,12,4,Petrol,Manual,BMW,Mixed,Third,19.57
1.02,141,1331,10797,42.1,8,5,Electric,Automatic,Ford,Mixed,Second,37.91
4.22,367,921,21283,65.88,3,2,Electric,Manual,BMW,Highway,Third,31.32
4.09,78,1448,13089,37.16,4,3,Diesel,Manual,Hyundai,Highway,Third,35.52
3.19,350,1391,24004,46.45,6,3,Petrol,Automatic,Hyundai,Mixed,Third,17.67
1.27,327,1977,17137,52.1,9,4,Diesel,Automatic,Ford,City,First,34.4
4.07,344,1669,12597,39.61,14,4,Diesel,Manual,BMW,Mixed,Third,27.74
3.33,307,2360,29386,52.5,6,4,Petrol,Manual,Honda,Highway,Second,17.96
4.13,89,2275,11107,37.86,10,4,Electric,Automatic,Toyota,City,First,23.4
4.01,302,1992,7793,57.95,9,2,Electric,Manual,Hyundai,Mixed,First,24.85
4.21,290,858,16138,63.19,10,4,Diesel,Manual,BMW,Mixed,First,31.8
3.07,395,1100,7500,33.12,7,3,Electric,Manual,Ford,Mixed,Second,30.24
1.56,86,1352,18138,73.56,7,3,Petrol,Automatic,Ford,Highway,Third,27.53
3.68,158,2373,13361,39.26,1,5,Electric,Manual,Hyundai,Mixed,Third,28.19
3.48,265,1940,9925,41.27,11,3,Electric,Manual,Hyundai,Highway,First,28.97
3.97,153,1950,22464,63.07,8,3,Diesel,Manual,Honda,City,First,29.76
1.68,156,2228,26248,53.44,10,2,Electric,Automatic,Ford,City,Third,31.86
1.78,376,1198,9453,54.97,3,3,Petrol,Automatic,BMW,Mixed,Second,21.93
4.56,223,1314,23632,36.41,0,1,Diesel,Manual,Toyota,Highway,First,34.33
4.0,297,1604,19779,70.29,0,3,Petrol,Automatic,Toyota,Mixed,First,15.67
4.63,333,1297,17100,60.85,4,5,Electric,Automatic,Honda,City,Second,23.88
4.03,292,1741,20162,36.77,6,5,Electric,Manual,BMW,Highway,First,29.28
3.39,190,1327,6325,48.7,4,4,Diesel,Manual,Toyota,City,Second,32.83
3.62,242,1197,16369,70.52,14,2,Petrol,Automatic,Toyota,City,Third,14.67
4.56,73,2088,25257,58.42,12,5,Electric,Manual,BMW,Highway,Third,28.36
3.32,197,2086,15340,35.43,2,1,Electric,Manual,BMW,Highway,First,31.88
3.53,179,2221,18408,48.64,10,1,Diesel,Manual,Hyundai,Highway,Third,32.71
1.63,106,2469,23072,42.13,6,4,Electric,Manual,Toyota,Mixed,Second,34.94
2.9,140,2350,24369,55.87,0,2,Electric,Automatic,Toyota,Mixed,First,30.87
3.87,358,1235,23460,72.17,10,2,Electric,Automatic,Honda,Highway,Second,29.17
2.08,100,1639,6461,51.81,0,3,Petrol,Manual,Hyundai,Highway,Third,26.24
1.81,337,1159,14594,51.67,11,1,Petrol,Manual,Hyundai,Mixed,Third,22.58
2.26,80,1952,5072,75.27,1,1,Petrol,Automatic,Toyota,Highway,Third,23.32
1.97,397,1663,11030,58.81,0,1,Electric,Manual,Ford,City,First,31.79
1.86,101,1433,25995,58.31,8,1,Diesel,Manual,Ford,Highway,Second,42.77
2.7,126,2064,24180,43.1,3,5,Diesel,Manual,BMW,Mixed,First,36.33
4.63,235,2450,12717,60.39,6,2,Diesel,Automatic,Hyundai,Highway,Third,26.78
3.03,257,2045,18331,58.8,4,3,Petrol,Manual,Toyota,Highway,Third,20.1
1.75,88,1013,18936,49.84,13,5,Petrol,Manual,Toyota,City,First,24.77
1.31,185,1715,25900,79.53,6,2,Petrol,Manual,Toyota,Highway,Second,27.89
3.78,253,1391,23877,74.09,12,4,Petrol,Manual,Honda,Mixed,Third,17.03
2.53,339,934,25615,67.48,12,1,Electric,Manual,Ford,Mixed,Second,33.76
4.29,102,1553,8576,56.87,14,3,Diesel,Automatic,Honda,City,Third,27.35
3.64,79,1185,13100,53.1,6,2,Diesel,Manual,Toyota,City,First,34.02
4.18,149,2126,18612,39.24,0,4,Petrol,Automatic,Toyota,Mixed,Third,14.96
2.09,261,2110,10728,45.29,0,1,Diesel,Automatic,Hyundai,Highway,First,36.75
3.77,389,2385,5032,68.7,10,4,Diesel,Manual,Hyundai,Mixed,First,25.82
2.06,259,2012,15886,52.69,2,4,Petrol,Manual,Ford,City,First,19.95
4.76,137,2120,19078,74.11,9,5,Petrol,Manual,BMW,Mixed,Third,12.88
3.55,194,2349,9373,37.4,1,4,Petrol,Manual,Toyota,City,Second,14.45
2.3,128,1188,19468,55.42,13,5,Petrol,Manual,Hyundai,Mixed,Second,23.42
2.08,166,2282,18037,62.35,6,5,Electric,Manual,Ford,Highway,Third,35.0
1.76,344,1543,24982,55.84,2,4,Diesel,Manual,Honda,Highway,First,40.8
3.78,218,2084,19461,74.46,6,2,Electric,Manual,Toyota,City,Second,26.23
1.87,347,1503,7392,79.48,8,4,Diesel,Manual,BMW,Highway,Second,38.05
3.38,334,1724,16063,35.79,11,4,Electric,Manual,Ford,City,Third,26.21
2.06,78,1572,28089,36.5,10,2,Petrol,Automatic,BMW,Highway,First,25.53
3.65,352,1936,28174,36.52,0,1,Electric,Manual,Toyota,Mixed,Second,28.88
4.26,342,1663,24061,64.06,14,3,Petrol,Manual,Ford,Highway,Third,15.11
4.11,370,1859,22785,48.63,2,1,Petrol,Manual,Hyundai,Mixed,Third,14.64
4.04,77,878,5817,66.67,12,4,Electric,Automatic,BMW,City,First,27.98
1.75,277,2098,11203,50.27,10,1,Diesel,Automatic,Honda,Highway,Third,35.91
1.35,194,2101,25946,61.38,14,3,Electric,Automatic,Honda,Highway,First,35.62
3.8,192,1473,26107,68.49,14,1,Petrol,Manual,BMW,Mixed,Second,17.22
2.47,102,1111,7438,57.41,5,3,Petrol,Automatic,Toyota,City,Third,21.3
2.73,70,2352,28212,56.98,14,1,Diesel,Manual,Toyota,Highway,Second,36.21
1.12,273,1003,22594,34.41,12,5,Diesel,Manual,Toyota,City,First,40.1
2.04,75,1784,11641,50.54,8,4,Diesel,Automatic,Honda,City,First,35.41
1.13,366,816,21983,57.29,4,3,Petrol,Manual,Honda,Highway,First,29.5
4.52,74,1275,19026,53.1,2,4,Electric,Automatic,Hyundai,Mixed,Third,29.42
1.97,149,2334,26864,75.04,7,5,Diesel,Automatic,Toyota,City,Third,34.24
3.23,343,1816,23230,75.33,12,1,Petrol,Automatic,Honda,City,Third,13.47
1.16,246,1009,27976,71.1,13,4,Electric,Manual,Honda,Highway,Second,41.01
3.67,390,1298,29245,48.76,11,1,Diesel,Manual,Toyota,City,Second,30.18
2.29,205,2225,23271,65.86,4,1,Electric,Manual,Toyota,Highway,Third,34.87
4.59,94,1228,22063,49.76,14,4,Electric,Manual,Honda,City,Second,26.92
4.55,394,1901,24636,41.63,5,3,Petrol,Automatic,BMW,Mixed,First,11.22
2.3,252,2391,6835,47.15,12,3,Petrol,Manual,Honda,Mixed,Third,16.91
4.6,237,1903,17222,33.55,1,4,Petrol,Automatic,Hyundai,Mixed,First,13.02
4.98,247,2129,7177,46.59,3,3,Electric,Manual,Ford,Mixed,First,22.96
4.3,164,857,13142,53.04,0,2,Diesel,Automatic,Toyota,Highway,First,35.43
4.38,102,2353,5148,77.77,14,1,Diesel,Automatic,Hyundai,Highway,Second,27.51
2.0,180,2031,22879,45.67,13,4,Diesel,Manual,BMW,Highway,First,38.1
3.31,215,2334,18105,75.12,12,5,Petrol,Automatic,Ford,Highway,Second,15.99
1.27,300,1958,6744,41.44,3,4,Diesel,Manual,Honda,Highway,First,39.8
1.38,341,1793,6646,39.55,0,4,Diesel,Manual,Toyota,Mixed,Third,38.05
5.0,107,1321,24379,55.95,3,1,Petrol,Automatic,Honda,City,First,14.1
2.31,204,1380,28027,63.63,13,5,Diesel,Manual,Hyundai,City,First,36.06
3.99,304,1698,14864,32.22,1,1,Diesel,Automatic,Toyota,Mixed,Third,29.73
4.23,388,1906,18666,41.05,5,3,Diesel,Manual,Honda,Mixed,Second,27.97
4.43,229,1420,28762,52.78,5,4,Electric,Automatic,Toyota,Highway,Third,29.6
4.99,107,1867,8667,46.55,7,1,Electric,Automatic,Hyundai,Highway,First,25.73
1.97,219,2306,21960,65.63,8,2,Petrol,Manual,Honda,City,First,19.1
1.16,377,1765,16287,55.56,7,4,Petrol,Manual,Ford,City,Second,21.41
2.64,98,1709,21302,38.02,0,3,Electric,Automatic,BMW,Highway,First,36.19
1.52,213,2467,18010,74.72,12,1,Petrol,Manual,Honda,Highway,First,22.49
1.09,145,1292,9779,44.65,2,1,Petrol,Automatic,Toyota,Mixed,Second,26.79
2.44,214,1298,13187,66.56,5,2,Diesel,Manual,Honda,Highway,Second,39.53
4.13,298,1841,18029,69.0,0,3,Petrol,Automatic,Toyota,Mixed,Second,14.28
3.26,133,1404,7972,78.16,7,2,Petrol,Manual,Hyundai,Highway,Second,21.74
2.25,338,1747,29140,54.93,13,4,Diesel,Automatic,BMW,City,First,32.22
3.62,397,1093,25332,60.79,5,5,Diesel,Manual,Toyota,Mixed,Second,33.25
1.93,253,1971,27928,46.74,0,1,Electric,Manual,Honda,City,Second,33.94
1.06,330,2295,23429,63.91,9,2,Petrol,Automatic,Hyundai,Mixed,First,20.96
4.06,337,971,16140,53.17,1,1,Diesel,Automatic,Ford,Mixed,Second,31.77
3.49,238,2386,23011,51.88,5,1,Petrol,Automatic,Honda,City,First,13.16
4.05,328,1330,19847,72.77,9,2,Petrol,Automatic,BMW,City,Second,12.97
1.16,296,1943,19423,32.51,13,1,Electric,Automatic,Hyundai,Highway,Second,35.23
4.35,102,865,6488,74.1,7,3,Electric,Automatic,Honda,Mixed,Third,29.19
3.48,283,940,14127,72.6,4,3,Electric,Manual,Toyota,Highway,First,33.88
3.25,119,1245,24947,55.32,0,5,Electric,Manual,Toyota,Mixed,Second,35.12
3.5,279,2329,14906,54.51,13,3,Electric,Automatic,Toyota,Highway,Third,26.2
4.46,98,988,6802,48.09,9,2,Diesel,Manual,Honda,City,Third,30.82
3.35,108,957,20627,79.71,1,3,Electric,Automatic,BMW,City,First,32.71
3.32,169,2433,24975,35.56,3,5,Diesel,Manual,Toyota,Highway,Third,34.57
4.96,242,1469,8520,59.51,3,4,Electric,Automatic,Honda,City,First,22.81
4.03,86,1045,10896,64.08,6,4,Diesel,Automatic,Honda,Highway,Third,35.28
2.77,125,1655,29027,76.72,1,2,Petrol,Manual,BMW,Mixed,First,23.29
3.83,295,1743,28425,69.01,6,5,Electric,Automatic,Hyundai,Mixed,Second,27.41
2.56,115,1547,20244,62.19,6,3,Diesel,Manual,Hyundai,City,First,36.34
1.92,136,1856,8311,35.84,6,5,Electric,Manual,Honda,City,Third,33.13
3.39,266,2184,23689,48.69,12,1,Diesel,Manual,Hyundai,City,First,28.82
4.71,211,1129,29259,36.94,2,5,Diesel,Manual,Ford,Mixed,Second,32.73
4.72,392,1311,23351,74.06,5,3,Electric,Manual,BMW,Highway,Second,27.86
2.37,92,1649,13009,67.48,11,2,Diesel,Manual,Honda,City,Third,35.38
3.11,163,1894,16906,67.88,5,1,Petrol,Manual,Hyundai,Highway,Third,21.2
1.85,311,2136,17227,62.61,3,5,Electric,Manual,Hyundai,City,Third,31.49
4.98,306,878,10462,55.35,0,4,Petrol,Manual,BMW,City,Second,13.94
4.92,123,968,18060,37.5,8,3,Diesel,Manual,Toyota,City,Second,30.17
3.6,207,1609,28281,46.48,1,2,Diesel,Automatic,Hyundai,Highway,Third,35.57
4.22,341,1782,8458,36.85,8,3,Electric,Manual,BMW,Highway,Second,26.67
3.86,110,979,29969,66.25,7,5,Petrol,Manual,Toyota,Highway,Second,23.34
3.37,167,2451,26162,38.01,0,2,Petrol,Automatic,Honda,Mixed,Third,16.83
1.21,252,1059,8730,65.11,10,4,Electric,Automatic,Toyota,Mixed,Second,36.41
2.82,197,2309,25749,64.61,6,1,Petrol,Automatic,Hyundai,Mixed,Third,17.6
3.7,298,1828,12547,52.97,12,5,Electric,Automatic,Honda,Highway,Second,27.09
3.71,386,1096,5027,36.76,9,2,Electric,Manual,Honda,Mixed,First,27.76
2.49,155,1419,20508,45.74,2,1,Diesel,Manual,Toyota,City,First,37.29
4.77,325,1654,24875,46.0,9,2,Diesel,Manual,Honda,Highway,Second,29.71
1.67,278,1159,11423,65.02,12,5,Petrol,Automatic,Toyota,City,Second,20.62
3.0,284,916,26685,35.69,9,2,Electric,Automatic,Toyota,City,First,30.9
3.76,169,1156,17453,71.45,13,4,Electric,Manual,Toyota,Highway,Third,32.21
3.79,118,1756,27544,68.05,13,2,Electric,Automatic,BMW,City,Third,26.75
3.59,270,1238,22557,39.32,13,5,Electric,Manual,Hyundai,Highway,First,31.69
2.1,327,2154,21722,65.96,8,2,Diesel,Automatic,Honda,Mixed,Third,33.19
1.62,247,2348,14260,63.43,4,1,Petrol,Automatic,Ford,Highway,Third,22.13
3.54,314,2477,20861,67.41,10,1,Diesel,Manual,Hyundai,Highway,First,30.35
3.4,192,2011,22225,39.45,2,3,Electric,Manual,Ford,City,First,28.98
1.72,240,2104,17476,37.88,7,3,Petrol,Manual,Toyota,City,Second,20.17
3.82,205,2334,17938,41.82,11,4,Petrol,Automatic,Honda,City,First,11.14
2.82,128,2289,21677,48.29,2,1,Electric,Automatic,Hyundai,City,First,29.4
3.67,262,1938,15049,69.68,6,3,Electric,Manual,Ford,City,Third,26.23
4.35,337,2059,27942,66.9,13,2,Diesel,Manual,Ford,City,Third,25.5
1.68,329,2161,23031,76.27,6,4,Diesel,Manual,Ford,City,Second,34.66
1.08,164,1321,26282,32.93,6,5,Electric,Automatic,Hyundai,City,Third,37.6
4.12,194,998,25910,30.58,13,3,Electric,Automatic,BMW,City,Third,27.31
3.44,110,1873,10614,64.96,11,3,Diesel,Manual,Toyota,Highway,Third,34.25
3.8,323,1965,16683,43.96,0,1,Petrol,Manual,Honda,City,First,14.21
4.35,76,2351,16687,46.7,10,4,Petrol,Manual,Ford,City,Third,12.23
4.21,285,2337,8801,57.34,4,1,Petrol,Automatic,Hyundai,Highway,First,12.98
4.84,138,1469,13280,35.12,11,1,Diesel,Automatic,Ford,Mixed,Third,27.88
3.14,138,1853,12376,62.13,10,4,Electric,Manual,Hyundai,Mixed,First,30.28
2.95,150,1905,15148,46.26,0,2,Petrol,Automatic,BMW,Highway,Third,21.42
2.61,99,830,19060,61.64,6,3,Electric,Manual,Ford,Mixed,Second,37.29
1.61,142,1807,22283,71.7,12,1,Diesel,Manual,Ford,City,Second,37.23
3.29,331,1132,24861,38.56,12,3,Diesel,Manual,Honda,City,Second,32.18
2.11,158,1459,6744,76.54,7,4,Electric,Automatic,Hyundai,City,Third,32.13
4.69,277,976,27480,56.53,6,2,Electric,Manual,Hyundai,Mixed,Second,28.66
3.33,282,1169,23637,76.15,0,5,Electric,Manual,BMW,Highway,First,35.08
3.37,391,1346,16853,40.39,2,2,Electric,Automatic,Ford,City,Second,27.4
2.42,335,1334,19663,60.23,14,4,Petrol,Manual,Honda,Highway,Second,21.88
1.21,362,1929,6633,50.19,9,2,Electric,Manual,Toyota,Highway,Second,35.26
1.13,276,896,28385,68.71,2,5,Petrol,Manual,Honda,City,Second,27.69
2.69,146,1029,28404,60.3,14,1,Diesel,Manual,Honda,Highway,First,40.11
1.34,357,1026,13149,54.73,6,2,Petrol,Automatic,Honda,Highway,Second,25.91
3.43,116,1170,19671,75.65,3,4,Electric,Automatic,Honda,City,Third,31.15
4.52,179,1923,9701,48.86,11,2,Petrol,Manual,Ford,Highway,Second,14.73
4.53,269,2268,28119,41.0,2,5,Diesel,Automatic,Honda,Mixed,Third,27.3
3.64,279,2291,18349,60.41,5,4,Electric,Automatic,Hyundai,City,Third,24.09
1.84,223,854,6013,61.2,11,2,Diesel,Automatic,Hyundai,City,Second,36.57
4.45,79,2018,21279,51.95,9,4,Diesel,Automatic,Honda,City,Second,27.39
4.54,226,2343,8299,54.33,5,5,Electric,Automatic,Hyundai,City,Third,20.89
1.79,330,1223,6506,77.98,9,1,Petrol,Automatic,Ford,City,First,19.53
3.95,146,1114,9803,66.63,4,5,Diesel,Automatic,Toyota,City,First,31.38
2.15,326,1951,22361,35.53,11,1,Electric,Automatic,Honda,City,Second,28.76
4.21,200,831,23201,40.61,14,3,Diesel,Manual,Hyundai,Mixed,First,32.82
4.99,136,892,19760,78.78,5,5,Petrol,Manual,Hyundai,Highway,First,19.23
1.12,297,1318,15826,66.32,2,1,Diesel,Manual,Ford,Mixed,Second,41.46
4.59,232,2081,26285,75.75,13,3,Diesel,Manual,Ford,Highway,Third,29.28
3.49,84,1652,18821,45.19,14,3,Diesel,Manual,Toyota,City,Third,31.8
4.89,301,2043,18007,67.09,12,3,Diesel,Manual,BMW,Mixed,First,25.1
2.86,264,1551,20786,65.7,9,4,Petrol,Manual,BMW,City,Third,18.08
4.39,99,1929,14140,44.73,4,5,Electric,Manual,BMW,Highway,Second,29.7
1.25,385,2371,11798,57.54,8,5,Diesel,Automatic,Toyota,Mixed,First,33.66
2.34,365,1215,21857,61.37,3,5,Petrol,Manual,Honda,Mixed,Third,22.39
1.27,399,1356,5567,54.06,10,5,Diesel,Manual,BMW,Highway,First,39.36
4.9,289,2132,16624,71.36,1,4,Diesel,Automatic,BMW,Highway,Third,27.61
4.27,216,1165,17215,71.64,4,5,Diesel,Automatic,Hyundai,Mixed,First,31.41
4.41,328,2344,12966,72.53,2,1,Petrol,Manual,Hyundai,Mixed,Third,11.69
4.75,361,2282,23642,70.17,11,3,Diesel,Manual,Honda,Mixed,Third,24.65
1.34,368,1398,13120,54.4,14,4,Diesel,Manual,Ford,Highway,Second,39.22
2.54,212,2193,21279,49.07,2,4,Electric,Automatic,Toyota,City,Second,29.58
1.28,304,1130,16336,71.57,3,5,Petrol,Manual,BMW,Mixed,Second,26.37
1.84,184,1488,9310,54.51,11,3,Electric,Automatic,Toyota,Highway,First,35.57
1.92,159,2465,18187,42.32,3,1,Electric,Manual,Hyundai,Mixed,First,33.52
2.88,277,810,19089,55.37,4,3,Electric,Automatic,Toyota,Highway,First,35.52
2.07,233,1617,6982,37.09,6,2,Electric,Automatic,Hyundai,Mixed,Third,32.5
1.4,153,2330,6096,64.58,3,3,Diesel,Automatic,Toyota,Highway,Third,38.59
1.67,146,1218,27994,46.8,10,1,Electric,Manual,Hyundai,Highway,Third,40.42
1.59,230,1945,18582,43.03,6,1,Petrol,Manual,Toyota,Mixed,First,23.04
4.89,74,1710,24954,77.83,8,1,Diesel,Automatic,BMW,Highway,Second,31.13
4.04,147,2058,11497,68.84,2,4,Electric,Automatic,BMW,Highway,First,28.75
4.87,160,2154,18545,69.35,4,4,Electric,Automatic,Honda,Highway,First,25.78
2.76,156,2366,16582,61.19,3,2,Petrol,Manual,Toyota,Highway,Second,21.09
2.11,339,1147,20378,71.96,14,3,Petrol,Automatic,Ford,Highway,Second,22.35
4.19,173,1757,15864,67.96,8,5,Electric,Manual,Honda,Highway,First,29.47
2.31,244,1211,25030,59.94,4,2,Electric,Manual,Toyota,Highway,Third,38.05
2.2,123,2047,23803,78.06,9,5,Electric,Automatic,Ford,Highway,Third,34.71
1.93,280,952,9279,39.58,1,5,Electric,Automatic,BMW,Mixed,Second,35.82
1.52,164,2035,22057,77.17,9,2,Electric,Manual,BMW,Highway,First,37.49
2.03,292,891,24186,50.07,0,3,Petrol,Manual,BMW,City,Third,24.65
2.42,78,1130,12312,56.42,6,5,Petrol,Manual,Ford,Mixed,Third,24.57
3.7,122,2290,20440,36.14,10,4,Diesel,Automatic,Hyundai,Mixed,Second,29.58
1.25,146,2464,7369,57.01,0,4,Diesel,Manual,Toyota,City,First,37.01
1.84,275,1754,25914,60.56,7,2,Petrol,Manual,Honda,Highway,Second,24.79
4.24,385,1769,21192,79.89,14,5,Diesel,Automatic,Honda,City,First,24.34
1.59,371,1353,22450,78.76,8,2,Electric,Manual,BMW,City,First,33.87
2.37,379,1729,10432,78.32,6,4,Diesel,Automatic,Hyundai,City,First,31.16
4.46,399,2051,29457,47.42,8,2,Electric,Automatic,Toyota,Mixed,First,22.75
1.62,181,993,5687,79.56,9,5,Electric,Automatic,Toyota,Highway,First,38.13
1.33,234,1329,18175,52.77,5,5,Diesel,Automatic,Honda,Mixed,First,39.95
2.94,348,1644,5068,72.59,14,4,Diesel,Automatic,Honda,Highway,Third,31.65
2.21,96,2066,15295,40.82,14,1,Electric,Automatic,Honda,City,Third,29.82
3.25,139,2212,11774,55.29,6,1,Petrol,Automatic,Toyota,Mixed,Third,16.13
4.22,287,2099,21803,78.3,2,3,Diesel,Automatic,Honda,Highway,Third,30.16
1.55,258,2273,17190,77.35,13,4,Diesel,Automatic,Toyota,Highway,First,36.09
3.32,375,1438,15789,64.19,13,3,Petrol,Manual,BMW,City,Third,14.52
3.02,193,2410,11891,69.89,8,4,Diesel,Automatic,Hyundai,Mixed,First,30.18
1.58,88,2397,26977,38.82,2,5,Electric,Manual,Honda,Mixed,Second,36.61
3.5,326,1277,15316,66.08,5,4,Petrol,Manual,Toyota,Mixed,Second,18.03
2.09,365,1279,27488,60.9,3,2,Petrol,Automatic,BMW,Mixed,Third,22.22
2.95,91,1087,25276,34.58,8,3,Electric,Automatic,Ford,Mixed,First,34.36
1.33,109,1497,5439,35.66,0,4,Electric,Automatic,BMW,Mixed,Third,37.76
2.84,107,1494,22592,35.42,8,3,Electric,Manual,Hyundai,Mixed,First,34.06
2.23,117,1339,23947,66.22,11,4,Petrol,Automatic,BMW,City,Third,21.32
4.29,252,1129,12466,37.09,3,1,Electric,Manual,Honda,Highway,Second,31.04
1.23,144,1269,22637,53.39,9,3,Diesel,Manual,Honda,City,Second,40.89
2.67,278,1648,8209,47.85,4,5,Diesel,Manual,Ford,Highway,Third,36.6
2.83,252,1333,8549,57.53,10,5,Electric,Automatic,Toyota,Highway,Third,32.25
3.9,176,1266,21998,65.32,12,4,Diesel,Automatic,BMW,Highway,First,33.67
3.3,257,1776,8078,64.24,0,5,Diesel,Manual,Ford,Mixed,Second,33.09
3.67,333,1219,8490,55.78,13,5,Petrol,Manual,Honda,Mixed,Third,15.62
4.11,155,2431,8543,53.22,0,3,Electric,Manual,Toyota,Highway,First,28.44
4.45,393,1945,29486,49.89,5,4,Diesel,Manual,Toyota,Highway,Second,29.98
2.26,206,1561,23284,73.1,9,3,Electric,Automatic,Hyundai,Mixed,First,33.18
3.15,164,1805,27064,46.54,14,4,Electric,Automatic,Honda,Mixed,Second,29.34
4.36,395,1690,11751,42.97,12,5,Diesel,Manual,Toyota,Highway,Second,28.43
4.96,314,1107,19906,67.17,14,4,Diesel,Manual,Hyundai,Highway,First,29.8
4.56,159,1723,27246,47.99,14,4,Petrol,Manual,Hyundai,City,First,12.89
2.49,128,1133,23096,72.35,0,2,Petrol,Automatic,Honda,Mixed,Second,24.51
1.78,97,1753,19425,46.39,12,4,Petrol,Automatic,Toyota,Mixed,Second,22.46
2.96,141,2243,23713,65.1,1,2,Diesel,Manual,Toyota,Highway,First,37.01
3.97,339,2149,16811,32.26,12,3,Petrol,Automatic,BMW,City,Third,9.45
2.97,93,1821,22578,49.28,13,2,Electric,Automatic,Toyota,Mixed,First,30.54
2.93,181,2472,11781,47.16,2,3,Petrol,Manual,Hyundai,City,Third,16.16
4.35,369,1588,29546,70.83,6,4,Petrol,Automatic,Ford,City,First,11.96
2.45,125,1631,26290,78.35,1,3,Petrol,Automatic,Honda,Mixed,Third,22.99
4.44,292,1643,22762,53.04,4,5,Electric,Automatic,Ford,Highway,Third,27.7
2.63,189,2396,20563,71.24,8,4,Electric,Automatic,Toyota,City,Second,27.7
2.31,248,1049,19797,64.98,11,2,Diesel,Automatic,Hyundai,Highway,First,38.65
2.82,357,1918,22133,78.37,11,1,Petrol,Automatic,Ford,Mixed,First,15.85
4.05,350,2119,26676,70.56,9,4,Electric,Manual,Honda,City,First,23.72
1.5,258,983,5300,33.87,7,5,Electric,Manual,BMW,Highway,Third,39.14
1.79,135,2083,9695,65.66,11,3,Electric,Manual,Ford,City,Third,31.94
4.81,367,1598,17174,56.77,7,2,Diesel,Automatic,BMW,City,Second,24.29
1.7,318,2490,21222,30.82,10,2,Diesel,Automatic,Toyota,City,Third,31.49
3.27,145,985,26008,42.57,1,5,Diesel,Automatic,Toyota,Mixed,First,37.38
3.32,206,2232,25221,76.09,0,5,Petrol,Manual,Honda,Highway,Third,20.41
2.96,233,1892,21661,76.3,8,4,Electric,Manual,BMW,City,Third,29.17
3.58,302,1637,15750,69.94,9,1,Diesel,Automatic,BMW,Highway,Second,31.91
1.92,324,1426,25301,79.09,11,1,Diesel,Automatic,Honda,Mixed,Third,36.12
3.21,363,1658,12307,70.33,3,3,Electric,Automatic,Ford,City,First,26.61
2.49,239,807,23545,30.51,8,2,Electric,Automatic,Honda,City,First,33.41
3.65,386,2088,18818,44.39,10,4,Petrol,Automatic,Toyota,City,First,10.63
1.56,243,1582,6389,31.53,13,2,Petrol,Manual,BMW,Highway,First,24.02
3.28,87,2307,13882,34.71,11,4,Petrol,Manual,Hyundai,Highway,Second,18.79
1.74,139,2440,26116,40.94,10,5,Diesel,Automatic,Hyundai,City,Second,34.1
2.11,185,1574,24852,55.18,6,3,Diesel,Manual,Toyota,Highway,First,40.74
1.87,149,1806,15040,72.38,11,5,Electric,Automatic,BMW,Highway,First,35.22
1.73,84,2194,11141,73.1,5,2,Petrol,Manual,BMW,City,Third,21.56
4.3,245,1476,18110,60.81,9,3,Electric,Automatic,Honda,City,Third,24.52
2.14,338,1906,10969,76.41,12,4,Petrol,Automatic,Ford,City,Third,15.72
4.71,188,2469,18162,55.0,8,4,Petrol,Automatic,Honda,Mixed,Third,10.08
4.88,368,1010,25200,74.45,9,3,Petrol,Automatic,Hyundai,City,Third,11.42
3.29,257,2136,14131,52.7,3,5,Petrol,Manual,BMW,City,First,15.28
1.57,126,2427,10037,43.86,13,3,Electric,Automatic,Ford,City,Third,30.02
2.5,268,2160,27378,75.82,0,5,Electric,Automatic,Honda,City,Third,30.01
4.19,86,1289,19693,49.4,4,3,Diesel,Automatic,Ford,City,Third,31.48
2.47,357,2226,7451,55.17,12,5,Petrol,Automatic,Hyundai,City,Second,13.03
1.35,124,1438,5024,46.44,5,1,Electric,Manual,Ford,City,Second,36.49
3.23,338,990,10962,63.14,5,3,Petrol,Manual,BMW,City,Second,17.91
4.38,372,1470,7556,79.75,11,5,Petrol,Manual,Ford,Mixed,First,12.29
4.18,156,1642,29016,31.28,0,2,Diesel,Automatic,Ford,Highway,Second,34.43
1.7,387,1134,21444,74.99,14,2,Diesel,Manual,Honda,Mixed,Third,37.42
3.69,98,2345,12675,30.2,6,3,Electric,Automatic,Ford,Mixed,Third,26.83
1.88,91,2442,21506,48.21,7,3,Electric,Manual,Ford,City,Third,32.59
1.87,390,1910,10616,38.43,11,4,Diesel,Manual,Hyundai,City,First,32.3
4.5,354,1378,15294,67.87,4,5,Electric,Automatic,Ford,City,Second,23.61
2.0,117,861,22570,32.53,1,3,Electric,Manual,Honda,City,Second,38.66
2.05,74,1186,19010,57.67,1,2,Diesel,Automatic,Honda,Highway,Third,42.85
1.0,319,1969,26542,44.75,10,2,Petrol,Manual,BMW,Highway,Third,25.7
4.48,232,952,29248,36.68,4,2,Petrol,Automatic,Hyundai,Mixed,Second,17.26
4.17,271,1418,18394,68.59,6,5,Diesel,Automatic,Toyota,Highway,Second,31.89
3.51,170,2483,14922,40.87,6,1,Petrol,Automatic,BMW,Mixed,Third,14.21
4.0,140,1497,9089,41.18,12,3,Petrol,Automatic,Ford,City,Second,13.44
1.61,232,2172,19448,43.75,3,1,Diesel,Manual,Hyundai,Mixed,Second,37.76
2.83,242,977,7472,59.34,10,5,Electric,Automatic,BMW,Mixed,First,31.52
2.4,210,1646,15469,62.98,13,3,Diesel,Manual,Honda,Highway,Third,37.22
1.38,207,1286,12450,30.88,2,4,Diesel,Automatic,Hyundai,Mixed,Second,40.33
2.94,135,2484,7964,42.09,8,3,Petrol,Automatic,Hyundai,City,First,14.06
4.68,267,2070,13104,51.55,11,3,Diesel,Automatic,Ford,City,First,23.2
1.16,397,2077,22694,46.6,13,3,Petrol,Automatic,Hyundai,City,First,18.31
2.17,297,1299,29730,74.21,13,3,Diesel,Manual,Hyundai,City,First,35.78
1.83,350,1340,7212,69.39,6,3,Electric,Manual,Toyota,Highway,First,36.06
1.95,241,2175,14454,61.29,1,5,Petrol,Automatic,Ford,Mixed,First,20.34
4.63,385,2335,11792,46.9,0,3,Diesel,Manual,Hyundai,Mixed,First,25.6
2.87,109,812,14554,65.03,10,5,Petrol,Manual,Hyundai,Mixed,Third,23.34
2.87,76,2382,13703,72.18,1,3,Diesel,Automatic,Toyota,Mixed,Third,33.57
4.04,243,950,18219,59.74,12,3,Diesel,Manual,Toyota,City,Third,30.89
1.62,220,1873,29762,69.22,11,5,Diesel,Automatic,Honda,Highway,First,39.13
2.95,280,2038,20399,67.46,2,3,Petrol,Automatic,Ford,Mixed,Second,17.41
2.72,371,1790,23229,58.59,4,2,Petrol,Manual,Toyota,Mixed,First,19.01
3.39,155,1443,12660,45.61,13,3,Electric,Manual,Hyundai,Highway,Third,32.19
5.0,322,1171,6702,67.29,14,4,Electric,Automatic,Toyota,Mixed,Third,22.13
4.08,90,1936,21774,40.34,2,5,Electric,Automatic,BMW,Highway,First,30.56
2.59,326,1051,22038,68.97,9,3,Electric,Automatic,Honda,Mixed,Third,32.36
4.31,102,2164,27219,70.23,8,3,Diesel,Manual,Honda,Highway,Second,32.44
1.68,329,852,9271,71.11,9,5,Petrol,Automatic,Ford,Mixed,Second,22.91
1.12,303,1953,13955,53.65,3,1,Diesel,Automatic,Honda,City,Second,36.12
1.82,72,992,24784,39.62,6,2,Petrol,Automatic,Ford,Mixed,First,26.88
2.36,377,1390,26703,34.99,3,2,Petrol,Automatic,BMW,City,Third,19.25
3.04,296,1880,16459,67.17,2,3,Diesel,Automatic,Hyundai,Highway,Third,34.18
3.46,353,896,28116,74.31,9,5,Diesel,Manual,BMW,City,Second,33.0
4.64,139,997,11674,62.54,0,4,Petrol,Manual,Ford,Mixed,Third,18.23
3.04,382,2470,22469,37.21,13,3,Electric,Manual,Ford,City,First,24.26
3.01,323,946,10446,76.74,11,2,Electric,Manual,Ford,City,Second,29.84
1.2,213,2398,25760,79.46,8,3,Petrol,Manual,Hyundai,Mixed,First,23.12
1.14,93,2400,6963,51.67,12,5,Diesel,Automatic,Ford,Highway,First,38.3
3.2,303,2118,14977,59.74,10,4,Diesel,Manual,BMW,City,Third,28.88
2.75,244,1522,15466,68.86,0,1,Petrol,Automatic,Hyundai,Mixed,First,20.28
4.36,394,2444,10177,66.82,10,4,Diesel,Manual,BMW,City,Second,22.53
1.64,228,1483,16160,78.39,12,3,Petrol,Manual,Hyundai,Highway,First,25.24
1.1,355,1835,9572,35.74,0,2,Petrol,Automatic,Ford,Highway,Third,24.67
2.8,87,1132,12543,59.04,14,5,Petrol,Manual,Hyundai,Highway,First,23.8
1.95,113,2043,13907,64.6,0,3,Diesel,Manual,Toyota,City,First,37.16
1.2,224,2221,21626,74.5,13,1,Electric,Automatic,BMW,Mixed,Third,33.15
3.9,300,2165,11510,73.71,4,5,Petrol,Manual,Toyota,Highway,Third,15.83
1.45,385,1311,25299,78.9,6,5,Diesel,Manual,Toyota,Mixed,Third,39.42
3.43,294,971,22221,55.6,6,5,Electric,Manual,Ford,Highway,Third,34.1
2.12,286,2291,8323,71.54,9,3,Petrol,Automatic,Ford,City,Third,15.4
1.69,125,1989,24337,51.36,0,1,Electric,Manual,Toyota,City,Third,35.89
2.52,100,1993,14537,51.12,5,3,Diesel,Manual,Hyundai,Highway,Third,38.32
4.21,128,1363,15615,42.67,8,5,Electric,Automatic,Ford,Mixed,First,28.11
2.57,304,1311,6432,70.91,5,5,Electric,Manual,BMW,Mixed,First,32.47
4.0,176,2012,28238,79.29,14,2,Diesel,Automatic,Toyota,Highway,First,30.87
1.5,260,1943,12655,42.82,3,4,Petrol,Automatic,BMW,City,Second,20.35
4.09,87,904,13431,32.81,14,3,Diesel,Automatic,BMW,Mixed,Third,32.32
1.95,295,1473,13330,70.78,9,1,Diesel,Automatic,BMW,Mixed,First,35.6
3.71,236,1606,16385,61.01,8,5,Petrol,Manual,Toyota,City,Third,15.31
3.26,140,1864,13611,77.98,12,3,Petrol,Manual,Honda,Mixed,Second,17.55
4.72,123,1688,18872,42.61,2,4,Diesel,Automatic,Ford,Highway,Third,31.74
2.55,314,1675,21687,33.55,12,3,Petrol,Manual,BMW,City,First,17.57
1.26,145,1476,7162,54.62,9,4,Petrol,Manual,Toyota,Highway,Second,27.33
1.08,104,1120,11486,34.27,3,3,Diesel,Manual,Honda,City,Third,42.59
4.31,336,1134,9102,43.09,3,2,Diesel,Automatic,Toyota,Highway,Second,31.49
3.1,386,1983,28258,36.3,3,3,Diesel,Manual,Ford,Highway,Third,34.54
4.1,369,1063,20948,41.21,5,2,Diesel,Automatic,Toyota,Highway,Second,32.59
1.94,190,1664,15418,35.31,12,4,Electric,Automatic,Hyundai,Mixed,First,32.85
2.38,393,2353,6168,77.7,10,5,Electric,Manual,Hyundai,Mixed,Third,27.41
1.12,94,2300,5415,43.93,14,5,Petrol,Manual,BMW,Highway,Third,24.45
4.85,229,1151,15905,52.19,14,3,Electric,Automatic,Toyota,Highway,Third,26.51
3.67,153,2368,18432,74.93,10,1,Electric,Automatic,Toyota,City,First,24.35
4.73,183,2033,10243,63.87,6,3,Electric,Automatic,BMW,Mixed,Second,23.37
2.06,292,2319,21533,60.9,13,2,Petrol,Manual,BMW,Highway,First,20.44
3.45,235,2205,27908,65.28,8,2,Electric,Automatic,Honda,Mixed,Second,27.31
3.71,260,1475,10899,71.44,13,4,Diesel,Manual,Toyota,City,Third,29.15
2.27,244,2304,5838,73.88,10,3,Diesel,Manual,Ford,Highway,Second,34.69
4.39,70,1718,11144,62.13,2,4,Petrol,Manual,Ford,Mixed,Second,16.91
4.79,298,804,14888,74.5,7,1,Petrol,Manual,Ford,City,Third,13.98
4.54,155,833,17531,56.77,7,5,Petrol,Automatic,BMW,Highway,Third,18.92
3.96,131,1968,20935,43.86,0,5,Electric,Automatic,BMW,Mixed,Second,28.61
2.11,389,1150,12466,74.0,4,3,Petrol,Automatic,BMW,City,Third,19.44
2.13,275,1382,20095,57.07,12,4,Petrol,Automatic,Ford,City,Third,19.06
4.85,174,1264,16193,75.31,9,4,Petrol,Automatic,Honda,Mixed,Second,13.72
1.04,387,1147,6320,32.01,4,1,Diesel,Automatic,Hyundai,Highway,First,40.94
3.86,360,924,18264,49.88,11,4,Petrol,Automatic,Toyota,Mixed,First,15.64
3.82,319,2094,17227,77.39,7,2,Diesel,Manual,Hyundai,City,Third,27.5
3.49,82,1156,22907,42.48,7,2,Diesel,Automatic,Toyota,City,Second,33.99
4.96,232,1326,10234,77.08,11,2,Petrol,Manual,BMW,Highway,Third,14.81
2.25,112,1297,17070,77.7,1,3,Petrol,Manual,Ford,Mixed,First,25.41
2.36,180,1976,11144,74.11,2,2,Electric,Automatic,Hyundai,Highway,First,34.01
1.32,274,852,5552,58.18,1,2,Petrol,Automatic,BMW,Highway,Second,27.91
2.77,325,948,25140,62.35,0,5,Petrol,Automatic,Toyota,City,Second,20.56
2.04,376,1302,25055,73.48,1,3,Petrol,Automatic,Hyundai,Mixed,First,22.35
2.37,213,1669,21865,68.79,9,2,Petrol,Manual,Hyundai,Mixed,Second,21.44
4.34,215,2273,20969,61.5,5,1,Petrol,Manual,Hyundai,City,First,12.12
4.74,370,1018,5599,79.11,11,2,Petrol,Manual,Hyundai,City,Third,11.08
1.74,233,2448,20098,64.28,0,3,Electric,Manual,Hyundai,Mixed,First,33.94
2.49,238,2100,29061,78.77,5,4,Electric,Automatic,BMW,Highway,First,33.35
4.71,367,1251,19800,32.87,0,5,Petrol,Manual,Toyota,Highway,Second,17.01
1.25,302,2251,14356,36.95,1,5,Electric,Manual,Toyota,Mixed,Second,34.75
1.37,340,882,17870,52.57,7,3,Diesel,Automatic,Honda,Highway,Second,41.7
1.65,129,2041,17424,49.24,13,2,Electric,Automatic,Ford,Highway,Third,35.15
3.38,365,1537,6982,69.14,5,1,Diesel,Automatic,Hyundai,City,Second,28.67
1.6,304,1326,23018,38.03,8,2,Petrol,Manual,Toyota,Highway,Third,26.3
4.87,234,1203,12830,78.8,0,2,Diesel,Automatic,Ford,City,Second,28.01
2.79,263,1089,7997,45.75,4,1,Petrol,Automatic,Ford,Highway,Second,22.11
3.01,303,1219,22070,51.45,6,5,Electric,Manual,BMW,Mixed,First,32.45
1.99,252,1138,16606,43.74,8,2,Diesel,Automatic,Hyundai,City,First,36.11
2.88,301,1576,26913,58.97,13,4,Diesel,Manual,Honda,Mixed,First,33.77
3.65,176,1510,6759,32.93,10,4,Diesel,Automatic,Ford,City,Third,29.25
4.0,292,2493,12023,37.48,8,3,Petrol,Automatic,BMW,Highway,Second,12.57
4.02,149,1786,27592,67.29,3,3,Petrol,Automatic,Hyundai,Mixed,First,16.88
3.31,303,1758,18892,39.33,12,1,Electric,Automatic,Toyota,City,Second,25.53
4.62,253,2242,28618,41.78,3,1,Electric,Manual,Honda,Mixed,First,25.37
4.27,254,2030,23864,69.65,14,3,Petrol,Manual,Hyundai,Mixed,Second,12.84
4.03,203,1485,20409,34.67,3,2,Electric,Manual,BMW,Highway,First,31.84
1.22,289,2088,14529,51.87,2,5,Diesel,Automatic,BMW,City,First,35.71
1.03,357,1859,28860,31.15,7,4,Diesel,Manual,BMW,Highway,First,41.27
1.85,271,1172,29154,47.34,4,1,Diesel,Manual,BMW,Mixed,First,40.66
3.65,215,2311,5114,64.95,6,3,Electric,Automatic,BMW,City,First,23.58
2.64,393,2082,17149,34.51,9,4,Diesel,Manual,Honda,Mixed,Second,31.58
2.61,196,1793,21952,74.42,5,1,Diesel,Manual,Ford,Mixed,First,36.17
4.54,204,1330,20701,75.47,13,1,Petrol,Manual,Ford,City,Second,13.43
4.58,183,1723,14745,35.25,8,2,Petrol,Automatic,Toyota,Mixed,First,12.92
4.64,333,822,29335,79.54,13,1,Electric,Manual,Ford,City,Second,26.08
2.26,133,903,7689,44.88,2,5,Petrol,Automatic,BMW,City,First,22.9
3.76,204,1040,25974,34.21,5,1,Electric,Automatic,Ford,City,First,29.67
2.09,110,1804,24724,30.25,2,5,Electric,Manual,Ford,Mixed,First,36.61
1.76,365,1702,7988,50.43,1,2,Petrol,Manual,BMW,Highway,Third,23.81
1.74,72,2076,8151,61.49,2,5,Petrol,Manual,Honda,Mixed,Second,23.9
2.37,263,1965,16719,46.61,1,4,Electric,Automatic,BMW,Mixed,Second,31.63
2.72,179,1613,20658,71.84,1,1,Electric,Manual,Ford,City,First,32.77
4.32,290,1454,24399,65.83,9,3,Electric,Automatic,Ford,Highway,First,28.01
1.48,73,2274,14013,47.51,10,3,Diesel,Manual,Toyota,City,First,36.53
3.94,313,1582,11345,66.72,6,5,Diesel,Automatic,BMW,Mixed,Third,28.99
3.13,235,1106,8574,77.02,9,2,Petrol,Manual,Toyota,Highway,First,21.66
2.15,95,2323,12838,34.65,14,5,Diesel,Automatic,Toyota,City,First,31.92
2.97,86,2445,22992,45.31,2,5,Diesel,Automatic,Hyundai,Mixed,Second,33.48
2.2,285,807,21943,53.17,7,5,Electric,Automatic,Toyota,Mixed,Third,35.33
3.38,161,1892,18329,54.9,12,4,Diesel,Manual,Ford,Highway,Second,34.18
2.74,100,1374,28005,57.11,1,4,Petrol,Automatic,Ford,Mixed,Third,23.43
1.66,274,1891,19823,45.03,10,5,Diesel,Automatic,Hyundai,Mixed,Third,35.62
1.47,276,1711,28510,63.36,10,2,Diesel,Automatic,Hyundai,Mixed,Second,37.59
3.19,176,2231,10565,62.25,6,1,Diesel,Manual,BMW,Mixed,Second,31.92
4.61,215,1317,9435,58.89,2,3,Petrol,Automatic,Hyundai,Highway,Third,16.56
2.38,170,1942,10650,35.69,8,4,Petrol,Automatic,Honda,Mixed,Third,19.04
3.93,387,1854,23265,53.85,6,1,Electric,Manual,Ford,Mixed,First,26.35
3.63,310,2341,25553,47.81,14,4,Diesel,Automatic,Ford,Mixed,First,27.06
4.73,316,1282,25247,54.55,8,4,Electric,Manual,Hyundai,Highway,Second,28.45
4.28,232,1006,12436,76.09,1,4,Electric,Manual,Hyundai,Highway,Third,32.12
3.27,242,1468,8708,54.03,5,5,Petrol,Manual,Ford,City,Second,17.1
3.63,104,1378,19451,30.7,4,5,Electric,Manual,Hyundai,Highway,First,34.43
4.59,353,1186,6709,51.94,13,4,Diesel,Automatic,BMW,Mixed,First,26.2
2.6,90,1211,29244,71.03,1,4,Electric,Manual,Hyundai,Highway,First,39.86
2.31,377,2193,14953,69.0,3,3,Petrol,Automatic,Hyundai,Highway,Third,19.15
1.04,232,2176,6692,55.67,3,1,Petrol,Manual,BMW,Highway,Second,25.57
4.31,166,2159,20523,42.49,7,1,Petrol,Automatic,BMW,Mixed,Third,13.09
4.2,376,1690,19322,53.25,12,2,Diesel,Automatic,BMW,City,Third,25.07
1.42,124,1705,14437,58.19,6,2,Electric,Automatic,Ford,City,First,34.68
3.31,196,2112,5125,79.99,12,2,Diesel,Automatic,Hyundai,City,First,27.51
2.86,262,1762,17944,62.21,4,5,Petrol,Automatic,BMW,City,Second,16.85
1.47,312,1764,6199,64.71,8,5,Diesel,Manual,BMW,Highway,Third,38.73
4.92,157,939,11092,54.57,0,3,Petrol,Automatic,Ford,City,Second,14.56
1.86,284,1099,21375,47.72,3,5,Diesel,Automatic,Honda,Highway,Second,41.06
1.27,161,1836,7711,70.65,4,2,Diesel,Automatic,Hyundai,Highway,Second,40.59
3.38,372,1463,14182,54.75,7,4,Electric,Manual,Honda,City,Second,27.25
3.96,304,2251,27612,79.73,2,2,Electric,Manual,Honda,Mixed,First,26.94
1.13,253,1624,10995,52.86,13,3,Petrol,Manual,BMW,City,Second,22.01
3.63,107,1199,13182,33.4,11,4,Electric,Manual,Ford,City,First,29.77
3.13,208,1791,10502,64.13,4,5,Electric,Manual,Hyundai,Highway,Second,32.63
1.41,264,1932,17920,32.33,2,4,Diesel,Manual,Hyundai,Highway,First,40.93
1.69,84,2308,27144,42.53,12,3,Petrol,Automatic,Hyundai,City,Second,20.1
3.27,326,2179,26966,47.69,6,5,Diesel,Manual,Honda,City,Third,29.86
2.19,204,948,23882,66.97,9,1,Diesel,Automatic,Toyota,Mixed,Third,38.62
4.75,70,1106,7565,54.71,2,2,Electric,Automatic,Ford,Mixed,First,28.45
4.27,118,2356,28373,31.43,6,2,Electric,Automatic,Toyota,Mixed,First,25.94
4.93,165,1883,26174,60.84,13,3,Petrol,Automatic,Honda,Highway,Second,13.48
2.04,270,1234,15789,50.57,1,3,Electric,Automatic,BMW,Mixed,Third,35.11
4.88,95,820,10024,76.09,6,2,Diesel,Automatic,Toyota,Highway,Second,33.21
2.72,304,1674,29691,54.98,8,4,Electric,Manual,Toyota,Highway,First,34.01
2.39,313,1181,6031,65.45,11,1,Petrol,Automatic,Ford,City,Second,17.56
1.2,396,1044,6241,40.94,4,1,Petrol,Manual,Honda,Mixed,Third,24.86
1.21,120,1896,6742,68.05,11,3,Diesel,Automatic,Ford,City,Third,36.21
3.77,150,2272,10709,66.05,5,3,Diesel,Automatic,BMW,City,Third,27.72
2.83,105,1899,27383,75.2,12,4,Electric,Automatic,Hyundai,Highway,Third,33.16
1.91,136,1497,19739,31.69,9,3,Petrol,Automatic,Honda,Mixed,Third,23.05
3.46,198,1389,16830,52.38,10,1,Diesel,Manual,BMW,City,First,32.01
2.01,224,1189,25474,63.96,2,2,Electric,Manual,BMW,Highway,Second,39.71
3.31,314,2400,18778,34.76,12,1,Electric,Manual,Toyota,City,Second,24.33
2.44,180,2165,13160,50.53,9,4,Electric,Manual,Ford,Mixed,Second,31.16
4.29,237,2113,28267,77.11,4,2,Diesel,Automatic,Toyota,Highway,First,30.66
4.28,211,1367,17375,51.8,12,2,Diesel,Automatic,Toyota,Mixed,First,29.28
2.91,266,2154,26513,79.27,14,1,Electric,Manual,Hyundai,City,First,27.34
2.4,178,1058,9403,32.84,4,2,Electric,Automatic,Ford,Highway,First,36.62
2.45,148,1225,27961,65.89,2,2,Diesel,Automatic,Hyundai,City,Second,37.6
4.22,230,1829,9897,59.05,7,3,Petrol,Manual,BMW,City,Third,12.64
2.31,88,805,5163,55.03,5,2,Electric,Manual,Hyundai,Mixed,Third,37.57
1.84,196,990,8310,78.54,12,4,Petrol,Automatic,BMW,Highway,First,24.88
1.34,274,947,24772,36.48,2,2,Petrol,Manual,Toyota,City,Second,26.56
2.87,98,1204,22379,74.8,0,3,Diesel,Automatic,Hyundai,Mixed,Second,38.34
2.93,276,1057,19991,64.56,9,5,Diesel,Automatic,Ford,Mixed,First,34.67
4.36,349,1529,27545,42.95,0,5,Petrol,Automatic,Hyundai,Highway,Second,16.81
1.88,220,2302,23261,75.08,12,4,Diesel,Automatic,BMW,City,Third,32.59
2.52,309,889,29487,51.46,10,4,Petrol,Automatic,Honda,Highway,First,23.79
4.23,335,1623,24648,70.71,9,2,Petrol,Automatic,Ford,Highway,Second,15.19
4.29,251,809,22732,49.44,11,2,Diesel,Automatic,BMW,City,Second,29.85
2.54,174,1910,7251,72.55,1,5,Diesel,Manual,Honda,Highway,Second,37.81
2.84,305,1637,16092,61.83,9,5,Electric,Manual,Ford,Highway,First,32.45
2.21,242,1974,28674,37.05,4,1,Diesel,Manual,Honda,Highway,Third,39.01
4.73,227,1787,29402,62.48,6,5,Electric,Manual,Toyota,Mixed,Second,26.43
1.47,241,1424,11590,39.57,0,5,Diesel,Manual,Toyota,City,First,39.17
4.73,380,829,12658,50.6,0,4,Diesel,Automatic,Hyundai,Highway,First,31.51
3.74,226,927,21816,38.51,3,1,Diesel,Automatic,Hyundai,Mixed,Second,34.39
3.13,327,1901,27127,31.1,12,1,Diesel,Manual,Hyundai,Mixed,First,31.71
1.13,233,1220,10247,40.59,9,2,Petrol,Automatic,Hyundai,Highway,Third,26.62
2.9,216,1878,12715,56.82,14,2,Diesel,Manual,Honda,City,Third,30.82
2.63,223,2303,8817,54.08,5,1,Petrol,Automatic,Ford,Mixed,First,16.74
1.64,107,1104,22454,55.07,8,1,Diesel,Automatic,Ford,Highway,Second,43.09
3.63,200,1345,9600,42.38,0,2,Diesel,Automatic,Hyundai,City,Third,31.64
4.88,324,1928,29690,64.26,10,4,Petrol,Manual,Toyota,City,Second,10.08
3.25,277,1995,14982,65.21,9,4,Diesel,Automatic,BMW,Highway,First,31.94
3.86,164,2322,5994,47.9,4,4,Electric,Manual,Hyundai,Mixed,Third,26.59
1.27,396,821,25702,74.06,8,4,Electric,Automatic,Hyundai,City,Second,35.54
2.67,240,2110,9731,62.2,7,2,Diesel,Manual,Toyota,City,First,31.49
1.47,319,1190,27452,65.65,6,3,Electric,Manual,BMW,City,Second,36.25
3.45,259,1416,12670,43.87,12,5,Electric,Manual,Honda,City,Third,27.53
4.75,268,948,26151,30.03,9,5,Electric,Automatic,Honda,Mixed,First,26.84
3.65,290,2095,22341,73.27,1,5,Electric,Automatic,BMW,Mixed,First,27.2
1.31,93,1098,13287,71.12,8,5,Petrol,Automatic,BMW,Highway,Second,28.58
2.42,313,971,23538,36.16,11,2,Petrol,Automatic,Honda,Highway,Second,23.11
3.2,393,846,22015,48.71,12,3,Petrol,Manual,Hyundai,Mixed,First,18.98
2.61,197,1425,16876,63.07,7,2,Electric,Automatic,Hyundai,Highway,Third,34.48
4.33,162,1006,27429,62.61,12,3,Electric,Manual,Toyota,City,Third,28.5
4.26,369,1252,22081,73.02,10,2,Petrol,Manual,BMW,Mixed,Second,14.8
3.45,202,2218,21415,37.01,14,1,Electric,Automatic,Hyundai,City,Second,24.53
2.49,124,1724,20852,51.5,9,3,Petrol,Manual,Hyundai,Mixed,Second,21.83
2.02,227,1553,27593,34.86,9,5,Petrol,Automatic,Toyota,Mixed,Third,22.08
1.42,98,2124,18490,49.48,8,3,Petrol,Automatic,BMW,Highway,Third,24.98
2.42,280,1507,26258,30.76,8,4,Electric,Automatic,Toyota,Mixed,Second,32.36
2.65,223,1808,10562,74.91,8,3,Petrol,Manual,Toyota,Highway,Second,21.2
3.7,362,1475,13740,56.35,2,4,Diesel,Automatic,Honda,Mixed,First,30.46
3.63,291,1999,7248,72.49,6,4,Petrol,Manual,Toyota,City,First,13.18
1.28,184,1654,11192,33.0,11,1,Petrol,Automatic,BMW,City,First,21.41
2.58,227,1582,14895,41.37,0,3,Diesel,Automatic,Hyundai,City,First,34.28
1.73,328,1933,11406,42.97,8,1,Electric,Automatic,Hyundai,City,Second,29.83
1.63,320,1483,6156,49.33,13,5,Petrol,Manual,Honda,City,Third,19.71
4.31,191,1762,19318,70.14,14,3,Diesel,Manual,BMW,City,Third,27.53
1.17,368,1663,13535,49.33,8,2,Electric,Manual,Hyundai,Mixed,First,34.96
2.68,332,2025,10295,40.23,2,2,Diesel,Automatic,Toyota,Highway,Third,33.91
1.67,118,967,17264,33.25,4,2,Petrol,Automatic,Ford,Mixed,First,26.63
4.52,398,2437,11154,33.97,11,4,Diesel,Manual,Ford,City,Second,21.9
3.23,366,885,23632,68.0,12,2,Electric,Automatic,Ford,City,First,28.5
1.93,146,2477,14136,52.24,7,5,Petrol,Automatic,Ford,Mixed,Third,19.35
3.01,196,1648,18213,66.31,5,3,Diesel,Automatic,Toyota,Highway,Third,35.87
3.93,266,1874,17072,64.11,9,3,Electric,Automatic,Hyundai,Highway,Third,27.49
4.83,290,1935,15242,36.77,9,4,Electric,Manual,Honda,Highway,Second,25.16
1.88,160,2286,8285,37.14,8,4,Petrol,Manual,Toyota,Highway,First,22.58
4.54,77,1241,14522,67.77,13,4,Petrol,Manual,Hyundai,City,Second,14.79
4.74,101,1070,7003,66.06,12,5,Petrol,Manual,BMW,City,Second,14.06
4.67,389,2400,24999,48.9,2,3,Petrol,Automatic,Hyundai,Highway,First,11.71
3.54,338,1143,14979,33.87,11,1,Diesel,Manual,Hyundai,Mixed,Third,32.12
3.52,260,2006,15438,30.6,6,4,Electric,Manual,Hyundai,Mixed,Third,28.02
2.61,232,1302,19227,44.41,12,2,Petrol,Automatic,Toyota,City,Third,18.25
4.01,130,1833,8672,30.46,5,1,Petrol,Manual,Hyundai,Mixed,Third,16.27
3.13,333,1293,12458,41.5,13,1,Petrol,Automatic,Hyundai,City,Second,14.71
3.71,354,2057,23539,50.98,14,4,Diesel,Automatic,BMW,City,First,25.61
2.71,164,2121,8479,36.07,4,2,Electric,Manual,BMW,Highway,First,33.19
3.93,110,1043,19887,35.21,3,4,Electric,Manual,Ford,Highway,First,34.81
4.3,218,2332,5051,74.82,4,4,Petrol,Manual,Toyota,Highway,Second,14.44
1.59,273,2174,7159,59.27,12,2,Electric,Automatic,Hyundai,Highway,Third,32.51
4.33,336,1066,9390,76.72,3,1,Diesel,Automatic,Ford,Highway,Third,31.68
3.16,71,2453,25035,47.29,2,1,Electric,Manual,Ford,Highway,First,33.4
4.38,247,2479,28740,63.86,6,2,Petrol,Automatic,Toyota,Mixed,Third,11.64
2.73,263,1692,21080,40.23,5,1,Electric,Manual,Ford,Highway,Second,34.26
2.52,265,1000,7112,60.92,3,5,Diesel,Automatic,Ford,Highway,Third,38.4
4.66,318,1038,17752,36.48,8,4,Diesel,Manual,Toyota,City,Third,28.37
2.0,281,2157,19593,30.1,0,5,Electric,Automatic,Honda,City,Third,30.83
4.38,222,1714,27149,76.58,0,5,Electric,Automatic,Ford,Highway,First,29.59
2.94,227,2238,20339,57.74,8,5,Petrol,Manual,BMW,City,Second,15.97
3.06,208,1768,6354,76.35,6,3,Petrol,Automatic,Ford,Mixed,First,17.04
2.23,290,1283,10620,46.69,1,3,Petrol,Manual,Toyota,Mixed,Second,22.88
3.29,342,2260,8754,46.39,10,5,Electric,Automatic,Toyota,Mixed,First,24.44
2.3,223,1045,21593,50.03,9,4,Diesel,Manual,Honda,Mixed,Second,38.74
1.16,318,1831,21167,65.3,4,5,Diesel,Manual,Honda,Highway,Second,41.34
2.09,348,951,27616,58.29,12,5,Electric,Manual,BMW,Mixed,First,35.17
1.03,373,2215,29230,76.27,3,3,Diesel,Automatic,BMW,Mixed,First,37.39
4.91,345,1010,27555,31.27,0,5,Diesel,Manual,Ford,Mixed,Third,31.11
4.86,71,1166,5237,65.41,11,4,Electric,Automatic,Honda,Mixed,Second,26.04
2.58,157,1743,13527,46.52,12,4,Diesel,Manual,BMW,City,Second,33.46
3.91,356,2493,13075,39.01,8,5,Electric,Automatic,Ford,Mixed,Second,22.15
2.38,199,2393,22960,55.52,14,4,Petrol,Manual,Hyundai,Mixed,Second,18.21
3.68,147,885,13691,55.25,5,5,Diesel,Automatic,Ford,City,Second,33.14
4.22,329,1878,14756,36.85,10,3,Electric,Automatic,BMW,City,Third,21.91
4.79,310,2457,8540,40.09,12,5,Diesel,Automatic,Ford,Highway,Third,23.93
2.6,210,1245,14327,50.41,13,1,Diesel,Manual,Hyundai,City,Third,34.4
4.13,297,1419,15540,50.44,11,3,Petrol,Manual,BMW,City,Second,13.29
2.06,232,1103,12257,45.88,5,4,Electric,Automatic,Ford,City,First,33.44
4.96,305,931,21533,37.43,3,4,Petrol,Automatic,BMW,Mixed,First,14.48
1.1,197,2244,16720,30.22,12,3,Diesel,Automatic,Ford,Highway,Second,38.52
3.41,269,1703,6624,78.51,1,1,Diesel,Manual,Toyota,Highway,Third,34.54
3.64,100,2208,12661,77.17,7,3,Diesel,Manual,BMW,Mixed,First,31.46
3.75,207,1787,23958,54.18,14,2,Electric,Automatic,BMW,Highway,First,28.73
1.48,90,2021,25812,79.75,14,1,Petrol,Manual,BMW,Mixed,Third,23.95
4.75,303,846,12529,63.68,7,3,Electric,Manual,BMW,City,Second,25.73
1.72,271,1556,25653,33.44,2,2,Diesel,Manual,Ford,Mixed,Second,39.81
3.49,348,2026,29153,35.89,6,5,Petrol,Manual,Honda,Mixed,Second,16.1
1.89,200,2084,18654,75.81,13,1,Diesel,Manual,Ford,City,Second,34.16
2.23,217,1489,7108,61.5,6,5,Petrol,Automatic,Hyundai,City,Second,19.15
3.19,98,1847,8947,72.16,13,2,Electric,Automatic,Toyota,Highway,First,30.61
2.67,377,1486,12899,74.91,4,4,Electric,Manual,Ford,Mixed,Third,31.33
1.64,231,1585,18372,52.4,14,4,Electric,Automatic,Ford,City,First,31.95
1.68,130,1139,9914,32.43,4,4,Electric,Manual,BMW,Highway,First,40.48
2.67,194,1211,11667,39.41,14,5,Electric,Automatic,Hyundai,Mixed,First,31.4
4.03,140,2084,7263,33.33,7,1,Petrol,Manual,BMW,City,Third,13.24
4.59,395,1085,8815,39.44,3,5,Petrol,Manual,BMW,City,First,12.75
1.34,312,2336,5577,50.53,0,5,Diesel,Manual,Honda,Mixed,First,36.54
2.57,318,1909,20029,35.91,0,4,Petrol,Automatic,Toyota,City,Second,17.46
1.4,290,1649,21806,38.34,8,5,Diesel,Automatic,Honda,Mixed,Third,37.66
1.07,90,1229,7763,52.29,3,2,Electric,Automatic,BMW,Mixed,Second,39.4
3.65,151,2404,22613,47.01,0,3,Petrol,Manual,Toyota,Mixed,Second,17.19
3.41,79,830,20645,53.38,12,3,Petrol,Manual,Ford,City,First,20.5
1.65,81,1402,24560,51.46,1,3,Electric,Automatic,Hyundai,City,Second,37.26
1.94,332,1239,13945,62.22,9,4,Electric,Automatic,Honda,Mixed,First,33.07
1.09,214,1784,22071,76.86,6,4,Electric,Manual,Hyundai,Highway,Second,39.69
4.34,261,2172,22106,35.39,1,3,Diesel,Manual,BMW,Mixed,Third,29.25
4.9,319,1211,18854,34.96,0,1,Diesel,Manual,Toyota,Mixed,Third,30.04
1.54,183,1327,22130,72.64,9,3,Petrol,Automatic,Ford,Mixed,Second,24.48
1.93,95,1109,25721,55.32,13,5,Electric,Manual,Toyota,Highway,First,39.82
4.47,340,1748,7712,68.32,8,3,Petrol,Manual,Hyundai,City,First,10.45
4.71,102,2219,22091,40.77,13,3,Electric,Manual,Hyundai,City,First,23.12
2.68,131,2161,20857,71.44,4,1,Electric,Manual,Ford,Mixed,Second,32.52
1.2,298,1473,13626,76.19,13,4,Electric,Automatic,Ford,Mixed,First,34.27
1.16,372,1236,18068,61.77,12,4,Electric,Manual,Toyota,City,Second,34.56
3.3,164,1503,21867,35.29,3,5,Electric,Automatic,Honda,Mixed,Third,31.53
2.57,104,1462,19719,74.76,3,3,Diesel,Manual,Toyota,City,First,37.23
1.11,262,1164,6533,69.62,14,2,Petrol,Automatic,Hyundai,Highway,Second,25.34
3.33,145,1722,21553,67.54,13,5,Electric,Automatic,Toyota,Mixed,First,29.03
1.05,318,912,22404,31.84,10,4,Diesel,Automatic,BMW,City,Second,39.25
4.15,152,975,12093,69.95,12,1,Diesel,Automatic,Toyota,City,First,29.87
2.23,94,1972,18156,36.9,0,4,Electric,Manual,Toyota,Highway,Third,37.6
1.16,126,2001,27850,41.12,2,4,Electric,Automatic,BMW,Mixed,Second,37.76
3.35,101,1735,22231,58.86,12,1,Diesel,Automatic,Hyundai,Highway,Second,34.69
2.59,388,1181,18785,43.25,0,3,Electric,Manual,Ford,City,Third,32.22
4.9,81,2046,20591,63.07,4,3,Diesel,Automatic,Toyota,City,Third,26.66
3.18,388,2082,19694,60.4,4,4,Electric,Automatic,Honda,Highway,First,28.78
2.1,161,2012,8346,35.41,8,5,Diesel,Manual,Ford,Highway,Second,37.83
3.84,70,1105,9013,62.8,12,2,Electric,Automatic,Honda,Highway,Second,31.65
2.09,395,2201,29462,76.2,7,5,Diesel,Manual,Toyota,Mixed,First,34.25
4.62,205,1401,5031,38.06,4,5,Petrol,Automatic,Honda,City,First,12.14
2.5,265,1142,29752,59.85,4,4,Electric,Automatic,Ford,Mixed,Second,34.59
3.2,202,955,16156,47.09,6,4,Electric,Automatic,Honda,Mixed,Third,32.32
1.2,155,1511,15304,52.98,11,2,Diesel,Manual,Honda,Highway,First,42.56
2.7,364,1878,12877,44.35,1,2,Electric,Automatic,Ford,Mixed,Second,29.36
4.33,348,2265,11170,47.71,12,2,Petrol,Manual,Ford,Mixed,First,10.03
4.22,393,2023,29214,31.45,6,4,Petrol,Automatic,Ford,Highway,Third,14.04
1.9,249,1202,17078,79.08,0,4,Diesel,Automatic,Ford,Highway,Second,41.19
1.9,73,1413,7315,61.24,13,5,Diesel,Automatic,BMW,Highway,Second,39.44
4.27,195,1596,5065,55.04,4,4,Electric,Automatic,Toyota,City,Second,24.7
4.72,244,2486,17420,49.19,14,3,Diesel,Manual,Ford,City,Third,22.87
1.38,320,1422,23312,56.97,11,3,Petrol,Manual,Hyundai,Mixed,First,23.96
2.8,90,1402,26395,49.01,14,2,Petrol,Manual,Honda,Mixed,Third,21.94
2.35,174,976,12533,48.0,11,4,Electric,Automatic,Ford,City,Third,32.59
4.48,135,1248,27609,53.2,5,3,Petrol,Manual,Ford,Mixed,Third,18.31
1.33,332,1542,19204,43.8,12,5,Diesel,Manual,Toyota,Highway,Second,40.02
1.84,118,2364,20317,39.0,10,1,Electric,Automatic,Ford,City,Third,30.81
4.01,85,1100,26831,57.83,13,5,Electric,Manual,BMW,Mixed,Second,31.4
1.21,214,1506,20457,72.14,9,1,Electric,Automatic,Hyundai,Mixed,Second,36.4
2.97,319,1106,21968,37.64,0,5,Diesel,Automatic,Hyundai,Mixed,First,35.66
2.77,144,1550,27854,31.64,14,3,Electric,Manual,Ford,City,First,31.49
2.34,359,1668,28069,42.34,8,4,Electric,Manual,Toyota,City,Third,30.97
2.58,351,2090,10244,78.99,8,1,Petrol,Automatic,Ford,City,Second,14.16
3.12,135,1013,13154,71.44,0,4,Petrol,Automatic,Honda,Highway,Second,24.01
1.65,194,2417,29335,59.79,3,4,Electric,Automatic,Hyundai,Mixed,First,33.84
3.29,388,2463,23132,76.46,14,3,Diesel,Automatic,Honda,Mixed,Second,26.56
4.22,156,1282,29054,52.26,7,2,Diesel,Manual,BMW,Highway,Third,35.51
4.04,110,2085,23588,79.16,1,2,Diesel,Automatic,Hyundai,City,Second,29.76
1.62,255,1890,16822,44.82,12,1,Diesel,Manual,Hyundai,City,Third,35.1
1.6,335,2397,6892,42.02,12,3,Petrol,Automatic,BMW,City,First,15.46
2.07,340,932,12018,61.9,10,4,Diesel,Manual,Honda,Highway,First,39.49
2.44,111,2472,15621,48.91,12,5,Diesel,Automatic,Ford,Mixed,Second,32.36
2.63,162,2363,24477,61.32,7,5,Electric,Automatic,Toyota,Highway,Second,32.15
3.72,254,1311,5973,45.25,9,1,Diesel,Manual,Honda,Mixed,First,31.61
1.23,284,1010,25408,60.9,12,1,Diesel,Automatic,BMW,Mixed,Third,40.1
1.14,86,1787,15834,43.79,11,1,Diesel,Manual,BMW,Mixed,Third,40.65
2.57,334,1786,11615,32.55,13,3,Diesel,Automatic,BMW,Highway,Third,33.17
3.79,183,1516,9329,75.61,12,5,Petrol,Automatic,Hyundai,City,First,13.54
1.77,361,1052,28099,74.16,8,3,Electric,Automatic,Ford,City,First,33.77
3.57,361,837,6477,78.54,8,3,Petrol,Manual,Hyundai,Highway,First,19.71
2.04,117,1866,27073,65.83,13,4,Electric,Automatic,Hyundai,Mixed,Second,33.44
4.54,376,1428,12329,64.14,0,3,Electric,Manual,Hyundai,Highway,First,28.24
4.58,166,2228,11444,57.95,8,3,Electric,Automatic,BMW,City,Third,21.61
2.19,164,1786,29881,36.3,3,4,Electric,Manual,Honda,Highway,Third,37.92
1.92,395,845,21385,39.46,11,2,Petrol,Manual,Toyota,Mixed,First,23.18
2.65,143,2277,29846,44.47,11,4,Electric,Automatic,Toyota,City,First,28.82
1.96,137,1104,16406,74.51,7,1,Diesel,Automatic,Ford,Mixed,Third,39.38
3.69,315,1032,11843,38.65,12,2,Diesel,Automatic,Ford,Highway,First,32.67
4.3,146,1044,10972,76.14,13,5,Electric,Automatic,BMW,Mixed,Second,27.46
3.69,277,1559,20295,56.14,8,3,Diesel,Manual,Toyota,Highway,First,33.87
4.3,323,2118,29287,65.78,2,2,Diesel,Manual,Honda,City,Third,27.71
2.59,290,1638,10105,35.51,5,5,Electric,Automatic,BMW,City,Third,28.99
1.63,331,2206,15931,43.45,2,4,Electric,Manual,Ford,City,First,31.79
3.95,328,957,12702,77.93,0,4,Electric,Automatic,BMW,Mixed,Third,29.19
2.44,377,2228,24298,43.31,9,1,Petrol,Automatic,Ford,Highway,First,18.28
3.69,143,1824,26540,44.83,5,1,Electric,Automatic,Toyota,Highway,Third,31.41
2.08,194,1016,29682,39.88,4,2,Electric,Automatic,BMW,Highway,Third,39.23
1.32,257,1727,19136,36.45,2,3,Petrol,Automatic,Hyundai,Mixed,Third,23.91
4.97,323,1306,24552,41.66,13,4,Diesel,Manual,Ford,Highway,First,29.55
1.62,390,1560,7599,62.12,13,2,Petrol,Automatic,Hyundai,City,First,17.54
4.95,377,1703,27100,52.77,3,2,Diesel,Manual,Ford,Highway,First,29.6
4.91,304,1380,7235,57.69,1,2,Petrol,Automatic,Hyundai,Mixed,Second,12.31
4.18,319,1853,24183,36.12,11,1,Electric,Automatic,Toyota,City,Second,22.84
3.64,141,1426,28397,70.11,9,4,Petrol,Automatic,Toyota,City,Second,16.91
3.31,304,1319,10473,69.2,9,1,Electric,Automatic,Honda,Mixed,Third,28.45
4.46,393,1074,5018,31.08,12,1,Diesel,Manual,Honda,City,Third,26.3
2.16,225,1291,5858,49.18,13,2,Electric,Manual,Honda,Highway,First,35.3
2.87,184,1626,10380,33.44,3,5,Petrol,Automatic,BMW,Mixed,Third,19.3
3.48,382,1750,8032,69.61,3,5,Petrol,Automatic,Ford,Highway,Second,16.34
2.64,297,1725,25889,66.86,2,5,Diesel,Automatic,BMW,Mixed,Second,34.76
2.71,391,1646,27173,75.1,5,2,Electric,Automatic,Honda,Mixed,First,30.25
2.32,314,1859,23915,41.82,0,3,Diesel,Manual,Ford,Mixed,Third,36.53
3.26,375,2134,12471,52.81,8,4,Electric,Manual,BMW,Highway,Third,28.41
4.4,83,1867,9719,39.22,10,2,Electric,Automatic,Toyota,Mixed,Second,25.43
1.81,85,1978,17943,48.56,9,2,Diesel,Manual,Ford,City,First,36.86
4.74,111,1900,9863,56.11,2,1,Diesel,Manual,Honda,Highway,Second,31.58
3.76,179,2413,9038,32.67,2,5,Electric,Automatic,Toyota,Mixed,Third,25.82
4.29,347,2436,23836,65.74,11,2,Diesel,Manual,Ford,Mixed,Second,25.78
3.22,393,2261,7846,57.16,2,3,Electric,Automatic,BMW,Highway,Second,27.42
4.12,88,2255,13064,71.45,6,4,Diesel,Manual,Honda,City,Third,28.6
1.06,135,2365,16394,43.59,7,3,Diesel,Manual,BMW,City,Third,37.54
4.27,236,838,11622,75.17,1,2,Diesel,Automatic,Toyota,Mixed,Third,32.43
1.16,142,1038,17295,79.93,0,2,Petrol,Manual,Toyota,Mixed,Second,29.65
4.56,379,1836,24846,75.96,4,1,Diesel,Manual,Toyota,City,Second,26.49
4.97,181,921,16782,68.89,7,3,Petrol,Manual,Ford,Mixed,Second,16.07
2.18,343,943,6159,70.62,13,1,Electric,Manual,Honda,City,First,31.57
1.84,154,1483,9626,58.69,2,3,Electric,Manual,Toyota,City,First,35.29
4.06,208,1254,28440,39.51,5,5,Diesel,Automatic,BMW,City,Third,31.11
2.01,108,1167,8722,63.85,2,5,Petrol,Automatic,Honda,City,First,23.15
4.46,174,1558,16630,65.64,14,3,Electric,Manual,BMW,Mixed,Third,26.26
1.41,393,1046,24944,79.27,5,1,Petrol,Automatic,BMW,Highway,Second,26.34
1.5,350,1722,16274,57.07,11,5,Petrol,Manual,Toyota,Highway,Third,23.58
4.92,192,1868,27501,43.57,3,2,Electric,Manual,Honda,City,Second,24.88
3.7,287,1564,19888,64.18,13,4,Petrol,Automatic,Hyundai,Mixed,Third,14.54
4.39,130,1174,11589,78.97,10,1,Petrol,Manual,Ford,Highway,First,18.71
2.3,169,2114,20473,38.86,14,3,Electric,Automatic,Hyundai,Highway,Second,32.39
3.71,376,1006,28233,46.3,6,4,Diesel,Manual,Ford,City,Second,32.08
3.38,273,1318,7243,57.09,10,4,Diesel,Manual,Honda,City,Second,30.87
3.41,327,1041,13177,38.51,9,2,Petrol,Automatic,Toyota,Mixed,First,17.05
3.73,74,2445,6760,31.11,0,1,Diesel,Manual,Honda,Highway,First,33.46
3.3,266,1937,21202,46.85,0,4,Electric,Automatic,Hyundai,City,First,27.75
2.72,249,1618,10442,73.27,14,1,Electric,Automatic,BMW,City,Second,27.53
2.1,202,1101,29063,32.17,4,2,Electric,Manual,Ford,Mixed,Third,37.94
4.07,393,2099,24059,51.45,8,3,Petrol,Manual,Ford,City,Third,11.17
1.91,322,1919,28508,68.11,4,4,Electric,Automatic,Hyundai,City,First,31.48
3.77,334,2117,27165,77.66,3,4,Petrol,Manual,Toyota,City,Third,13.94
1.93,162,1500,19965,79.27,7,4,Petrol,Manual,Honda,City,Second,22.75
3.5,219,2183,8236,51.1,12,1,Electric,Automatic,Hyundai,City,Second,23.61
3.99,207,1087,20611,77.52,4,4,Electric,Manual,Honda,Mixed,First,31.16
1.87,277,953,27282,31.77,0,1,Petrol,Manual,Toyota,City,First,25.38
1.24,194,2393,13235,67.3,6,5,Electric,Automatic,BMW,Highway,Third,35.39
1.52,303,1222,20829,62.14,10,5,Diesel,Manual,Honda,City,Third,37.89
3.42,130,1649,13680,42.48,14,1,Petrol,Manual,Toyota,City,Third,16.06
4.4,376,849,25660,55.37,3,5,Petrol,Manual,Hyundai,Highway,First,19.25
1.18,335,2030,16340,36.48,9,2,Electric,Manual,BMW,Highway,First,36.06
3.94,203,1363,26107,73.58,4,2,Electric,Manual,BMW,City,First,29.34
2.37,387,1653,14148,47.89,12,5,Petrol,Manual,BMW,Mixed,Second,18.23
2.91,182,1682,15306,61.3,5,3,Petrol,Automatic,Ford,Highway,Third,21.05
4.72,260,1461,27028,37.94,12,1,Petrol,Manual,Toyota,Mixed,First,13.93
2.33,256,1364,22499,40.31,6,5,Electric,Manual,Honda,City,First,33.21
2.86,388,1012,23165,79.6,10,1,Petrol,Manual,Hyundai,City,First,18.51
1.05,158,1889,16018,67.65,1,5,Diesel,Automatic,BMW,Highway,Third,42.35
1.33,256,2055,23260,78.1,14,2,Diesel,Manual,BMW,Highway,Third,39.09
2.03,376,1610,26747,44.79,13,3,Electric,Automatic,BMW,Mixed,Second,31.24
1.11,201,1649,29916,38.23,14,1,Petrol,Automatic,Toyota,City,Second,22.74
3.53,192,2486,16142,55.15,0,3,Petrol,Automatic,Hyundai,Highway,Second,17.07
2.71,117,2143,24759,54.73,11,2,Diesel,Automatic,Toyota,Highway,Second,35.52
3.19,357,1960,24134,38.75,2,4,Petrol,Automatic,Hyundai,Highway,First,18.31
1.7,248,1680,14546,66.66,9,4,Electric,Manual,Honda,Mixed,Second,34.53
2.18,249,2470,8276,48.09,11,1,Electric,Manual,Ford,City,First,27.85
3.66,168,2389,21832,39.32,0,2,Electric,Manual,Hyundai,Highway,First,30.95
4.86,399,1888,26921,46.6,3,1,Petrol,Manual,Toyota,Highway,Third,13.94
1.2,103,2337,21008,58.18,5,1,Petrol,Automatic,Toyota,Highway,First,25.61
4.56,139,1955,9172,66.32,4,1,Diesel,Automatic,Toyota,City,Third,26.5
3.31,240,1133,18183,54.09,12,3,Diesel,Automatic,Ford,Mixed,Second,32.93
3.26,341,831,17836,56.28,10,5,Electric,Automatic,Hyundai,Mixed,Second,30.27
3.0,128,1667,13989,36.95,3,2,Petrol,Automatic,Hyundai,City,Third,18.2
1.28,250,1697,24880,75.73,6,3,Petrol,Automatic,Hyundai,Mixed,Third,23.99
1.36,88,2321,18740,76.44,12,5,Electric,Manual,Hyundai,Mixed,Second,35.08
3.4,295,2066,18102,64.17,10,1,Electric,Manual,BMW,Highway,First,29.25
2.36,164,2015,20357,30.88,10,4,Diesel,Manual,BMW,Mixed,First,35.52
4.67,366,1965,23566,56.85,5,3,Diesel,Manual,Toyota,Highway,Third,29.06
2.63,150,2483,20613,61.46,2,2,Electric,Automatic,BMW,Mixed,First,30.46
1.57,244,1400,8326,79.73,8,2,Petrol,Automatic,Hyundai,Highway,First,24.49
3.86,291,2384,5719,79.8,14,5,Diesel,Automatic,Hyundai,City,Second,23.32
2.17,172,2471,22906,72.88,4,3,Electric,Manual,BMW,City,Third,31.26
3.1,123,1787,28140,33.19,12,1,Petrol,Manual,Honda,Mixed,Second,19.74
3.79,252,2014,28011,77.66,9,5,Electric,Manual,Toyota,Highway,First,29.7
4.6,387,1972,6069,60.63,0,2,Petrol,Manual,Ford,City,First,10.0
4.17,390,1398,26946,70.04,12,3,Diesel,Manual,Toyota,City,Second,27.87
3.71,137,2239,12749,50.36,5,4,Petrol,Manual,Toyota,Mixed,First,16.02
3.72,97,1319,17935,45.98,4,1,Petrol,Automatic,Toyota,Highway,First,21.12
4.78,343,1668,9887,53.16,9,2,Electric,Manual,BMW,Highway,Second,25.18
2.18,351,815,26058,37.34,7,3,Petrol,Manual,Toyota,City,First,22.6
1.0,380,1929,16267,47.85,3,4,Diesel,Manual,Hyundai,Mixed,Second,38.54
2.09,188,1082,23540,72.88,11,2,Electric,Automatic,Toyota,City,Third,33.79
1.87,203,1927,12944,31.9,0,4,Electric,Manual,Hyundai,City,First,33.68
3.65,198,1160,20934,37.54,10,2,Electric,Manual,BMW,Mixed,First,31.04
3.53,77,2481,17747,36.26,1,5,Electric,Automatic,BMW,Mixed,Second,28.4
3.37,120,1858,15505,50.15,7,5,Electric,Manual,Toyota,Mixed,Third,30.53
1.06,350,912,18449,79.85,9,5,Electric,Manual,Hyundai,Highway,First,40.38
3.92,244,1107,16697,38.67,7,3,Electric,Automatic,Hyundai,Mixed,First,28.81
2.29,252,1758,9139,37.27,12,5,Diesel,Automatic,Hyundai,Mixed,Third,33.14
3.66,261,1876,20221,75.75,13,3,Diesel,Manual,Hyundai,City,First,28.61
3.23,318,1904,27013,74.1,4,1,Electric,Automatic,Ford,Mixed,Second,28.73
2.37,304,2439,12087,31.61,5,5,Petrol,Automatic,BMW,Mixed,Third,16.37
1.54,152,1633,26462,67.59,1,3,Electric,Manual,Hyundai,City,Third,37.28
1.38,162,2192,27789,62.77,10,2,Electric,Automatic,Ford,Highway,First,36.49
4.33,381,1041,28255,68.39,11,3,Electric,Automatic,Ford,Mixed,Third,26.3
4.67,337,830,5632,54.73,8,3,Petrol,Manual,BMW,City,Third,12.91
3.6,189,1503,7199,79.57,14,2,Diesel,Automatic,Honda,Highway,Third,32.1
1.41,140,1668,19548,32.19,5,3,Petrol,Manual,Toyota,Highway,First,27.92
2.61,86,2184,16255,41.72,11,2,Petrol,Automatic,BMW,Mixed,Third,18.36
3.92,322,1032,26737,49.83,8,4,Petrol,Automatic,Honda,Highway,First,18.78
4.12,191,2433,24294,52.49,10,5,Petrol,Manual,Toyota,Mixed,Third,13.41
1.47,79,1857,22006,76.07,9,1,Electric,Automatic,Toyota,Highway,Second,38.09
1.0,356,2066,11073,58.0,2,3,Diesel,Automatic,Toyota,Highway,Third,38.92
3.85,385,1750,21744,32.26,5,2,Petrol,Automatic,Ford,Highway,Third,15.83
2.43,395,858,15559,50.39,9,5,Diesel,Automatic,Hyundai,Mixed,Third,35.19
2.02,342,1570,27749,50.82,4,3,Electric,Automatic,Toyota,Highway,Second,35.55
1.05,375,2352,21097,78.27,8,5,Electric,Manual,Hyundai,City,Third,31.94
3.16,362,1901,13401,59.96,12,4,Diesel,Automatic,Toyota,City,Second,27.37
4.4,279,1517,16659,61.78,9,3,Electric,Manual,Ford,Highway,Second,28.25
4.83,287,1101,14122,65.66,14,2,Diesel,Automatic,Toyota,Mixed,Second,26.91
3.26,310,1602,18894,68.5,0,4,Petrol,Automatic,BMW,City,First,16.34
3.06,269,1696,25327,61.75,8,3,Electric,Manual,Honda,Highway,First,32.93
1.34,285,911,26253,41.86,4,5,Electric,Automatic,Toyota,City,Second,37.11
3.2,274,2236,29512,73.7,0,4,Diesel,Automatic,Honda,City,First,30.6
2.52,285,1116,5877,66.61,9,2,Electric,Automatic,Honda,City,Second,30.06
3.43,149,1968,18775,67.09,7,3,Petrol,Automatic,Ford,City,First,15.16
2.55,336,1467,26179,79.83,6,5,Electric,Manual,Honda,City,First,31.47
1.96,104,1489,29175,70.13,13,5,Electric,Manual,Ford,Highway,Third,38.57
1.38,358,2471,15691,71.46,5,4,Electric,Automatic,Toyota,City,First,29.58
2.26,87,817,21110,77.57,1,3,Diesel,Manual,Hyundai,Highway,First,44.68
1.39,234,2174,7523,37.56,4,5,Petrol,Manual,Ford,City,Third,20.81
1.71,82,1978,17543,54.89,2,4,Petrol,Automatic,Honda,Mixed,Second,23.76
4.95,271,2329,11270,59.03,1,1,Electric,Automatic,Honda,Highway,Third,23.54
2.78,298,1577,29967,46.46,13,5,Electric,Manual,Toyota,Mixed,First,31.35
3.13,70,1159,28007,71.97,9,4,Diesel,Manual,Ford,Mixed,First,38.03
4.49,388,1131,10088,68.12,0,1,Petrol,Manual,Toyota,City,Second,13.62
4.98,286,1327,12564,66.04,8,4,Electric,Manual,Ford,City,First,23.33
3.33,103,811,12066,79.86,1,5,Petrol,Manual,Hyundai,City,Third,21.87
4.25,335,1898,11545,42.97,12,1,Electric,Manual,BMW,City,Second,22.25
2.31,197,1011,7321,66.77,10,4,Electric,Automatic,Toyota,City,Third,32.11
2.22,281,1440,18132,57.57,0,3,Diesel,Automatic,Honda,Mixed,First,37.04
2.61,332,1082,29533,45.65,13,1,Petrol,Manual,Toyota,Mixed,Second,21.19
3.69,381,2018,29509,38.03,6,4,Petrol,Automatic,Ford,City,First,12.41
3.73,149,1579,13330,74.79,8,3,Electric,Automatic,Toyota,City,First,26.94
2.26,234,1853,13294,59.77,5,1,Electric,Manual,Hyundai,Highway,Third,34.93
1.53,321,1832,18553,71.25,7,4,Diesel,Manual,Ford,Highway,First,39.34
3.53,81,2132,10333,57.27,14,5,Electric,Manual,Honda,Mixed,Third,27.84
1.51,373,2268,12858,41.0,10,1,Petrol,Automatic,Honda,Mixed,First,18.06
3.31,281,2133,25703,46.88,6,1,Diesel,Manual,Ford,Mixed,Third,31.82
3.77,351,1476,10389,49.08,8,3,Petrol,Automatic,Hyundai,City,Third,12.53
3.8,181,1504,23232,78.65,6,4,Diesel,Automatic,Toyota,Mixed,Second,32.29
4.01,280,1225,8205,30.28,12,5,Petrol,Manual,BMW,Mixed,Second,15.3
4.49,308,1390,7161,79.28,5,3,Electric,Automatic,Honda,Mixed,First,24.83
3.0,337,890,22848,79.02,0,1,Petrol,Manual,Hyundai,Highway,First,24.39
3.92,367,1255,5643,79.81,8,3,Petrol,Manual,Hyundai,Mixed,Second,14.96
3.48,386,1243,19986,53.83,9,3,Diesel,Automatic,Hyundai,Mixed,Third,30.92
1.75,127,878,16628,78.19,4,3,Petrol,Manual,Toyota,Highway,Third,29.72
1.1,103,2298,10351,49.78,12,1,Electric,Manual,Hyundai,Mixed,Second,35.15
2.14,332,1726,9553,31.31,1,2,Diesel,Manual,Hyundai,City,Second,34.53
2.77,104,902,11518,41.22,14,3,Diesel,Manual,Ford,Highway,First,39.42
3.47,340,1422,10723,77.26,13,2,Petrol,Manual,Ford,Mixed,Third,15.62
4.4,296,2279,12946,30.69,11,5,Diesel,Manual,Hyundai,Highway,Second,27.7
1.78,94,1789,5610,57.3,10,5,Electric,Automatic,Hyundai,Mixed,Third,33.67
1.5,303,2137,9302,33.78,7,5,Petrol,Manual,Ford,Mixed,Third,20.86
4.85,128,2070,6543,44.32,12,4,Electric,Automatic,Toyota,Highway,Second,24.13
1.43,320,1033,6466,34.4,3,1,Petrol,Manual,Ford,City,Third,23.77
2.91,155,2417,14108,72.98,13,2,Petrol,Manual,Ford,Highway,First,18.42
3.34,320,1443,19656,59.55,2,4,Diesel,Automatic,Ford,City,Second,31.2
3.17,249,2058,11236,75.11,12,2,Diesel,Automatic,Ford,City,Third,27.96
1.34,276,1589,18719,64.42,0,1,Diesel,Manual,BMW,Highway,Second,42.64
1.23,218,1186,22565,78.55,4,3,Petrol,Manual,Honda,Mixed,Second,27.7
1.42,140,1646,23530,55.49,2,4,Diesel,Automatic,Toyota,City,Third,39.16
3.34,190,2434,23656,61.94,14,1,Electric,Automatic,Toyota,Highway,First,27.95
3.18,322,837,14043,58.82,3,4,Diesel,Automatic,Hyundai,Mixed,Second,34.72
1.93,162,1984,9536,54.21,14,5,Electric,Automatic,BMW,Mixed,Third,31.27
3.55,325,2285,22103,72.3,8,4,Diesel,Manual,Hyundai,Mixed,Second,29.33
4.28,323,2272,26064,62.23,10,3,Petrol,Automatic,Toyota,Highway,Second,12.84
1.17,357,1940,15206,70.07,13,3,Diesel,Manual,Toyota,Highway,Third,38.32
2.99,378,1040,24856,69.32,6,2,Electric,Automatic,Hyundai,Mixed,First,31.26
3.76,128,1849,8642,39.55,10,4,Electric,Manual,Honda,Mixed,Third,28.12
2.01,138,2471,17062,62.51,4,5,Diesel,Automatic,Hyundai,Mixed,Second,34.98
2.23,155,1361,21447,39.98,7,3,Electric,Manual,Honda,Mixed,First,35.99
3.45,343,1605,18055,59.17,5,2,Petrol,Automatic,Honda,Highway,First,17.83
4.59,296,1097,5559,63.87,9,5,Diesel,Automatic,Ford,Mixed,First,27.83
4.24,150,1604,28830,79.86,1,5,Electric,Automatic,Toyota,City,First,27.75
3.33,183,953,6733,31.53,6,5,Diesel,Automatic,Ford,City,Second,32.88
3.92,253,1531,13861,34.56,0,1,Diesel,Manual,Toyota,Highway,Third,34.46
2.46,349,2475,25278,33.85,2,3,Diesel,Automatic,Ford,City,Third,30.54
3.56,391,1267,6542,49.92,11,1,Diesel,Automatic,Honda,City,First,27.61
2.86,387,848,14463,71.08,0,1,Diesel,Automatic,Ford,City,First,34.01
1.76,123,2477,7415,72.2,13,3,Petrol,Manual,BMW,Highway,Third,21.76
3.81,266,845,15983,66.85,14,4,Diesel,Manual,Ford,City,First,31.18
3.23,362,2498,17905,74.84,0,2,Petrol,Automatic,Ford,Mixed,Third,14.06
2.43,362,2108,27474,46.14,14,3,Diesel,Manual,Ford,City,Third,30.94
4.65,360,1579,26601,34.41,4,2,Electric,Manual,BMW,City,First,24.48
1.08,249,2451,10387,32.91,5,4,Diesel,Manual,Toyota,City,Third,35.7
2.26,291,881,26563,72.61,11,3,Diesel,Automatic,Ford,Mixed,Third,37.42
1.23,343,1867,13187,66.52,2,5,Electric,Manual,Toyota,Highway,Third,37.41
4.07,313,1754,11643,64.93,13,3,Petrol,Manual,Hyundai,Highway,First,14.93
3.81,223,1072,20667,46.98,2,4,Petrol,Automatic,Honda,City,Second,17.25
2.33,373,1193,29044,49.0,2,1,Petrol,Automatic,Hyundai,Mixed,Second,21.96
3.7,342,1589,16246,77.91,0,3,Petrol,Automatic,BMW,City,Second,14.38
2.58,204,1394,7458,33.19,4,5,Electric,Manual,BMW,Highway,Second,35.62
4.03,382,857,11028,68.69,0,3,Petrol,Automatic,Toyota,Highway,Second,18.5
2.82,77,1364,10447,45.48,9,1,Petrol,Manual,Toyota,Mixed,First,21.78
2.65,197,800,25943,31.95,9,3,Petrol,Manual,Ford,Mixed,First,24.14
4.74,125,1015,24133,67.13,2,5,Petrol,Automatic,Hyundai,Highway,Second,19.47
2.0,195,2140,6948,46.55,12,4,Petrol,Automatic,Toyota,Highway,Second,20.26
1.48,228,2051,11306,66.11,5,5,Diesel,Automatic,Toyota,Highway,Third,38.46
3.34,128,2296,13251,65.38,10,4,Diesel,Automatic,Toyota,City,Third,28.58
4.88,127,2307,13092,56.74,5,5,Petrol,Automatic,Honda,Highway,Third,13.0
2.51,209,1565,29908,68.87,2,2,Electric,Automatic,Toyota,Highway,Second,36.12
1.25,245,1470,17363,59.05,8,3,Electric,Manual,Honda,Mixed,Second,37.15
2.36,177,2110,19066,44.33,7,3,Diesel,Automatic,BMW,Highway,First,36.27
3.02,280,1310,21129,66.71,10,1,Electric,Manual,Ford,Highway,Third,33.54
1.65,143,2401,20776,59.46,2,2,Diesel,Manual,Hyundai,Mixed,Third,38.19
3.63,236,1714,5189,30.64,4,1,Petrol,Manual,Toyota,Highway,First,18.56
4.99,373,2281,16752,75.08,4,3,Petrol,Manual,Honda,Mixed,First,9.44
2.81,302,894,27392,57.28,14,1,Electric,Manual,Toyota,Mixed,First,33.24
2.42,396,1292,12482,73.43,13,4,Electric,Manual,Toyota,Mixed,Third,30.93
2.6,251,1564,21679,74.14,4,2,Electric,Automatic,Honda,Mixed,First,32.3
1.46,191,1821,29752,52.25,2,5,Petrol,Manual,Toyota,Mixed,Second,26.0
4.53,272,949,29552,55.38,4,4,Petrol,Manual,Hyundai,Mixed,Second,17.87
2.66,98,1846,5799,50.79,4,5,Electric,Manual,BMW,Mixed,Second,32.9
2.55,271,1555,28387,52.47,3,1,Electric,Automatic,Ford,Highway,First,34.99
3.64,162,2038,14934,74.76,3,3,Electric,Manual,Toyota,City,Third,27.72
2.77,398,1198,29790,69.41,1,4,Electric,Manual,Honda,Highway,Third,35.67
3.59,245,1209,24084,36.33,8,2,Diesel,Automatic,Hyundai,Mixed,First,32.95
1.25,399,930,13788,60.52,14,5,Electric,Automatic,Toyota,Mixed,First,34.62
4.25,280,1654,14909,79.8,6,4,Electric,Automatic,BMW,Highway,Third,27.44
4.76,253,947,17415,59.78,0,3,Diesel,Manual,BMW,City,Second,30.61
3.6,164,1180,15790,69.29,4,2,Diesel,Automatic,Honda,Highway,Second,36.02
4.82,342,1932,18846,68.45,1,2,Diesel,Automatic,Toyota,Highway,Third,28.1
1.61,206,1351,27257,47.52,9,5,Diesel,Automatic,Toyota,Highway,First,41.32
2.91,306,1944,9714,48.59,5,4,Electric,Manual,Toyota,City,Second,27.87
3.41,334,1094,27875,66.2,6,4,Petrol,Automatic,BMW,Mixed,Second,18.52
3.33,204,1943,29717,55.0,11,2,Petrol,Manual,Toyota,City,Second,16.27
2.61,213,1255,16408,58.53,1,1,Petrol,Manual,Toyota,Highway,First,25.13
2.35,88,2353,7839,65.65,10,2,Petrol,Automatic,Toyota,Highway,First,20.1
1.51,300,968,8513,68.88,5,3,Petrol,Manual,Toyota,City,Second,23.77
2.57,203,1509,18601,43.58,14,4,Petrol,Manual,Honda,City,First,18.79
1.65,183,1966,6135,37.34,12,5,Diesel,Manual,BMW,Mixed,Third,36.26
3.94,208,836,27741,44.59,2,4,Diesel,Automatic,Ford,Mixed,First,34.94
1.84,194,2084,16913,55.38,8,2,Petrol,Manual,Honda,City,Third,20.18
1.23,273,1030,15101,47.11,14,3,Electric,Automatic,Toyota,Mixed,Second,35.97
3.21,130,1053,23631,58.42,3,1,Electric,Manual,Ford,Highway,Second,37.14
3.38,319,1128,11548,32.67,2,4,Petrol,Automatic,Hyundai,City,Third,16.58
4.49,367,2120,9516,55.49,12,2,Electric,Manual,Ford,Mixed,Second,21.66
3.31,82,1779,9102,48.4,10,2,Diesel,Manual,Honda,Highway,Second,35.42
2.38,324,809,21217,56.73,2,2,Diesel,Automatic,BMW,City,Second,36.63
4.21,154,1245,22932,51.13,1,3,Electric,Manual,Honda,Mixed,First,31.28
3.16,89,1721,27916,44.21,11,2,Petrol,Automatic,BMW,Highway,First,21.15
1.32,119,1635,9511,75.21,8,2,Diesel,Automatic,BMW,City,Third,37.54
3.26,233,2053,24215,39.24,7,2,Electric,Manual,BMW,Mixed,Third,29.54
4.63,161,2359,19024,64.07,4,4,Electric,Automatic,Hyundai,Highway,First,25.86
2.59,157,877,16413,76.23,13,2,Diesel,Manual,Ford,Highway,Second,40.02
2.19,138,2248,21319,56.93,13,3,Diesel,Automatic,Honda,Highway,First,35.91
1.57,106,992,24446,73.82,12,4,Petrol,Automatic,Honda,Highway,Second,28.14
1.61,322,1200,17715,36.24,8,2,Electric,Automatic,BMW,City,Third,33.35
2.73,321,908,12975,54.69,12,1,Petrol,Manual,Hyundai,Highway,Third,22.39
3.38,209,1591,24436,52.85,1,3,Diesel,Manual,Hyundai,City,Third,33.7
1.32,237,1062,17621,30.41,5,1,Electric,Manual,Toyota,City,First,37.51
4.76,123,1128,15511,52.16,6,3,Diesel,Manual,Hyundai,Mixed,First,31.79
4.02,247,1162,28594,48.45,5,1,Diesel,Automatic,BMW,City,Second,31.11
3.35,366,2201,24923,63.49,14,2,Diesel,Manual,BMW,Highway,Third,30.92
4.31,370,2164,15558,76.92,2,1,Petrol,Manual,Ford,City,Second,10.84
1.32,175,1058,5526,34.29,9,1,Diesel,Automatic,BMW,City,Second,38.43
2.91,206,2158,24191,46.37,13,3,Petrol,Manual,Ford,Mixed,First,17.54
3.52,259,884,6753,52.2,9,2,Diesel,Manual,Hyundai,City,First,32.24
4.31,197,2345,19656,52.76,9,3,Diesel,Automatic,Toyota,Mixed,Second,26.62
4.13,116,2394,28266,68.74,8,2,Electric,Manual,Honda,City,Second,25.63
2.11,74,1107,15220,52.17,13,5,Diesel,Manual,BMW,Mixed,Second,39.66
4.76,326,1061,23038,31.36,14,4,Electric,Manual,Hyundai,City,First,24.25
1.5,369,1596,17741,65.51,11,4,Electric,Manual,BMW,Highway,Second,35.9
4.5,219,1430,9841,74.24,7,3,Petrol,Manual,Ford,City,First,13.28
4.88,363,1479,9041,55.7,14,2,Electric,Automatic,Hyundai,Mixed,Third,21.11
1.71,312,1664,26408,59.06,7,1,Electric,Manual,Honda,Mixed,Third,35.12
3.89,344,2275,13965,38.15,7,4,Diesel,Manual,Ford,Highway,Second,29.58
1.16,277,2074,19418,41.03,8,3,Diesel,Manual,Hyundai,Highway,First,40.08
2.62,184,1123,9417,41.76,0,3,Petrol,Manual,Honda,Mixed,Third,23.55
3.07,264,1724,13977,51.54,7,3,Electric,Manual,Ford,Highway,First,32.11
3.32,239,2052,26019,76.41,1,2,Electric,Manual,Honda,City,First,29.01
4.74,151,2459,19587,56.09,3,3,Petrol,Manual,Hyundai,City,Third,11.21
3.69,223,2419,24267,39.6,0,5,Diesel,Manual,Ford,Highway,Second,33.28
2.93,210,2120,27268,43.3,11,1,Electric,Automatic,Toyota,City,Second,27.46
4.24,383,1526,5448,49.2,5,3,Petrol,Manual,BMW,City,Third,11.83
4.8,215,2060,24694,61.16,9,2,Diesel,Manual,Toyota,Highway,First,29.47
1.09,392,1777,9585,52.0,0,1,Petrol,Manual,Honda,Mixed,Second,23.66
4.93,191,2448,17751,49.62,11,1,Petrol,Automatic,Hyundai,City,First,8.0
1.34,321,1016,13108,58.24,4,4,Electric,Manual,BMW,Highway,Third,39.93
4.26,380,2069,25793,42.09,14,3,Diesel,Automatic,Hyundai,Mixed,Second,25.17
2.12,158,1247,20534,33.95,8,3,Electric,Manual,Honda,City,Second,34.95
1.53,127,1118,29257,31.22,0,2,Electric,Manual,Hyundai,City,Second,39.84
2.76,132,1793,16443,42.56,8,5,Diesel,Manual,Ford,Highway,Third,37.48
3.58,377,2255,27435,34.58,3,5,Diesel,Manual,Ford,City,Third,28.57
2.52,349,2227,29960,46.82,2,4,Diesel,Automatic,Honda,Mixed,Third,33.08
1.22,141,836,5294,68.65,7,5,Electric,Automatic,Hyundai,Highway,First,40.77
3.4,78,2399,6238,65.81,5,2,Diesel,Manual,Honda,Highway,First,33.67
4.61,163,1530,20321,60.55,6,4,Diesel,Manual,BMW,Highway,First,32.75
2.53,221,2165,21074,72.63,8,3,Diesel,Manual,Hyundai,Highway,Second,36.21
1.87,109,1810,18049,44.1,4,5,Petrol,Manual,Ford,Mixed,Second,24.39
2.77,131,2212,29425,74.25,12,2,Diesel,Automatic,Toyota,Mixed,Second,33.09
1.19,323,1857,7816,49.96,1,2,Electric,Manual,Ford,Mixed,Third,35.58
4.28,138,838,6098,50.04,2,3,Petrol,Automatic,Hyundai,Mixed,Third,17.95
4.31,314,2402,19679,50.27,2,2,Electric,Automatic,Hyundai,Mixed,Second,23.3
3.35,239,1008,6737,34.9,3,4,Petrol,Automatic,Hyundai,Mixed,Third,19.0
2.41,247,1629,23573,78.77,9,4,Diesel,Manual,Hyundai,Highway,First,38.18
4.2,258,1655,7765,36.93,6,1,Petrol,Manual,BMW,Highway,First,16.5
3.22,329,1975,22606,47.04,11,3,Electric,Automatic,Toyota,Highway,Third,28.73
4.3,141,1698,19230,45.97,9,2,Petrol,Automatic,Ford,Mixed,First,14.59
3.53,86,2188,16434,33.73,5,5,Diesel,Automatic,BMW,Highway,First,33.51
4.14,126,2022,27933,37.61,2,4,Diesel,Manual,Honda,Mixed,First,32.34
3.39,287,1400,17091,32.24,14,3,Electric,Manual,Hyundai,Highway,Second,30.92
2.66,176,1559,5410,44.62,13,3,Petrol,Automatic,Ford,Mixed,Third,18.11
4.83,373,1902,24329,73.33,6,4,Electric,Manual,Honda,Mixed,Third,23.55
3.16,242,2300,29486,46.97,3,1,Electric,Manual,Toyota,Mixed,Second,30.05
3.42,288,1233,9786,36.18,9,3,Electric,Manual,Ford,City,First,28.24
1.88,316,1641,14069,62.28,10,2,Diesel,Automatic,BMW,City,Second,33.34
3.5,287,831,22170,79.83,10,5,Petrol,Manual,Honda,Mixed,First,19.73
3.29,100,1910,23493,41.62,7,5,Diesel,Manual,Ford,Highway,Second,36.49
1.74,116,2374,26830,43.98,14,4,Diesel,Automatic,BMW,Mixed,First,35.45
1.24,203,1192,10835,78.59,6,3,Diesel,Automatic,Hyundai,Mixed,Second,40.33
3.42,177,2436,6986,38.94,6,5,Petrol,Manual,Ford,City,Second,13.67
4.05,141,2067,13126,55.56,8,3,Diesel,Automatic,Hyundai,Mixed,First,28.78
3.09,396,2055,14070,41.98,7,4,Diesel,Automatic,Honda,City,First,27.6
1.91,177,1709,12300,76.62,11,1,Diesel,Manual,Honda,Highway,Third,39.09
3.67,378,2403,27093,79.08,0,5,Petrol,Automatic,Honda,Highway,Third,15.56
1.32,341,991,20548,70.73,6,2,Petrol,Automatic,Hyundai,Highway,Second,26.88
2.77,240,2363,7403,45.74,14,4,Electric,Manual,Hyundai,Mixed,Second,27.34
1.65,185,1069,13262,50.17,2,1,Diesel,Manual,BMW,City,Third,40.26
1.74,398,1537,15502,42.12,11,2,Diesel,Manual,Ford,Mixed,Third,35.81
1.81,143,876,25785,74.54,3,2,Petrol,Automatic,BMW,Highway,First,29.09
2.55,325,1534,11701,75.73,5,5,Petrol,Manual,Hyundai,Mixed,Third,19.9
1.2,150,1683,8295,50.94,4,3,Diesel,Automatic,Ford,City,Second,38.02
2.59,337,1990,20687,62.83,7,4,Electric,Manual,Honda,City,Third,28.87
3.05,197,1083,17875,38.28,1,2,Electric,Manual,BMW,Highway,Third,36.63
2.93,395,1912,7121,51.75,4,5,Diesel,Automatic,BMW,Highway,Third,32.14
2.53,304,1343,8582,61.57,4,1,Electric,Automatic,BMW,Highway,Third,33.63
4.36,110,1448,19477,49.27,14,2,Electric,Manual,Hyundai,Mixed,Second,27.95
1.58,250,1979,25581,47.88,2,1,Diesel,Automatic,Ford,City,Third,36.31
3.02,226,1049,14821,30.05,13,4,Electric,Manual,Honda,Mixed,Third,32.07
1.25,128,894,10700,70.21,9,5,Petrol,Automatic,Hyundai,Highway,Second,28.67
1.28,318,816,12232,74.47,14,1,Diesel,Manual,Honda,City,Third,38.5
3.3,261,916,9288,78.47,14,3,Petrol,Manual,Toyota,Highway,Second,20.63
3.26,93,1782,6085,65.96,12,1,Diesel,Automatic,Toyota,City,Third,30.12
4.51,149,1132,20891,57.44,4,1,Petrol,Manual,Honda,City,Third,16.56
3.23,203,2345,20600,43.46,3,5,Electric,Manual,Toyota,Highway,Third,31.38
4.84,282,1903,13645,79.96,10,5,Petrol,Automatic,Ford,City,First,8.3
1.19,235,1445,24005,59.49,4,2,Petrol,Automatic,Ford,City,Third,24.12
1.39,140,2255,13810,64.06,9,1,Petrol,Manual,Hyundai,Highway,Second,24.73
1.18,283,2026,13828,64.12,8,1,Petrol,Automatic,Honda,City,First,19.98
1.74,134,915,23732,72.26,6,5,Petrol,Manual,Hyundai,Highway,Third,29.78
3.17,290,1762,9874,30.48,0,3,Diesel,Manual,Ford,Mixed,Second,33.29
3.58,377,2043,18767,41.01,2,5,Petrol,Automatic,Ford,Mixed,Third,14.08
1.18,355,2076,24420,63.28,8,3,Petrol,Manual,Ford,Highway,Second,24.51
4.78,254,1992,15913,74.76,3,5,Diesel,Manual,BMW,City,Third,26.18
4.37,276,1646,21215,64.27,3,4,Diesel,Manual,Toyota,Mixed,Second,30.37
2.19,168,1115,23733,50.67,9,1,Electric,Manual,Hyundai,Highway,Second,38.67
1.31,311,1609,19332,48.08,5,3,Petrol,Manual,Hyundai,Highway,First,26.36
1.68,227,1171,27127,66.9,2,4,Petrol,Automatic,Ford,City,First,24.24
1.51,167,1559,9432,67.06,2,3,Electric,Automatic,BMW,City,Second,34.72
1.49,111,1676,27559,60.35,14,2,Petrol,Manual,Hyundai,City,Second,23.54
3.07,208,1776,12265,44.57,8,2,Electric,Automatic,Hyundai,Highway,First,31.09
1.98,352,2406,11103,76.26,12,1,Diesel,Automatic,BMW,Mixed,Second,30.82
2.43,296,955,16012,57.59,4,4,Petrol,Automatic,Ford,Highway,Third,23.99
4.96,141,1413,28742,69.52,13,4,Petrol,Automatic,BMW,City,Third,12.03
3.74,312,1836,20900,40.72,6,2,Diesel,Manual,Toyota,City,Second,29.23
4.8,87,1307,7031,47.2,4,1,Petrol,Automatic,Hyundai,Highway,Second,16.96
1.57,146,1264,22633,73.73,5,2,Diesel,Automatic,Toyota,City,First,39.33
2.53,114,1582,28192,32.51,7,4,Diesel,Automatic,Hyundai,City,First,35.61
3.22,209,1603,24940,55.62,14,3,Electric,Automatic,Toyota,Highway,Second,31.14
1.31,246,1019,13519,54.09,7,4,Diesel,Automatic,Hyundai,Mixed,Third,40.22
1.02,291,814,13988,67.56,1,1,Electric,Automatic,Ford,City,First,37.95
3.68,161,916,10299,44.09,10,4,Diesel,Manual,Honda,Mixed,Third,34.41
3.57,91,1130,17952,40.95,8,5,Electric,Automatic,BMW,Mixed,Third,31.62
2.64,241,855,8094,76.31,9,4,Electric,Automatic,Hyundai,Mixed,Third,32.82
2.96,161,2174,7977,58.59,11,5,Electric,Automatic,BMW,Mixed,Third,27.74
2.66,261,1955,22346,35.23,11,2,Electric,Automatic,Hyundai,City,First,27.9
1.1,146,2049,10725,39.65,11,5,Petrol,Manual,Honda,City,Second,22.23
2.34,350,1107,26873,79.94,13,4,Diesel,Manual,Ford,Highway,Second,38.54
1.71,248,2298,6268,39.78,5,4,Diesel,Automatic,Ford,City,First,32.73
1.39,307,1021,21161,60.52,6,4,Diesel,Automatic,BMW,Highway,Third,42.02
4.83,204,1996,26663,51.01,2,1,Diesel,Automatic,Honda,Mixed,Second,27.97
3.4,349,2163,21756,74.28,3,2,Electric,Automatic,BMW,Highway,Second,28.64
3.91,88,1596,25764,67.76,5,5,Petrol,Manual,Ford,Highway,Second,21.29
2.26,152,2329,12617,59.85,6,3,Diesel,Automatic,Toyota,City,Third,32.28
2.57,297,1980,20032,30.54,5,5,Diesel,Manual,BMW,Highway,Second,36.24
1.95,334,950,17934,73.99,4,4,Diesel,Manual,Hyundai,Mixed,First,39.43
1.39,181,2001,16885,52.23,13,3,Electric,Automatic,Ford,City,Second,31.97
1.72,320,2356,14796,76.58,11,3,Diesel,Automatic,Hyundai,City,Second,31.19
4.19,233,911,11279,54.78,1,5,Diesel,Manual,Honda,City,First,32.14
3.71,237,1482,5095,64.71,11,5,Petrol,Automatic,Ford,Mixed,Third,14.62
3.19,290,1961,20478,33.46,14,5,Electric,Manual,Ford,Highway,Second,29.81
2.9,373,2056,25753,67.26,14,5,Petrol,Automatic,BMW,City,Third,13.17
4.69,260,1131,25325,46.9,6,2,Diesel,Automatic,BMW,Highway,Third,31.95
1.29,394,2365,12021,47.57,4,1,Electric,Automatic,Hyundai,Mixed,Third,31.19
2.12,239,1692,20185,35.93,11,1,Diesel,Automatic,BMW,Mixed,Second,35.13
2.4,114,2130,25328,37.34,8,5,Diesel,Manual,Toyota,Mixed,Second,36.37
4.13,83,960,10868,39.29,12,1,Electric,Automatic,Ford,City,First,27.71
4.97,300,2225,18071,46.41,10,5,Petrol,Automatic,Honda,City,Third,8.0
1.96,226,2413,26780,74.6,3,5,Electric,Automatic,Ford,Highway,First,34.29
4.5,203,1077,13041,48.41,13,5,Electric,Manual,Hyundai,Highway,Second,29.37
4.32,106,2143,21515,66.22,9,2,Petrol,Automatic,BMW,City,Second,12.07
1.9,122,2356,16307,34.14,11,4,Electric,Manual,Ford,Mixed,First,32.8
2.6,87,1696,12290,59.55,1,1,Petrol,Manual,BMW,Mixed,First,22.81
2.64,107,1296,20495,54.09,6,1,Petrol,Automatic,Hyundai,City,Third,20.87
4.91,256,2186,11516,78.9,6,2,Electric,Manual,BMW,Highway,Second,24.66
1.72,265,2195,14341,72.31,0,2,Electric,Automatic,Honda,Mixed,Third,32.88
4.2,312,1454,16702,52.74,10,5,Petrol,Automatic,Hyundai,City,Third,11.83
2.34,369,1859,27290,68.76,13,5,Petrol,Automatic,Ford,Highway,Second,19.49
3.92,372,1102,5807,39.65,12,4,Petrol,Manual,Ford,Highway,Second,16.72
2.68,104,1237,18031,58.12,4,1,Petrol,Manual,Honda,Mixed,Third,23.88
3.31,284,1525,21434,33.73,2,2,Petrol,Manual,Toyota,Mixed,First,19.3
4.33,288,1855,16400,47.4,8,4,Electric,Automatic,BMW,Mixed,Second,24.11
4.22,385,985,26661,41.29,8,1,Diesel,Automatic,Ford,Mixed,Third,30.23
4.47,159,1997,21439,65.95,6,4,Electric,Manual,Honda,Highway,First,28.7
1.24,377,2389,8664,54.5,11,4,Diesel,Manual,BMW,City,Third,32.65
3.77,321,1472,5743,67.55,8,5,Petrol,Automatic,Hyundai,Highway,Second,16.05
1.56,77,2073,11030,55.76,11,4,Electric,Manual,Honda,Mixed,First,35.01
2.66,325,1800,29515,34.32,1,5,Diesel,Automatic,Hyundai,City,First,33.08
3.19,277,1078,19661,66.77,10,1,Petrol,Automatic,Hyundai,Highway,First,20.54
2.61,200,1482,19975,71.66,9,1,Electric,Manual,Hyundai,City,Second,31.83
3.08,293,1825,5079,75.18,7,5,Diesel,Automatic,BMW,Highway,Second,32.5
4.99,266,2017,19809,58.6,9,3,Electric,Automatic,Toyota,City,Third,20.29
1.54,211,1989,17132,67.68,9,4,Diesel,Manual,Hyundai,Highway,Third,39.61
3.7,321,1810,7966,67.6,9,1,Electric,Manual,Ford,Highway,Second,28.27
2.58,165,1724,20534,37.79,12,4,Electric,Manual,BMW,Mixed,Third,32.47
1.53,95,1933,8728,38.21,0,3,Diesel,Automatic,BMW,Highway,First,41.03
1.63,180,1179,9536,33.54,2,4,Electric,Automatic,Hyundai,Mixed,Second,37.02
4.8,192,1634,21509,46.0,7,3,Electric,Manual,Ford,Highway,Second,28.34
4.52,255,1798,10813,53.68,10,2,Petrol,Automatic,Honda,City,Third,9.81
4.63,237,2406,29794,79.89,7,3,Diesel,Manual,BMW,City,Second,25.81
4.97,120,2499,5947,51.55,13,1,Electric,Automatic,Hyundai,Mixed,First,20.1
1.83,74,1084,17565,66.31,9,5,Diesel,Automatic,Hyundai,Highway,Second,42.34
2.42,146,1220,20844,64.67,7,5,Electric,Automatic,Toyota,Mixed,First,34.73
3.68,229,912,5594,40.22,10,4,Diesel,Automatic,Toyota,City,Second,30.54
2.94,277,1817,26414,32.93,14,2,Diesel,Automatic,Honda,Highway,Second,33.56
2.67,326,1027,21524,57.3,11,4,Petrol,Manual,Honda,Mixed,Second,20.99
2.43,274,2294,24439,65.02,10,3,Petrol,Manual,Honda,City,Third,16.84
3.38,324,1327,19017,79.91,6,5,Diesel,Automatic,Honda,City,Third,30.67
3.3,80,1295,9205,47.93,1,3,Electric,Manual,Hyundai,Highway,First,35.8
1.65,77,830,26555,74.82,2,5,Diesel,Manual,Hyundai,Highway,Third,47.0
2.89,101,961,12782,49.1,8,5,Electric,Automatic,Hyundai,Highway,Second,35.86
3.21,97,1504,7660,64.47,1,5,Diesel,Automatic,Ford,Mixed,Third,34.84
3.28,275,1521,21013,59.91,12,1,Petrol,Automatic,Honda,Mixed,Third,16.46
1.84,297,2201,11856,32.65,6,3,Petrol,Manual,Ford,Highway,First,22.0
3.97,197,1245,11089,33.92,0,4,Electric,Manual,BMW,Highway,Second,32.77
1.1,324,1543,10318,31.04,2,2,Diesel,Manual,BMW,Highway,First,41.98
2.42,281,1226,20405,48.54,12,4,Electric,Automatic,Hyundai,City,Third,30.64
4.12,308,1303,23936,67.29,13,3,Petrol,Automatic,BMW,Highway,Second,16.24
3.26,276,2350,24995,38.64,0,2,Diesel,Automatic,Hyundai,Mixed,First,31.14
2.04,387,1520,13062,60.29,5,4,Petrol,Automatic,Honda,City,First,18.25
3.78,352,1483,22424,44.44,3,2,Petrol,Automatic,Ford,Highway,Second,17.84
3.27,314,2355,13506,69.85,0,3,Diesel,Manual,Hyundai,Mixed,First,30.88
4.18,114,1381,28987,69.92,4,5,Electric,Manual,Toyota,City,First,29.84
3.94,174,2343,16651,68.77,13,3,Diesel,Manual,Toyota,City,First,26.86
3.44,350,1857,25556,56.24,3,1,Petrol,Automatic,Honda,Mixed,Third,15.89
2.95,303,1535,24330,44.23,13,2,Petrol,Automatic,Ford,Mixed,First,17.25
1.53,258,1490,20730,70.47,10,3,Petrol,Manual,Hyundai,City,Third,22.44
2.05,113,1557,8236,39.31,9,5,Petrol,Manual,Honda,Mixed,First,22.98
2.68,294,2313,8680,44.49,13,5,Electric,Automatic,Ford,City,First,24.74
3.4,211,2443,20383,39.2,10,3,Diesel,Manual,Toyota,City,First,28.6
3.05,205,1553,26191,63.71,9,4,Diesel,Automatic,Hyundai,City,First,32.42
2.15,245,2246,16298,64.31,1,3,Electric,Manual,Ford,City,Second,31.22
1.03,211,2291,22921,62.63,12,5,Electric,Manual,BMW,Highway,Third,37.12
2.98,149,823,8872,50.78,6,3,Petrol,Manual,Hyundai,Mixed,Second,22.74
2.14,151,2039,6867,35.01,11,1,Diesel,Manual,BMW,Highway,Second,37.06
3.94,204,854,20820,75.56,14,4,Diesel,Automatic,Honda,Highway,Second,34.16
1.1,276,1849,22545,55.39,7,3,Diesel,Automatic,Ford,Highway,Second,40.35
3.34,246,2104,8920,50.35,3,5,Electric,Automatic,Ford,Highway,First,29.26
4.77,312,1603,10693,59.44,8,3,Petrol,Manual,Ford,City,First,10.57
1.7,124,1126,25266,39.64,2,3,Petrol,Automatic,Ford,City,Second,25.43
2.89,210,1769,15948,36.63,12,2,Diesel,Manual,Hyundai,City,Second,31.93
1.37,125,985,29122,50.28,5,3,Petrol,Automatic,BMW,City,Third,26.73
3.5,84,1294,13456,41.36,10,1,Electric,Manual,BMW,Highway,Second,33.83
3.2,254,1835,11331,42.21,13,5,Electric,Automatic,Honda,City,First,25.44
2.63,383,2464,26566,74.63,14,2,Diesel,Automatic,Honda,Highway,Third,31.02
3.09,157,1233,18107,56.54,13,3,Petrol,Manual,Ford,City,Second,18.8
4.59,166,1007,14494,54.17,6,4,Electric,Automatic,Toyota,Mixed,Third,27.95
1.79,213,932,18853,64.47,6,1,Electric,Manual,Toyota,Mixed,Second,38.18
1.09,77,2162,14386,77.58,5,1,Electric,Manual,Ford,Mixed,Third,37.55
4.45,284,2019,22910,35.61,8,1,Electric,Manual,BMW,Mixed,Third,24.96
3.31,242,2085,13131,71.68,14,2,Petrol,Automatic,Honda,City,First,12.29
4.56,292,2105,16796,59.2,0,3,Electric,Automatic,Hyundai,Mixed,Third,23.96
3.39,109,1168,25778,37.31,12,1,Electric,Automatic,Toyota,Mixed,Second,31.76
4.24,251,1926,6158,44.86,8,3,Petrol,Automatic,Honda,Highway,Third,13.81
2.72,339,2455,25751,54.12,12,4,Diesel,Automatic,Toyota,Mixed,Second,29.61
4.0,256,2006,26014,64.56,8,3,Diesel,Manual,BMW,City,Second,28.53
4.65,314,1222,24897,42.13,3,3,Electric,Automatic,BMW,Highway,First,28.63
3.29,378,1832,22528,56.74,12,3,Diesel,Automatic,Ford,City,Third,27.74
1.72,300,2380,5068,64.23,11,5,Petrol,Automatic,Ford,Highway,First,19.09
2.08,224,1043,8717,52.44,14,2,Electric,Manual,Toyota,City,Second,32.96
1.79,244,1581,20218,73.15,11,3,Petrol,Manual,Toyota,Mixed,Third,22.72
1.99,184,1423,16200,73.47,4,1,Diesel,Manual,Honda,Highway,Third,41.32
2.23,380,1366,20855,53.53,2,5,Diesel,Manual,Ford,Mixed,Second,37.12
3.22,369,2216,14361,78.65,6,3,Electric,Automatic,BMW,City,First,24.12
3.35,87,1326,20692,33.78,14,5,Diesel,Manual,Honda,City,First,33.5
2.71,341,836,16526,30.17,1,2,Electric,Automatic,Honda,Highway,Third,35.55
3.46,81,977,15207,49.03,7,5,Electric,Automatic,Hyundai,City,First,31.09
1.33,370,1438,14231,60.05,8,1,Petrol,Automatic,BMW,City,Third,20.57
1.35,261,2452,20063,61.46,5,3,Diesel,Manual,Honda,Highway,First,38.92
1.69,301,1651,9723,53.82,8,1,Diesel,Automatic,Hyundai,Mixed,Second,35.64
3.07,162,871,9213,36.24,5,4,Electric,Manual,Ford,Highway,Second,36.34
1.86,287,1151,27797,38.52,2,5,Electric,Manual,BMW,City,Second,36.27
2.13,347,1422,8466,72.61,9,5,Electric,Manual,Ford,City,Third,30.91
2.6,372,1972,24410,73.4,2,5,Electric,Manual,Hyundai,Highway,Third,33.22
4.25,98,904,28382,63.69,1,2,Petrol,Manual,BMW,Highway,Second,23.47
1.06,370,2482,17449,63.21,4,1,Diesel,Manual,Toyota,Mixed,Second,36.42
3.6,146,1020,7747,59.88,12,4,Petrol,Manual,Toyota,City,First,17.41
3.68,78,1662,28655,40.15,13,2,Diesel,Automatic,Toyota,City,Second,31.02
4.19,93,2197,17454,51.41,3,2,Petrol,Manual,Honda,Mixed,Second,15.89
4.73,84,1317,17587,64.79,11,3,Electric,Automatic,Toyota,Highway,Second,28.73
1.08,233,2083,27555,56.86,5,4,Petrol,Manual,Honda,Highway,Third,27.09
1.62,82,1098,25239,30.93,4,5,Petrol,Automatic,Honda,Mixed,Third,27.42
4.54,241,1660,21383,77.68,5,5,Electric,Automatic,Hyundai,Highway,Second,27.66
2.83,396,841,7203,72.24,3,3,Electric,Automatic,Toyota,Mixed,First,31.41
3.26,269,1570,18635,43.03,13,5,Diesel,Automatic,BMW,Highway,First,33.07
3.65,145,1696,24803,60.82,12,1,Diesel,Manual,Honda,Highway,Second,34.75
3.72,233,1291,6144,76.16,2,5,Petrol,Automatic,Hyundai,Highway,Third,19.02
4.73,130,2262,24083,34.8,0,1,Petrol,Manual,Honda,Mixed,Second,14.61
4.99,314,1870,17213,55.15,4,3,Petrol,Manual,BMW,Mixed,First,11.63
3.88,224,884,21944,52.81,5,3,Electric,Manual,BMW,Mixed,Third,31.95
2.15,326,1881,6187,50.51,4,1,Diesel,Automatic,Toyota,City,Third,32.01
4.52,313,1790,8133,71.78,4,5,Petrol,Manual,Honda,City,Third,11.22
1.2,231,1510,8411,49.03,11,3,Diesel,Automatic,BMW,Mixed,Second,37.9
1.92,137,1008,6689,33.18,5,3,Diesel,Manual,Ford,City,Second,39.15
4.59,346,2071,9407,33.29,3,1,Electric,Automatic,BMW,City,Second,20.7
2.02,230,2034,7423,32.14,13,3,Electric,Manual,BMW,Highway,First,33.2
1.88,328,838,22753,50.46,11,5,Petrol,Automatic,Honda,Highway,Third,25.07
1.55,376,2075,27391,65.92,3,3,Petrol,Automatic,BMW,Highway,Third,23.03
4.44,164,2466,11728,40.19,10,1,Petrol,Manual,Hyundai,City,First,10.08
3.0,315,1725,5976,62.32,12,5,Petrol,Manual,BMW,City,First,14.68
3.7,290,1561,25656,64.35,7,4,Petrol,Automatic,Ford,Mixed,Third,16.1
1.96,192,2236,27881,42.76,10,1,Diesel,Automatic,BMW,City,Third,33.63
4.03,256,1745,17801,60.03,7,4,Diesel,Automatic,Toyota,City,First,27.65
4.04,331,2269,15548,64.24,11,3,Electric,Automatic,Honda,Mixed,Second,22.49
2.25,342,851,5118,53.33,2,5,Electric,Automatic,Ford,Mixed,Second,33.89
2.64,129,1173,6542,46.84,6,3,Diesel,Automatic,Hyundai,Mixed,Second,36.44
1.84,194,2349,26246,60.96,14,5,Electric,Manual,BMW,Highway,First,34.42
4.91,120,1730,24427,78.89,4,2,Electric,Manual,BMW,Mixed,Third,27.32
3.58,247,955,5972,51.34,4,3,Petrol,Automatic,Hyundai,Highway,First,20.1
4.74,208,2365,5915,49.59,11,3,Electric,Manual,BMW,City,Second,20.32
2.21,396,1913,11621,53.21,12,3,Electric,Automatic,Toyota,City,Second,26.81
4.13,239,1478,21970,33.81,2,1,Electric,Manual,Ford,Highway,Second,31.42
4.06,108,1150,29926,57.66,1,5,Diesel,Automatic,BMW,Highway,First,37.0
3.77,138,868,27009,46.43,12,5,Diesel,Automatic,Hyundai,Highway,First,36.34
4.86,305,1986,19530,36.07,2,5,Petrol,Manual,Hyundai,City,Second,10.8
2.57,117,2065,12354,53.31,14,1,Electric,Manual,Ford,City,Second,29.37
1.52,126,2318,18761,30.17,6,5,Diesel,Manual,Toyota,Mixed,Third,38.21
3.69,346,2206,9591,50.09,2,3,Petrol,Automatic,Ford,Mixed,First,12.81
3.92,168,1875,23946,35.29,14,4,Electric,Manual,BMW,City,Third,26.06
3.3,84,1453,28223,31.21,10,2,Petrol,Automatic,Toyota,Mixed,Second,19.9
1.83,394,862,13464,71.22,12,5,Petrol,Manual,Toyota,Mixed,Second,22.59
3.02,248,1308,24311,75.81,1,1,Electric,Manual,Hyundai,Highway,Second,35.87
2.25,131,1091,27579,40.38,3,1,Diesel,Manual,Toyota,City,Third,39.9
2.71,188,1914,17550,56.96,11,5,Electric,Automatic,BMW,Highway,First,31.87
3.58,106,2487,27660,43.9,4,4,Electric,Automatic,BMW,City,First,26.65
3.98,203,2247,19351,54.68,12,5,Electric,Manual,BMW,City,Third,24.09
1.93,95,2492,9290,51.83,6,1,Diesel,Automatic,Honda,Highway,First,36.72
2.62,77,1620,27266,43.45,0,2,Electric,Automatic,Toyota,City,Third,33.83
2.08,73,2188,11446,65.02,13,4,Diesel,Manual,Toyota,Highway,Third,37.66
1.79,90,949,26551,36.32,7,5,Petrol,Manual,BMW,Highway,First,30.06
4.13,218,2094,18432,32.65,9,2,Diesel,Manual,Hyundai,City,First,27.46
4.64,94,1680,6522,68.38,2,5,Petrol,Manual,Toyota,City,Third,14.08
2.48,212,2404,5561,63.3,13,4,Petrol,Automatic,Honda,Highway,First,17.28
4.01,314,1939,8540,54.93,10,1,Electric,Manual,Toyota,Mixed,First,24.76
4.59,112,1503,17328,53.39,5,4,Diesel,Automatic,Ford,Mixed,Third,30.27
4.38,362,1315,6479,54.87,3,3,Petrol,Manual,Honda,City,Second,12.81
1.73,254,2410,11677,51.85,13,5,Petrol,Manual,Hyundai,City,Third,17.34
4.83,111,2064,22589,49.64,4,2,Diesel,Manual,Honda,Mixed,First,29.36
2.51,161,829,28044,54.98,9,2,Diesel,Manual,Honda,City,Second,38.57
2.36,386,1966,13848,56.43,11,4,Petrol,Manual,Toyota,City,First,15.83
1.25,393,1125,21973,64.6,14,4,Petrol,Manual,Honda,Mixed,Third,23.87
2.94,122,1748,25710,65.56,5,4,Diesel,Automatic,BMW,City,Third,33.77
1.44,153,815,26288,48.88,1,2,Diesel,Automatic,Honda,Mixed,Third,43.77
1.99,103,910,17766,50.68,12,1,Petrol,Automatic,Toyota,Mixed,Second,24.57
2.27,145,1671,18520,48.68,14,2,Electric,Automatic,BMW,Mixed,First,32.18
4.24,266,1512,16943,56.83,2,1,Diesel,Automatic,Hyundai,City,Second,28.52
4.5,355,906,27805,52.67,14,4,Petrol,Automatic,Ford,Highway,Third,15.96
2.21,157,1178,25143,74.48,7,3,Petrol,Automatic,Honda,Highway,First,25.78
4.43,304,961,15292,64.82,7,2,Electric,Manual,BMW,Highway,Third,30.08
4.43,301,1082,15076,74.93,0,4,Diesel,Automatic,BMW,City,First,29.24
4.06,76,1068,21017,65.46,9,2,Petrol,Manual,Hyundai,City,Second,18.19
1.59,361,1283,13655,78.55,7,4,Electric,Automatic,Hyundai,City,Second,32.52
3.76,107,1466,13945,61.79,10,2,Diesel,Automatic,Ford,City,Second,30.46
4.78,121,1896,27320,78.18,1,5,Electric,Manual,Ford,Highway,Second,29.92
3.73,212,2020,13774,37.91,9,2,Petrol,Manual,Toyota,Mixed,First,15.19
2.33,290,2066,7205,32.62,9,5,Electric,Manual,Ford,City,First,28.59
3.0,309,1397,25498,58.96,12,1,Petrol,Manual,Ford,City,Second,17.48
3.58,212,1598,17342,79.17,7,2,Petrol,Manual,BMW,City,Second,16.3
3.04,118,2082,9027,50.88,11,1,Electric,Automatic,Honda,Mixed,First,28.4
1.48,346,1597,21327,40.6,9,3,Electric,Manual,Honda,Highway,Third,36.89
2.25,340,1972,26200,56.08,4,5,Petrol,Manual,Ford,City,Second,18.98
4.21,83,1189,12188,62.44,0,2,Electric,Manual,Toyota,Highway,First,33.64
4.45,367,1215,7808,45.76,7,1,Diesel,Automatic,Toyota,City,Second,26.05
1.55,84,1225,18851,65.74,11,4,Diesel,Manual,Honda,Highway,First,43.57
4.81,303,1796,20354,78.76,4,1,Electric,Manual,Hyundai,City,Second,23.36
2.32,132,2040,20058,74.85,14,2,Electric,Manual,BMW,Highway,Second,34.17
3.65,265,1666,19620,44.58,0,3,Diesel,Automatic,Ford,City,Third,30.45
4.01,96,885,24987,46.34,14,5,Petrol,Manual,BMW,City,Third,18.19
4.25,162,2039,8913,48.58,3,4,Petrol,Automatic,Ford,Highway,Third,15.59
4.78,174,1222,22803,49.73,12,1,Diesel,Automatic,Ford,Highway,Third,31.09
2.25,378,2143,7167,35.02,0,2,Petrol,Manual,Honda,Mixed,Second,18.65
4.43,121,917,7144,68.1,12,2,Electric,Automatic,BMW,Mixed,Second,27.67
1.53,388,1758,7167,48.27,8,5,Electric,Automatic,BMW,Mixed,Third,31.53
3.82,250,1681,14752,73.99,9,4,Diesel,Automatic,Hyundai,Mixed,Third,29.53
3.97,126,1791,14368,76.35,1,1,Diesel,Automatic,Hyundai,Highway,Second,33.57
3.71,189,1214,27275,31.22,7,1,Diesel,Automatic,BMW,Mixed,First,33.64
2.01,377,1398,27920,79.43,3,1,Diesel,Automatic,Hyundai,City,Third,35.46
4.49,112,839,22550,65.5,8,5,Petrol,Manual,Hyundai,Highway,First,21.02
1.68,204,1984,8575,56.02,1,5,Petrol,Automatic,Ford,City,Second,20.34
1.21,329,1502,24225,49.48,11,4,Petrol,Automatic,Honda,Mixed,First,22.99
3.87,266,1336,23254,55.93,2,1,Electric,Manual,Ford,Mixed,Third,30.56
2.9,202,1219,24270,46.23,1,1,Electric,Automatic,Hyundai,Mixed,Third,33.92
4.4,324,1463,21543,61.13,9,4,Diesel,Manual,Ford,Highway,Third,31.28
2.53,289,894,12243,34.65,13,4,Diesel,Manual,Ford,City,Third,34.72
1.67,110,2265,25147,61.06,4,4,Petrol,Automatic,Toyota,City,Third,21.3
4.35,324,2381,17926,43.77,10,2,Petrol,Automatic,Ford,Highway,Second,11.54
3.2,71,1772,6055,30.88,0,4,Petrol,Automatic,Ford,Mixed,First,19.3
1.76,264,1449,21717,57.64,11,3,Diesel,Manual,Honda,Mixed,Second,38.17
3.88,311,2289,24980,58.92,2,5,Petrol,Automatic,BMW,Highway,Second,15.56
3.04,218,1087,28991,51.33,0,4,Diesel,Manual,Toyota,City,Second,37.0
3.42,267,2499,14083,33.61,9,2,Diesel,Automatic,Toyota,City,First,26.16
2.84,368,1211,6362,74.67,14,3,Electric,Automatic,Toyota,City,First,26.83
4.31,314,1199,5925,60.57,13,2,Electric,Automatic,Toyota,City,Second,22.95
4.32,177,1327,26903,35.79,7,2,Diesel,Manual,Honda,Mixed,First,32.59
3.84,281,1841,23827,55.55,14,2,Petrol,Manual,BMW,Mixed,Second,14.55
1.42,225,935,21321,54.86,11,2,Diesel,Automatic,Honda,Highway,Second,42.31
4.36,95,2287,15769,33.02,3,1,Diesel,Manual,Toyota,Highway,Third,31.9
3.68,151,1558,8980,60.34,2,5,Diesel,Automatic,BMW,Highway,First,34.42
3.79,152,2071,12260,70.42,7,1,Diesel,Manual,Honda,Mixed,Third,30.8
2.45,200,1642,21151,67.45,12,3,Electric,Manual,BMW,Mixed,Second,32.82
4.52,398,1509,15597,40.15,8,1,Electric,Automatic,Honda,Mixed,Second,23.36
3.9,169,1824,6419,73.11,7,3,Diesel,Automatic,BMW,Highway,Second,31.45
1.45,325,1180,16067,47.13,5,4,Electric,Manual,Honda,Mixed,Third,37.01
2.63,118,1308,5059,77.33,13,3,Electric,Manual,Toyota,City,Third,31.46
4.55,132,2283,7524,33.59,14,1,Petrol,Manual,Toyota,Mixed,Second,11.22
1.19,380,2328,25181,54.31,2,1,Electric,Automatic,Toyota,City,Third,31.73
4.85,359,1605,6578,59.86,7,3,Electric,Automatic,Honda,City,Second,20.39
3.72,174,1275,17598,42.38,12,1,Diesel,Manual,BMW,City,Second,31.57
3.53,174,2380,19527,68.57,4,3,Electric,Automatic,BMW,Mixed,Third,27.19
2.08,394,1753,28585,61.34,4,2,Electric,Manual,Hyundai,Highway,First,35.36
2.0,84,1648,21047,30.91,11,5,Electric,Automatic,Ford,City,Second,33.1
4.77,244,1696,5707,60.42,8,3,Diesel,Automatic,Toyota,City,Second,24.47
2.19,328,831,29549,54.57,0,2,Diesel,Manual,Toyota,Mixed,Third,40.83
4.1,280,917,10277,39.8,6,2,Electric,Automatic,Toyota,Mixed,Third,28.15
2.57,328,2007,6780,79.79,7,2,Diesel,Manual,Hyundai,City,Third,30.89
1.56,171,990,18811,74.86,10,2,Diesel,Automatic,Hyundai,Highway,Second,42.29
1.04,329,873,23797,44.63,9,3,Petrol,Manual,Hyundai,Mixed,First,27.28
3.18,228,1422,18145,57.05,2,1,Electric,Automatic,Toyota,City,First,29.79
4.9,114,1926,29134,45.83,7,2,Petrol,Automatic,BMW,Highway,First,15.37
2.48,370,1670,19662,68.77,0,4,Electric,Automatic,Toyota,Mixed,Second,31.43
2.43,320,1385,23545,76.52,7,2,Electric,Manual,Hyundai,Highway,Third,35.47
2.38,234,1219,16731,47.94,6,1,Petrol,Manual,Hyundai,City,First,21.35
3.08,262,1272,13800,70.28,3,1,Petrol,Automatic,Ford,Highway,First,21.2
2.76,78,913,21692,54.92,10,5,Electric,Automatic,Honda,City,First,33.58
4.52,134,2202,10439,49.83,6,5,Petrol,Manual,Ford,Mixed,Second,13.25
3.02,351,2136,9307,76.92,9,2,Petrol,Manual,Ford,City,Third,13.56
3.03,250,1129,7364,55.52,13,2,Diesel,Automatic,Toyota,City,Third,31.19
1.55,351,1138,21568,53.37,10,5,Electric,Automatic,Honda,Mixed,Third,34.87
4.93,348,1037,10324,63.62,6,2,Diesel,Manual,Honda,City,Third,26.95
2.0,99,1996,10483,43.06,12,4,Electric,Manual,Toyota,Highway,First,35.39
1.29,335,878,5245,46.24,9,3,Diesel,Manual,BMW,Mixed,Third,39.9
3.65,397,1263,13430,76.6,12,5,Electric,Automatic,Toyota,Highway,First,28.12
3.38,286,1404,13183,63.93,11,5,Diesel,Automatic,BMW,Mixed,Second,30.98
2.66,389,2324,10924,71.33,0,1,Electric,Manual,BMW,City,Second,27.34
2.69,174,1361,21903,43.56,2,2,Diesel,Manual,Honda,Highway,Second,40.24
4.14,253,1084,18901,57.19,6,5,Petrol,Automatic,Toyota,Mixed,Third,16.43
1.78,399,1022,8907,78.57,10,5,Electric,Automatic,Toyota,Highway,Third,34.96
4.28,217,1392,5276,45.94,12,4,Petrol,Automatic,Honda,Mixed,First,13.19
3.59,174,2089,10101,38.02,4,2,Diesel,Automatic,Ford,Mixed,Third,30.27
2.68,116,2490,19537,55.54,8,3,Electric,Manual,Toyota,Highway,Second,32.7
2.83,156,1172,17501,49.39,6,4,Diesel,Automatic,Hyundai,Highway,Third,38.39
2.03,378,2056,25957,37.98,2,3,Diesel,Automatic,Hyundai,Highway,First,36.59
4.01,198,1710,9603,74.43,14,1,Petrol,Automatic,Toyota,Highway,Second,15.12
3.05,327,1627,21335,79.54,0,5,Electric,Manual,BMW,Mixed,Second,31.62
2.28,383,1035,18386,58.43,4,4,Diesel,Manual,Honda,Highway,First,39.53
3.38,216,1470,9053,68.73,13,3,Petrol,Manual,BMW,Highway,Second,19.14
4.98,141,1627,28196,72.95,14,2,Petrol,Automatic,Hyundai,Highway,First,14.49
2.74,209,1562,11073,65.05,12,1,Petrol,Automatic,Hyundai,Highway,First,20.06
4.68,96,2137,21525,32.21,9,1,Petrol,Automatic,Honda,Highway,Third,14.54
2.38,98,1179,15561,37.88,12,5,Diesel,Automatic,Hyundai,Highway,Second,39.25
1.22,340,1593,23101,33.55,4,5,Diesel,Manual,Ford,City,Third,38.39
1.82,243,1413,17748,30.49,6,3,Diesel,Automatic,Hyundai,City,Third,36.23
2.67,322,1362,12313,45.3,13,3,Electric,Manual,BMW,Mixed,First,30.74
1.88,129,1219,10714,49.62,0,1,Electric,Automatic,BMW,Highway,First,39.15
1.0,176,851,21783,42.05,9,3,Petrol,Automatic,Ford,Highway,Third,29.95
4.66,289,1618,26147,33.23,1,5,Diesel,Automatic,BMW,Mixed,First,28.96
4.38,328,2466,14526,56.49,10,1,Petrol,Automatic,BMW,Highway,Second,10.83
3.97,215,2332,18582,43.67,5,1,Diesel,Automatic,BMW,Highway,Second,30.2
1.67,121,1004,15815,69.8,7,2,Electric,Automatic,Toyota,Highway,Third,39.79
1.48,129,1800,18760,30.4,3,2,Petrol,Manual,Ford,City,Second,24.17
1.27,103,1530,11255,72.13,2,3,Diesel,Manual,Ford,Highway,Third,44.21
3.9,165,1056,21622,77.74,2,3,Diesel,Manual,Hyundai,City,Second,34.02
4.72,158,984,8215,65.81,2,5,Diesel,Manual,Ford,Highway,First,34.17
2.72,385,944,12541,66.68,1,5,Petrol,Manual,Honda,Highway,Second,23.5
1.48,300,1837,8647,76.68,0,2,Electric,Automatic,Ford,Mixed,First,34.03
3.05,344,1045,26792,40.45,14,1,Diesel,Automatic,Honda,Mixed,Third,33.18
2.4,315,986,14808,79.73,4,4,Petrol,Manual,BMW,Highway,Second,24.87
2.5,180,2160,27724,68.67,9,4,Diesel,Automatic,Honda,Highway,First,35.96
3.49,303,2082,23813,66.33,4,3,Petrol,Automatic,Toyota,Highway,First,17.19
3.87,347,1665,8652,48.05,4,4,Electric,Automatic,BMW,City,Third,24.19
1.44,235,839,19028,57.29,3,4,Diesel,Automatic,Honda,Highway,Third,43.72
1.14,197,1400,18803,62.7,14,2,Petrol,Manual,BMW,Mixed,Second,25.35
4.98,306,2460,11307,61.02,2,1,Diesel,Automatic,Toyota,City,Second,21.91
1.93,360,1761,26524,65.25,11,5,Petrol,Manual,BMW,Highway,Second,22.77
1.22,176,2241,24262,34.12,2,2,Electric,Manual,BMW,City,First,35.54
1.76,197,1785,6535,47.78,1,5,Electric,Automatic,Ford,City,Third,32.72
1.16,264,2174,19932,51.7,4,2,Petrol,Automatic,Hyundai,City,Second,20.96
2.57,212,808,20749,43.03,3,2,Electric,Automatic,Honda,City,Second,34.14
4.21,180,1149,13727,38.63,5,4,Diesel,Manual,Hyundai,Highway,First,34.83
2.36,159,883,27638,36.95,1,5,Electric,Automatic,Toyota,Mixed,Second,37.61
2.78,320,1332,22332,48.32,1,2,Diesel,Manual,Toyota,City,First,35.0
3.7,349,1788,15834,54.67,7,4,Electric,Automatic,BMW,Mixed,First,25.79
3.04,293,1157,25325,33.15,5,3,Electric,Manual,Hyundai,City,Third,31.64
4.45,170,1177,14213,77.32,2,5,Diesel,Manual,Honda,Mixed,First,32.67
4.46,201,971,27987,68.26,4,2,Electric,Manual,Honda,City,Third,29.26
1.04,82,1848,20437,66.54,2,3,Diesel,Manual,BMW,City,First,41.31
4.11,167,1192,6403,38.64,10,4,Diesel,Manual,Honda,Highway,Third,33.68
2.84,189,1926,29203,60.19,1,2,Electric,Manual,Ford,Highway,First,35.38
4.96,362,1501,24895,56.49,2,4,Electric,Manual,Hyundai,City,Second,23.96
2.93,373,2059,24319,79.12,0,4,Diesel,Automatic,Toyota,Mixed,Third,31.99
4.95,268,2233,26262,67.38,13,4,Petrol,Manual,Honda,Highway,Third,12.15
4.02,70,1348,12506,58.79,6,5,Electric,Automatic,Honda,Highway,First,31.59
1.99,129,1583,12591,72.54,5,3,Electric,Automatic,Honda,Highway,Second,36.75
3.15,319,1131,17996,37.75,4,3,Petrol,Automatic,BMW,Highway,Second,20.93
4.97,209,2487,10060,30.76,5,1,Petrol,Manual,Toyota,City,Third,8.55
4.43,218,1593,24717,64.51,7,2,Electric,Manual,Hyundai,Mixed,Second,27.63
1.39,113,2355,20062,34.92,2,4,Electric,Automatic,Honda,Highway,Second,37.27
3.83,255,1448,6602,35.77,2,2,Electric,Manual,Ford,Highway,First,31.08
2.38,177,1782,29804,67.23,11,3,Petrol,Manual,BMW,Mixed,Second,21.72
1.03,113,1852,18472,43.53,4,3,Electric,Automatic,Hyundai,Highway,Second,39.72
2.61,147,1342,7196,61.43,4,4,Petrol,Automatic,Honda,Mixed,Second,21.16
1.94,295,1842,16091,75.87,13,5,Petrol,Automatic,Hyundai,City,Second,17.33
4.28,231,1971,20040,45.82,10,4,Diesel,Automatic,BMW,Highway,First,29.48
2.35,350,2294,21494,40.86,0,4,Petrol,Automatic,Ford,Mixed,First,18.04
4.31,322,1290,21016,35.33,3,1,Diesel,Automatic,Honda,Highway,Second,32.05
1.0,201,1082,11023,36.52,8,5,Petrol,Automatic,Ford,City,First,24.65
2.23,213,1661,25543,33.11,7,2,Petrol,Manual,BMW,Mixed,Third,22.59
1.96,335,2498,8867,34.38,2,5,Diesel,Manual,Ford,Mixed,First,33.6
1.93,178,912,14569,51.6,4,4,Diesel,Manual,BMW,Mixed,First,41.25
1.27,263,2278,12641,46.04,4,4,Diesel,Automatic,Ford,Highway,First,38.2
1.75,104,2485,10004,65.33,6,4,Diesel,Manual,Hyundai,Mixed,Third,36.45
3.22,344,2153,14963,73.51,7,4,Diesel,Automatic,Hyundai,Mixed,Third,29.05
2.17,256,2078,18796,69.24,8,4,Diesel,Automatic,BMW,Mixed,Third,33.85
2.67,312,2422,13204,56.53,6,5,Diesel,Automatic,Hyundai,City,First,28.78
2.51,333,2222,12077,35.12,14,4,Petrol,Manual,Ford,Mixed,Third,15.9
4.5,79,1661,17526,65.49,1,3,Petrol,Automatic,Ford,Mixed,Third,16.15
4.62,235,1409,8261,48.14,7,3,Diesel,Automatic,Honda,Mixed,First,27.95
2.97,98,1307,22046,34.28,7,1,Electric,Automatic,BMW,City,Second,31.86
2.32,340,2467,18397,72.12,10,2,Diesel,Manual,Hyundai,Mixed,First,31.78
1.43,156,1265,8390,46.91,12,3,Electric,Manual,BMW,Highway,First,38.94
4.81,92,1623,24402,40.91,13,1,Petrol,Automatic,Hyundai,Mixed,First,13.53
1.24,279,2230,20299,73.57,1,5,Petrol,Automatic,Honda,Highway,Second,24.4
2.19,115,1408,6902,75.11,12,2,Electric,Automatic,Ford,City,First,31.67
2.19,97,1921,25555,46.95,5,4,Petrol,Manual,Ford,City,First,22.06
2.28,95,1089,21712,47.74,12,4,Diesel,Automatic,Toyota,Mixed,Second,38.42
1.66,335,1667,14631,58.98,9,5,Electric,Automatic,BMW,Mixed,First,32.48
4.13,244,2480,20562,66.67,0,2,Electric,Manual,Hyundai,City,First,24.59
1.49,73,1979,18540,33.16,10,3,Petrol,Manual,Toyota,City,First,22.88
3.54,380,1581,27679,59.67,6,2,Electric,Manual,BMW,City,Second,27.51
1.5,391,961,8846,77.64,9,1,Electric,Manual,Hyundai,Highway,First,37.54
1.28,136,1423,17359,43.1,1,5,Electric,Manual,Honda,Highway,Second,41.81
4.64,204,1516,21608,75.44,14,3,Petrol,Manual,BMW,Mixed,Second,13.86
1.76,124,1920,7520,77.51,4,2,Electric,Automatic,Hyundai,Highway,Third,36.15
4.29,100,2200,13064,43.46,13,2,Electric,Manual,Ford,City,First,23.83
3.18,143,1366,25098,67.71,6,3,Diesel,Manual,BMW,Mixed,First,36.56
1.31,88,2273,23791,41.94,9,1,Diesel,Automatic,Hyundai,Highway,Third,40.17
4.82,225,1793,11683,66.88,10,1,Electric,Automatic,Ford,Mixed,Third,22.8
1.99,225,1940,22194,69.87,14,2,Petrol,Automatic,Ford,Highway,First,21.47
4.44,216,2428,28136,42.36,14,4,Electric,Manual,Toyota,Mixed,First,23.69
1.68,156,2329,8117,65.79,8,3,Petrol,Manual,Hyundai,City,Third,19.61
4.42,89,2012,26157,70.61,13,1,Diesel,Manual,Toyota,City,First,28.28
1.05,338,2299,20604,47.93,0,1,Diesel,Manual,Toyota,City,First,36.97
3.05,112,2146,24674,38.39,8,1,Electric,Manual,Honda,Highway,First,33.21
4.08,375,1395,17578,34.6,10,5,Petrol,Automatic,Toyota,Mixed,Third,13.22
4.74,97,2003,7251,58.77,4,4,Petrol,Automatic,Toyota,Mixed,Third,12.6
4.64,329,2004,18513,78.9,5,1,Petrol,Manual,Honda,Mixed,Second,12.01
4.28,91,1758,9661,71.15,13,4,Electric,Manual,Honda,Highway,Second,28.76
4.55,170,1812,19103,51.79,7,2,Petrol,Automatic,BMW,City,First,11.89
1.8,108,2110,25990,56.83,14,2,Diesel,Manual,Toyota,City,First,35.91
2.14,359,1274,11421,43.98,10,5,Petrol,Automatic,Ford,Mixed,Second,19.6
2.16,369,1417,24436,38.15,13,4,Petrol,Automatic,Honda,Mixed,Second,19.39
2.51,239,1440,29591,54.1,1,3,Electric,Automatic,Hyundai,Highway,Second,36.36
2.57,365,1061,25835,53.18,11,5,Electric,Automatic,BMW,Mixed,First,31.86
3.18,199,2346,9925,56.1,6,1,Electric,Automatic,BMW,Mixed,First,27.01
1.64,225,961,17202,77.64,11,2,Electric,Automatic,Toyota,Highway,Second,38.17
3.76,143,2310,7646,60.19,3,2,Electric,Automatic,Ford,Mixed,Third,26.32
1.67,159,980,24290,60.29,8,3,Petrol,Automatic,Honda,City,Second,24.47
2.24,136,1524,23130,36.4,5,5,Petrol,Manual,Hyundai,Highway,Third,26.14
3.01,305,1268,9309,79.82,6,4,Electric,Automatic,Toyota,City,Third,28.53
4.19,269,820,21832,68.64,10,2,Electric,Automatic,Ford,Mixed,First,28.54
3.96,296,2098,24396,73.86,5,1,Petrol,Automatic,Toyota,Mixed,Third,13.58
3.58,302,1059,22952,50.72,10,3,Electric,Automatic,Toyota,Highway,Third,31.33
1.62,335,2156,24875,55.11,7,3,Diesel,Automatic,BMW,Highway,Second,37.07
3.19,155,1265,17667,56.1,5,3,Petrol,Manual,Hyundai,Highway,Second,23.3
1.35,171,1939,12310,39.7,6,1,Diesel,Automatic,Hyundai,Highway,Third,39.85
2.51,283,2236,28267,64.47,7,3,Petrol,Manual,Hyundai,Mixed,Second,19.05
2.65,177,1336,19967,75.15,14,4,Petrol,Automatic,Hyundai,Mixed,Second,19.85
1.16,234,1751,27368,38.19,0,4,Petrol,Automatic,Honda,City,Second,24.16
2.1,160,1565,14239,34.32,14,5,Petrol,Manual,Honda,City,Second,20.27
4.82,261,1758,12088,66.91,9,5,Petrol,Manual,Hyundai,Highway,Third,13.91
4.81,155,1733,17822,43.66,11,4,Petrol,Automatic,Ford,Mixed,Third,12.16
2.41,291,1650,26152,61.19,3,1,Petrol,Automatic,Honda,Highway,Third,22.67
1.17,170,2080,22448,64.79,5,5,Electric,Manual,Honda,Highway,Third,39.14
1.72,295,1991,8821,46.1,0,3,Electric,Manual,Ford,Highway,Third,36.0
2.57,129,1332,6436,70.76,3,4,Electric,Automatic,Hyundai,Highway,First,35.66
4.79,319,2421,17897,57.5,5,2,Diesel,Manual,Toyota,Highway,Second,27.14
1.56,117,814,27481,73.45,6,1,Petrol,Manual,Honda,Mixed,First,29.22
4.05,186,849,23867,68.16,12,1,Electric,Manual,Toyota,City,Third,29.39
1.43,296,1798,12719,73.43,5,4,Electric,Manual,Toyota,Highway,Second,36.99
4.93,102,1103,26184,31.01,10,2,Electric,Manual,Ford,Mixed,Third,28.72
2.53,113,2310,27766,42.18,3,1,Petrol,Automatic,Hyundai,Highway,First,22.26
4.1,234,1215,26213,34.5,11,5,Petrol,Automatic,Toyota,Mixed,Third,16.03
2.37,361,1104,27537,52.1,12,2,Diesel,Automatic,Hyundai,City,Second,33.86
3.51,356,995,7794,74.5,6,3,Diesel,Automatic,BMW,City,Third,30.15
1.77,294,1612,16528,53.38,9,5,Petrol,Automatic,Hyundai,Mixed,Third,20.96
1.58,355,1599,28996,72.49,13,2,Diesel,Automatic,Ford,Highway,Second,38.16
4.75,273,1187,15082,46.36,1,4,Electric,Manual,Ford,City,First,26.18
4.67,241,1556,18018,46.98,5,1,Diesel,Manual,BMW,Highway,First,31.52
4.55,81,1254,22481,74.78,4,5,Electric,Manual,Ford,Highway,Second,32.45
3.5,376,1512,23022,51.29,1,4,Diesel,Automatic,Hyundai,Mixed,Second,31.77
4.23,190,1504,20584,69.49,8,2,Electric,Manual,Hyundai,Highway,First,30.39
1.28,313,1647,14850,41.83,12,3,Diesel,Manual,Hyundai,Mixed,Second,37.69
2.34,221,2481,13455,77.44,6,1,Diesel,Manual,Ford,Mixed,First,33.44
2.25,221,2133,16184,58.73,13,1,Petrol,Manual,Hyundai,Mixed,Third,18.91
3.54,257,1950,18207,67.97,2,5,Petrol,Manual,Honda,City,First,15.63
2.42,82,974,5160,34.48,14,4,Electric,Automatic,BMW,Highway,Second,35.86
1.59,160,1957,27290,54.63,6,2,Petrol,Automatic,Honda,Mixed,Third,23.35
3.39,269,1889,29886,75.05,10,2,Electric,Manual,Hyundai,Mixed,Second,29.19
4.26,143,2216,13418,73.85,10,4,Petrol,Manual,Ford,Highway,First,15.43
2.53,325,2188,29848,32.34,5,1,Petrol,Automatic,BMW,City,Third,16.41
1.53,345,1078,12081,45.18,6,4,Electric,Automatic,Honda,Mixed,First,35.19
1.79,397,1557,9412,52.17,3,2,Diesel,Manual,Hyundai,Mixed,Third,36.57
1.95,398,1162,15114,38.61,12,4,Electric,Manual,Ford,Mixed,Second,33.26
2.2,140,970,24541,66.5,12,1,Electric,Automatic,Hyundai,Mixed,First,35.8
3.57,147,1874,23722,39.23,9,5,Electric,Automatic,Honda,Highway,Third,30.62
3.4,353,2151,26972,47.33,12,1,Petrol,Manual,Honda,Mixed,Third,14.62
3.78,199,1464,22985,63.16,7,3,Petrol,Manual,BMW,City,Third,16.78
2.45,112,1391,10888,54.1,7,3,Petrol,Automatic,Ford,Highway,First,23.66
4.3,77,1730,8718,66.93,6,4,Electric,Manual,Toyota,City,Second,26.67
1.82,82,1968,26930,78.06,12,1,Diesel,Automatic,Hyundai,Highway,Second,39.39
2.88,282,1073,15614,35.83,6,1,Diesel,Manual,Ford,Highway,Third,38.12
4.2,180,1978,23309,65.48,9,2,Electric,Manual,Toyota,Highway,Second,28.99
1.72,360,1307,24299,41.52,12,5,Electric,Automatic,Ford,City,First,32.0
1.44,92,1162,28282,50.72,12,1,Diesel,Manual,Hyundai,City,Second,41.13
4.53,371,2148,13443,31.64,7,4,Petrol,Manual,Hyundai,Mixed,Second,10.62
2.37,323,1647,27036,36.8,0,2,Electric,Automatic,BMW,City,First,31.56
3.74,84,1454,24885,45.99,5,2,Diesel,Automatic,Honda,Mixed,First,34.13
1.1,199,1097,20203,47.1,1,4,Diesel,Automatic,Honda,Highway,Second,44.79
3.76,130,1293,21369,74.98,0,4,Diesel,Manual,Honda,Mixed,Second,35.9
2.26,184,1345,12274,67.09,11,1,Petrol,Automatic,BMW,City,Second,19.45
1.22,389,1103,20759,78.61,9,1,Diesel,Automatic,Honda,Highway,Third,40.7
3.44,377,2290,22986,59.95,6,2,Diesel,Automatic,Ford,Highway,First,30.28
1.96,394,1703,28743,42.09,5,2,Diesel,Automatic,Honda,Mixed,Third,35.54
2.55,136,1038,21897,46.38,4,5,Electric,Manual,Honda,Mixed,Third,36.93
1.32,318,1449,20104,45.99,14,2,Electric,Automatic,Hyundai,City,Third,32.54
1.59,244,2340,13633,46.32,4,4,Electric,Manual,BMW,Highway,Third,35.45
2.19,71,1683,13192,63.65,8,4,Diesel,Manual,BMW,Mixed,Second,38.16
1.36,241,1999,11501,56.54,8,5,Diesel,Automatic,Honda,Highway,First,38.33
4.64,353,1209,22286,49.27,11,3,Petrol,Automatic,Toyota,City,Second,11.06
1.02,123,1525,10719,37.45,11,3,Diesel,Automatic,Hyundai,Highway,First,41.91
2.94,136,2187,14412,31.11,5,4,Petrol,Manual,Honda,Mixed,Third,18.84
1.49,171,1846,29532,40.94,12,3,Diesel,Automatic,Toyota,City,First,36.53
2.23,189,1117,20963,35.37,14,3,Petrol,Automatic,Ford,City,First,20.42
4.7,260,1324,23705,69.27,2,5,Electric,Automatic,Hyundai,Highway,First,28.85
1.65,373,1704,5855,35.62,6,2,Diesel,Manual,BMW,Mixed,First,35.98
4.86,116,2099,6017,66.21,3,2,Petrol,Automatic,Toyota,Highway,Second,13.73
1.82,291,1823,10279,49.28,4,3,Electric,Manual,Honda,Highway,Third,35.71
3.97,90,2427,15412,33.67,6,1,Electric,Manual,Toyota,Highway,Second,29.13
3.19,227,1419,12712,70.64,14,5,Diesel,Manual,BMW,Mixed,Third,32.88
4.54,228,1752,20817,58.98,11,3,Petrol,Automatic,Ford,Highway,Second,14.35
3.22,304,2052,26064,41.79,6,1,Petrol,Automatic,Toyota,Highway,Second,17.95
3.14,219,2487,28456,74.73,14,1,Petrol,Manual,Honda,City,Second,14.16
1.78,326,1931,11624,32.26,9,5,Electric,Automatic,Toyota,City,First,29.52
1.66,234,1600,21579,40.09,7,2,Petrol,Manual,Ford,City,First,22.56
4.67,146,1715,20131,67.6,0,4,Electric,Automatic,Toyota,Mixed,First,26.98
2.31,154,1999,9694,65.47,4,1,Petrol,Automatic,Ford,Highway,First,21.92
2.49,115,1119,19047,44.46,14,4,Electric,Automatic,Ford,Highway,Second,35.81
4.04,116,2109,9651,33.1,11,4,Diesel,Manual,Hyundai,City,Second,27.87
2.36,282,1675,28375,72.9,8,5,Electric,Automatic,Hyundai,Highway,Third,34.14
4.81,128,1128,17726,45.68,14,2,Petrol,Manual,Honda,Mixed,First,15.28
3.95,123,1552,24081,39.79,6,5,Electric,Automatic,Honda,Highway,First,31.39
3.39,81,1456,16299,55.8,10,1,Petrol,Automatic,Honda,City,First,17.17
4.52,261,2179,22441,75.51,11,2,Diesel,Automatic,Ford,Mixed,First,25.65
1.2,75,1837,10207,32.18,12,3,Electric,Automatic,Ford,Highway,First,37.57
2.03,378,2098,15897,68.29,1,2,Diesel,Manual,Hyundai,Highway,First,37.0
2.86,213,870,7792,58.62,0,5,Electric,Manual,Ford,Highway,Second,37.19
1.91,330,1626,5420,51.27,7,5,Electric,Automatic,Hyundai,Mixed,First,31.53
3.98,142,2018,24198,67.2,8,4,Diesel,Manual,Toyota,Highway,First,33.3
4.68,243,1664,7840,78.29,9,3,Diesel,Manual,Honda,City,Second,26.07
2.7,301,1727,18437,41.46,4,2,Electric,Manual,Honda,City,Third,30.22
2.37,339,2346,22415,37.18,13,3,Electric,Automatic,BMW,City,Second,26.16
4.85,291,905,12639,75.64,10,4,Electric,Automatic,Hyundai,City,First,23.61
2.78,121,1569,22875,63.45,5,3,Diesel,Automatic,BMW,Mixed,Second,36.21
2.96,185,1692,9975,51.9,14,3,Petrol,Automatic,Honda,City,First,15.25
2.41,95,995,26331,58.66,1,2,Diesel,Manual,BMW,City,Second,40.42
4.64,122,944,21893,67.28,10,3,Electric,Manual,Toyota,City,Third,28.12
3.28,98,2173,23243,68.65,4,4,Electric,Automatic,BMW,Mixed,First,29.96
4.05,88,2247,20535,75.99,11,1,Diesel,Automatic,Toyota,Mixed,Second,28.83
4.25,372,1270,10061,51.34,3,1,Electric,Automatic,Honda,Highway,Second,27.83
2.37,348,1015,6858,44.67,7,5,Electric,Manual,Ford,City,Second,31.79
2.73,186,1916,18678,61.98,7,1,Electric,Automatic,Hyundai,Highway,First,32.64
4.39,175,1059,26991,50.79,13,2,Electric,Automatic,BMW,Mixed,Second,28.05
2.45,378,1733,7065,59.73,4,5,Electric,Automatic,Toyota,Highway,First,31.51
4.18,296,1374,19391,51.0,10,1,Petrol,Manual,Honda,Mixed,First,15.28
4.76,255,2364,24350,37.65,7,1,Diesel,Automatic,Honda,Highway,Third,27.2
3.49,330,1084,18346,53.47,5,5,Diesel,Manual,Ford,City,Third,32.44
3.97,85,1283,20237,64.55,9,2,Diesel,Automatic,Honda,Mixed,Second,32.86
4.22,342,1171,11773,69.96,5,5,Petrol,Automatic,Honda,Mixed,First,14.42
4.38,229,869,29276,54.67,12,2,Petrol,Automatic,Ford,Mixed,Second,16.46
2.58,319,1178,14788,38.26,14,2,Diesel,Manual,Honda,City,First,33.24
1.21,293,2102,19094,50.73,12,4,Diesel,Automatic,Toyota,City,First,34.2
2.61,325,1101,9442,69.31,3,1,Diesel,Manual,BMW,Mixed,Second,36.43
3.7,249,1054,14247,50.64,9,1,Electric,Automatic,BMW,Mixed,First,29.09
2.8,89,1743,18195,64.83,11,3,Petrol,Manual,Toyota,City,Second,19.12
4.0,181,1491,14215,55.36,10,5,Petrol,Automatic,BMW,City,First,13.74
2.43,189,2087,8204,42.06,2,4,Electric,Automatic,Honda,City,Second,29.56
3.54,263,1633,21959,69.81,8,1,Petrol,Manual,BMW,City,Second,15.9
1.75,180,1516,21582,34.21,4,3,Diesel,Manual,BMW,City,Third,38.77
4.0,279,1223,28807,56.24,9,4,Petrol,Automatic,Honda,City,Third,14.87
3.18,70,1012,6365,40.44,9,2,Electric,Automatic,BMW,Highway,First,34.43
1.82,127,2494,29218,33.35,3,1,Diesel,Automatic,Honda,City,Second,35.31
2.17,162,899,23382,55.15,5,5,Petrol,Manual,Ford,City,Second,24.76
3.99,290,1935,26734,54.98,13,4,Diesel,Automatic,Ford,Mixed,Second,27.86
2.93,280,1107,27828,65.35,3,3,Petrol,Manual,BMW,Mixed,Second,22.39
1.86,301,1477,22400,67.24,14,5,Diesel,Manual,Ford,Highway,Second,38.82
4.87,331,1274,25002,66.39,5,2,Electric,Manual,BMW,City,First,24.88
3.86,172,2371,5025,50.48,9,5,Electric,Automatic,Ford,Mixed,Third,24.17
4.83,119,911,8724,61.58,7,3,Petrol,Automatic,BMW,Mixed,Second,15.46
2.71,179,1910,8458,58.85,7,2,Petrol,Automatic,Hyundai,Highway,Second,20.0
2.9,157,982,27977,51.08,11,3,Diesel,Automatic,Toyota,City,Second,35.27
4.59,89,1396,15559,59.86,5,1,Electric,Manual,Ford,Mixed,First,28.98
3.1,83,964,28664,77.36,0,3,Diesel,Automatic,Honda,City,Third,37.63
3.83,202,1614,29453,39.64,12,5,Electric,Manual,Toyota,Highway,Third,31.16
2.01,365,889,9746,75.29,0,1,Diesel,Manual,BMW,Highway,Second,41.18
2.79,103,1254,28973,32.67,13,1,Diesel,Manual,Toyota,City,First,36.22
1.49,277,1037,18217,45.42,2,4,Diesel,Automatic,Honda,Highway,Third,42.48
1.82,370,1333,28362,44.41,1,5,Petrol,Automatic,Honda,Mixed,Third,23.3
1.0,268,1526,14067,61.32,0,5,Electric,Automatic,BMW,Highway,First,39.49
1.16,149,857,14133,36.56,0,2,Petrol,Manual,Ford,Highway,Third,31.96
4.91,140,1341,8041,74.12,11,3,Petrol,Manual,Ford,City,First,12.36
1.97,224,1821,12765,71.43,11,3,Diesel,Automatic,Hyundai,Mixed,Third,34.76
3.65,147,1417,10404,62.6,11,5,Electric,Manual,Honda,City,First,28.23
4.36,147,1201,5571,52.92,5,3,Petrol,Manual,Hyundai,City,Second,15.43
3.2,241,1805,13796,76.65,6,5,Diesel,Manual,Honda,City,Third,31.34
1.61,358,1641,17612,71.54,14,1,Electric,Automatic,Hyundai,Highway,Third,33.75
3.91,102,2489,20305,54.97,7,3,Electric,Automatic,Ford,Highway,Third,27.97
3.4,369,1638,26364,65.09,2,3,Petrol,Automatic,Honda,City,First,15.32
3.93,345,1318,13573,58.35,0,5,Diesel,Manual,Ford,Highway,Third,34.05
4.08,76,996,6236,59.4,4,5,Petrol,Automatic,Toyota,Highway,Third,20.44
4.9,229,845,7380,46.55,7,2,Electric,Automatic,Ford,City,First,24.54
3.29,309,1329,12177,53.1,11,3,Petrol,Manual,Honda,Mixed,Third,17.39
2.37,93,2220,19538,33.91,10,4,Diesel,Manual,Toyota,Mixed,Third,35.54
3.59,283,2488,16971,47.87,13,5,Electric,Automatic,Hyundai,Highway,First,25.48
1.27,139,1799,15297,64.79,10,4,Diesel,Automatic,BMW,Mixed,First,38.47
4.59,285,1575,6517,77.66,3,1,Diesel,Automatic,Honda,Mixed,First,27.46
1.48,173,873,22917,78.15,1,1,Electric,Manual,BMW,Highway,Third,43.12
2.31,284,2239,10887,57.79,8,4,Diesel,Automatic,BMW,Mixed,Second,31.87
4.26,123,2480,16486,60.33,11,1,Diesel,Manual,Toyota,Highway,First,29.79
3.39,363,2437,29243,39.29,12,4,Diesel,Automatic,Hyundai,City,Third,26.01
